{"textures":{"0":"modelengine:entity/em_bandit_b2"},"elements":[{"from":[5.7691517,8.137143,5.6481795],"to":[10.340581,12.708571,10.219608],"rotation":{"angle":0.0,"axis":"y","origin":[8.0,8.08,7.7665267]},"faces":{"east":{"uv":[3.004,2.504,3.996,3.496],"rotation":0,"texture":"#0","tintindex":0},"south":{"uv":[0.004,3.129,0.996,4.121],"rotation":0,"texture":"#0","tintindex":0},"north":{"uv":[3.004,1.504,3.996,2.496],"rotation":0,"texture":"#0","tintindex":0},"west":{"uv":[1.004,3.129,1.996,4.121],"rotation":0,"texture":"#0","tintindex":0},"up":{"uv":[2.996,4.121,2.004,3.129],"rotation":0,"texture":"#0","tintindex":0},"down":{"uv":[4.246,0.004,3.254,0.996],"rotation":0,"texture":"#0","tintindex":0}}},{"from":[5.7120085,8.08,5.591037],"to":[10.397723,12.765715,10.2767515],"rotation":{"angle":0.0,"axis":"y","origin":[8.0,8.08,7.7665267]},"faces":{"east":{"uv":[4.004,1.004,4.996,1.996],"rotation":0,"texture":"#0","tintindex":0},"south":{"uv":[4.004,2.004,4.996,2.996],"rotation":0,"texture":"#0","tintindex":0},"north":{"uv":[3.004,3.504,3.996,4.496],"rotation":0,"texture":"#0","tintindex":0},"west":{"uv":[4.004,3.004,4.996,3.996],"rotation":0,"texture":"#0","tintindex":0},"up":{"uv":[4.996,4.996,4.004,4.004],"rotation":0,"texture":"#0","tintindex":0},"down":{"uv":[0.996,4.129,0.004,5.121],"rotation":0,"texture":"#0","tintindex":0}}},{"from":[6.2834377,12.765715,5.591037],"to":[9.811835,13.351603,10.2767515],"rotation":{"angle":0.0,"axis":"y","origin":[8.0,12.765715,7.7665267]},"faces":{"east":{"uv":[9.504,7.504,10.496,7.621],"rotation":0,"texture":"#0","tintindex":0},"south":{"uv":[9.629,0.254,10.371,0.371],"rotation":0,"texture":"#0","tintindex":0},"north":{"uv":[8.004,4.004,8.746,4.121],"rotation":0,"texture":"#0","tintindex":0},"west":{"uv":[9.504,7.629,10.496,7.746],"rotation":0,"texture":"#0","tintindex":0},"up":{"uv":[0.746,6.121,0.004,5.129],"rotation":0,"texture":"#0","tintindex":0},"down":{"uv":[5.496,5.129,4.754,6.121],"rotation":0,"texture":"#0","tintindex":0}}},{"from":[10.0157795,13.839928,5.593894],"to":[10.838636,14.519928,10.273894],"rotation":{"angle":-45.0,"axis":"z","origin":[8.498636,14.179928,7.933894]},"faces":{"east":{"uv":[4.004,5.004,4.996,5.121],"rotation":0,"texture":"#0","tintindex":0},"south":{"uv":[5.879,7.504,5.996,7.621],"rotation":0,"texture":"#0","tintindex":0},"north":{"uv":[0.504,7.504,0.621,7.621],"rotation":0,"texture":"#0","tintindex":0},"west":{"uv":[9.504,3.129,10.496,3.246],"rotation":0,"texture":"#0","tintindex":0},"up":{"uv":[0.871,10.371,0.754,9.379],"rotation":0,"texture":"#0","tintindex":0},"down":{"uv":[5.121,9.379,5.004,10.371],"rotation":0,"texture":"#0","tintindex":0}}},{"from":[5.2710958,13.839928,5.593894],"to":[6.0939527,14.519928,10.273894],"rotation":{"angle":45.0,"axis":"z","origin":[7.611096,14.179928,7.933894]},"faces":{"east":{"uv":[9.504,7.754,10.496,7.871],"rotation":0,"texture":"#0","tintindex":0},"south":{"uv":[5.879,7.629,5.996,7.746],"rotation":0,"texture":"#0","tintindex":0},"north":{"uv":[1.004,7.629,1.121,7.746],"rotation":0,"texture":"#0","tintindex":0},"west":{"uv":[9.504,7.879,10.496,7.996],"rotation":0,"texture":"#0","tintindex":0},"up":{"uv":[9.246,10.371,9.129,9.379],"rotation":0,"texture":"#0","tintindex":0},"down":{"uv":[9.371,9.504,9.254,10.496],"rotation":0,"texture":"#0","tintindex":0}}}],"display":{"head":{"translation":[0.0,-6.4,0.0],"scale":[4.0,4.0,4.0]}}}