{"textures":{"0":"modelengine:entity/em_bandit_b2"},"elements":[{"from":[4.5579224,11.477148,6.9166937],"to":[11.408208,14.898863,9.766979],"rotation":{"angle":0.0,"axis":"y","origin":[9.411636,11.473719,7.770408]},"faces":{"east":{"uv":[5.379,6.629,5.996,7.371],"rotation":0,"texture":"#0","tintindex":0},"south":{"uv":[1.754,0.754,3.246,1.496],"rotation":0,"texture":"#0","tintindex":0},"north":{"uv":[1.754,0.004,3.246,0.746],"rotation":0,"texture":"#0","tintindex":0},"west":{"uv":[6.629,5.879,7.246,6.621],"rotation":0,"texture":"#0","tintindex":0},"up":{"uv":[2.496,4.746,1.004,4.129],"rotation":0,"texture":"#0","tintindex":0},"down":{"uv":[5.746,0.004,4.254,0.621],"rotation":0,"texture":"#0","tintindex":0}}},{"from":[4.4973507,11.416576,6.8561225],"to":[11.46878,14.959434,9.827551],"rotation":{"angle":0.0,"axis":"y","origin":[9.411636,11.473719,7.770408]},"faces":{"east":{"uv":[6.629,6.629,7.246,7.371],"rotation":0,"texture":"#0","tintindex":0},"south":{"uv":[1.504,2.379,2.996,3.121],"rotation":0,"texture":"#0","tintindex":0},"north":{"uv":[0.004,2.379,1.496,3.121],"rotation":0,"texture":"#0","tintindex":0},"west":{"uv":[6.754,0.004,7.371,0.746],"rotation":0,"texture":"#0","tintindex":0},"up":{"uv":[3.996,5.121,2.504,4.504],"rotation":0,"texture":"#0","tintindex":0},"down":{"uv":[2.496,4.754,1.004,5.371],"rotation":0,"texture":"#0","tintindex":0}}},{"from":[6.2807884,10.330862,5.770408],"to":[6.2807884,13.759434,6.913265],"rotation":{"angle":22.5,"axis":"y","origin":[6.2807884,12.616576,6.913265]},"faces":{"east":{"uv":[9.004,5.129,9.246,5.871],"rotation":0,"texture":"#0","tintindex":0},"south":{"uv":[0.004,0.004,0.004,0.746],"rotation":0,"texture":"#0","tintindex":0},"north":{"uv":[0.004,0.004,0.004,0.746],"rotation":0,"texture":"#0","tintindex":0},"west":{"uv":[5.379,9.004,5.621,9.746],"rotation":0,"texture":"#0","tintindex":0},"up":{"uv":[0.004,0.246,0.004,0.004],"rotation":0,"texture":"#0","tintindex":0},"down":{"uv":[0.004,0.004,0.004,0.246],"rotation":0,"texture":"#0","tintindex":0}}},{"from":[10.256771,11.473719,5.770408],"to":[10.256771,13.188005,6.913265],"rotation":{"angle":-22.5,"axis":"y","origin":[10.256771,12.045148,6.913265]},"faces":{"east":{"uv":[9.629,8.004,9.871,8.371],"rotation":0,"texture":"#0","tintindex":0},"south":{"uv":[0.004,0.004,0.004,0.371],"rotation":0,"texture":"#0","tintindex":0},"north":{"uv":[0.004,0.004,0.004,0.371],"rotation":0,"texture":"#0","tintindex":0},"west":{"uv":[8.379,9.629,8.621,9.996],"rotation":0,"texture":"#0","tintindex":0},"up":{"uv":[0.004,0.246,0.004,0.004],"rotation":0,"texture":"#0","tintindex":0},"down":{"uv":[0.004,0.004,0.004,0.246],"rotation":0,"texture":"#0","tintindex":0}}},{"from":[7.3567705,6.9022903,6.913265],"to":[8.499628,8.045148,9.198979],"rotation":{"angle":0.0,"axis":"y","origin":[9.3567705,6.9022903,7.770408]},"faces":{"east":{"uv":[6.879,9.504,7.371,9.746],"rotation":0,"texture":"#0","tintindex":0},"south":{"uv":[7.129,9.754,7.371,9.996],"rotation":0,"texture":"#0","tintindex":0},"north":{"uv":[6.879,9.754,7.121,9.996],"rotation":0,"texture":"#0","tintindex":0},"west":{"uv":[9.504,7.254,9.996,7.496],"rotation":0,"texture":"#0","tintindex":0},"up":{"uv":[2.371,9.871,2.129,9.379],"rotation":0,"texture":"#0","tintindex":0},"down":{"uv":[8.371,9.379,8.129,9.871],"rotation":0,"texture":"#0","tintindex":0}}},{"from":[7.3567705,7.616576,6.484694],"to":[8.499628,8.759433,6.770408],"rotation":{"angle":0.0,"axis":"y","origin":[9.3567705,6.4737186,7.0561223]},"faces":{"east":{"uv":[6.004,6.629,6.121,6.871],"rotation":0,"texture":"#0","tintindex":0},"south":{"uv":[9.754,6.254,9.996,6.496],"rotation":0,"texture":"#0","tintindex":0},"north":{"uv":[1.754,9.754,1.996,9.996],"rotation":0,"texture":"#0","tintindex":0},"west":{"uv":[7.129,5.629,7.246,5.871],"rotation":0,"texture":"#0","tintindex":0},"up":{"uv":[1.371,6.871,1.129,6.754],"rotation":0,"texture":"#0","tintindex":0},"down":{"uv":[7.246,7.379,7.004,7.496],"rotation":0,"texture":"#0","tintindex":0}}},{"from":[5.271056,7.959433,6.827551],"to":[10.585342,8.702291,9.284694],"rotation":{"angle":0.0,"axis":"y","origin":[9.3567705,6.9022903,7.770408]},"faces":{"east":{"uv":[9.754,6.004,10.246,6.121],"rotation":0,"texture":"#0","tintindex":0},"south":{"uv":[9.254,0.379,10.371,0.496],"rotation":0,"texture":"#0","tintindex":0},"north":{"uv":[9.129,2.379,10.246,2.496],"rotation":0,"texture":"#0","tintindex":0},"west":{"uv":[9.754,6.129,10.246,6.246],"rotation":0,"texture":"#0","tintindex":0},"up":{"uv":[6.621,2.621,5.504,2.129],"rotation":0,"texture":"#0","tintindex":0},"down":{"uv":[6.621,2.629,5.504,3.121],"rotation":0,"texture":"#0","tintindex":0}}},{"from":[6.2139134,9.1880045,9.770409],"to":[6.785342,9.759434,9.913265],"rotation":{"angle":0.0,"axis":"y","origin":[9.3567705,8.045148,7.770408]},"faces":{"east":{"uv":[6.629,3.004,6.746,3.121],"rotation":0,"texture":"#0","tintindex":0},"south":{"uv":[7.129,2.504,7.246,2.621],"rotation":0,"texture":"#0","tintindex":0},"north":{"uv":[0.629,6.629,0.746,6.746],"rotation":0,"texture":"#0","tintindex":0},"west":{"uv":[6.504,7.254,6.621,7.371],"rotation":0,"texture":"#0","tintindex":0},"up":{"uv":[0.621,7.496,0.504,7.379],"rotation":0,"texture":"#0","tintindex":0},"down":{"uv":[5.996,7.379,5.879,7.496],"rotation":0,"texture":"#0","tintindex":0}}},{"from":[5.6424847,8.045148,9.198979],"to":[7.3567705,10.330862,9.770409],"rotation":{"angle":0.0,"axis":"y","origin":[9.3567705,8.045148,7.770408]},"faces":{"east":{"uv":[5.379,6.129,5.496,6.621],"rotation":0,"texture":"#0","tintindex":0},"south":{"uv":[8.879,0.004,9.246,0.496],"rotation":0,"texture":"#0","tintindex":0},"north":{"uv":[0.004,8.879,0.371,9.371],"rotation":0,"texture":"#0","tintindex":0},"west":{"uv":[2.379,6.254,2.496,6.746],"rotation":0,"texture":"#0","tintindex":0},"up":{"uv":[10.246,8.621,9.879,8.504],"rotation":0,"texture":"#0","tintindex":0},"down":{"uv":[8.996,9.879,8.629,9.996],"rotation":0,"texture":"#0","tintindex":0}}},{"from":[10.571056,8.045148,6.913265],"to":[11.142485,9.759434,9.198979],"rotation":{"angle":0.0,"axis":"y","origin":[9.713914,8.045148,7.770408]},"faces":{"east":{"uv":[2.504,4.129,2.996,4.496],"rotation":0,"texture":"#0","tintindex":0},"south":{"uv":[6.629,2.629,6.746,2.996],"rotation":0,"texture":"#0","tintindex":0},"north":{"uv":[4.879,0.629,4.996,0.996],"rotation":0,"texture":"#0","tintindex":0},"west":{"uv":[8.754,6.879,9.246,7.246],"rotation":0,"texture":"#0","tintindex":0},"up":{"uv":[3.996,1.496,3.879,1.004],"rotation":0,"texture":"#0","tintindex":0},"down":{"uv":[0.746,6.129,0.629,6.621],"rotation":0,"texture":"#0","tintindex":0}}},{"from":[5.4116364,8.045148,6.913265],"to":[10.554494,11.473719,9.198979],"rotation":{"angle":0.0,"axis":"y","origin":[9.411636,8.045148,7.770408]},"faces":{"east":{"uv":[4.379,7.129,4.871,7.871],"rotation":0,"texture":"#0","tintindex":0},"south":{"uv":[3.629,5.129,4.746,5.871],"rotation":0,"texture":"#0","tintindex":0},"north":{"uv":[2.504,5.129,3.621,5.871],"rotation":0,"texture":"#0","tintindex":0},"west":{"uv":[7.129,4.379,7.621,5.121],"rotation":0,"texture":"#0","tintindex":0},"up":{"uv":[1.871,5.871,0.754,5.379],"rotation":0,"texture":"#0","tintindex":0},"down":{"uv":[6.621,1.629,5.504,2.121],"rotation":0,"texture":"#0","tintindex":0}}}],"display":{"head":{"translation":[0.0,-6.4,0.0],"scale":[4.0,4.0,4.0]}}}