{"textures":{"0":"modelengine:entity/em_bandit_b2"},"elements":[{"from":[6.399732,2.962449,6.84],"to":[8.719732,3.5681634,9.16],"rotation":{"angle":0.0,"axis":"y","origin":[4.702589,1.265306,7.428571]},"faces":{"east":{"uv":[9.879,5.004,10.371,5.121],"rotation":0,"texture":"#0","tintindex":0},"south":{"uv":[5.129,9.879,5.621,9.996],"rotation":0,"texture":"#0","tintindex":0},"north":{"uv":[9.879,4.879,10.371,4.996],"rotation":0,"texture":"#0","tintindex":0},"west":{"uv":[9.879,5.129,10.371,5.246],"rotation":0,"texture":"#0","tintindex":0},"up":{"uv":[5.621,8.996,5.129,8.504],"rotation":0,"texture":"#0","tintindex":0},"down":{"uv":[8.996,5.879,8.504,6.371],"rotation":0,"texture":"#0","tintindex":0}}},{"from":[6.3311605,1.7510204,6.7714286],"to":[8.788303,2.493877,9.228572],"rotation":{"angle":0.0,"axis":"y","origin":[4.702589,1.265306,7.428571]},"faces":{"east":{"uv":[3.129,9.879,3.621,9.996],"rotation":0,"texture":"#0","tintindex":0},"south":{"uv":[3.629,9.879,4.121,9.996],"rotation":0,"texture":"#0","tintindex":0},"north":{"uv":[2.629,9.879,3.121,9.996],"rotation":0,"texture":"#0","tintindex":0},"west":{"uv":[4.129,9.879,4.621,9.996],"rotation":0,"texture":"#0","tintindex":0},"up":{"uv":[8.996,3.496,8.504,3.004],"rotation":0,"texture":"#0","tintindex":0},"down":{"uv":[8.996,3.504,8.504,3.996],"rotation":0,"texture":"#0","tintindex":0}}},{"from":[6.416875,4.693877,6.5714283],"to":[8.702589,8.693877,9.428572],"rotation":{"angle":0.0,"axis":"y","origin":[7.5597324,6.693877,8.0]},"faces":{"east":{"uv":[5.504,5.754,6.121,6.621],"rotation":0,"texture":"#0","tintindex":0},"south":{"uv":[3.379,6.754,3.871,7.621],"rotation":0,"texture":"#0","tintindex":0},"north":{"uv":[2.879,6.754,3.371,7.621],"rotation":0,"texture":"#0","tintindex":0},"west":{"uv":[0.754,5.879,1.371,6.746],"rotation":0,"texture":"#0","tintindex":0},"up":{"uv":[6.996,7.996,6.504,7.379],"rotation":0,"texture":"#0","tintindex":0},"down":{"uv":[7.496,7.504,7.004,8.121],"rotation":0,"texture":"#0","tintindex":0}}},{"from":[5.274018,5.265306,6.5714283],"to":[6.416875,8.693877,6.5714283],"rotation":{"angle":-45.0,"axis":"y","origin":[6.416875,7.5510206,6.5714283]},"faces":{"east":{"uv":[0.004,0.004,0.004,0.746],"rotation":0,"texture":"#0","tintindex":0},"south":{"uv":[9.004,3.254,9.246,3.996],"rotation":0,"texture":"#0","tintindex":0},"north":{"uv":[4.879,8.629,5.121,9.371],"rotation":0,"texture":"#0","tintindex":0},"west":{"uv":[0.004,0.004,0.004,0.746],"rotation":0,"texture":"#0","tintindex":0},"up":{"uv":[0.246,0.004,0.004,0.004],"rotation":0,"texture":"#0","tintindex":0},"down":{"uv":[0.246,0.004,0.004,0.004],"rotation":0,"texture":"#0","tintindex":0}}},{"from":[5.273799,8.69335,6.5714283],"to":[6.4166565,8.69335,9.428572],"rotation":{"angle":-22.5,"axis":"z","origin":[6.4166565,8.69335,7.714286]},"faces":{"east":{"uv":[0.004,0.004,0.621,0.004],"rotation":0,"texture":"#0","tintindex":0},"south":{"uv":[0.004,0.004,0.246,0.004],"rotation":0,"texture":"#0","tintindex":0},"north":{"uv":[0.004,0.004,0.246,0.004],"rotation":0,"texture":"#0","tintindex":0},"west":{"uv":[0.004,0.004,0.621,0.004],"rotation":0,"texture":"#0","tintindex":0},"up":{"uv":[9.246,9.371,9.004,8.754],"rotation":0,"texture":"#0","tintindex":0},"down":{"uv":[9.371,0.504,9.129,1.121],"rotation":0,"texture":"#0","tintindex":0}}},{"from":[5.274018,5.265306,9.428572],"to":[6.416875,8.693877,9.428572],"rotation":{"angle":45.0,"axis":"y","origin":[6.416875,7.5510206,9.428572]},"faces":{"east":{"uv":[0.004,0.004,0.004,0.746],"rotation":0,"texture":"#0","tintindex":0},"south":{"uv":[5.129,9.004,5.371,9.746],"rotation":0,"texture":"#0","tintindex":0},"north":{"uv":[9.004,4.379,9.246,5.121],"rotation":0,"texture":"#0","tintindex":0},"west":{"uv":[0.004,0.004,0.004,0.746],"rotation":0,"texture":"#0","tintindex":0},"up":{"uv":[0.246,0.004,0.004,0.004],"rotation":0,"texture":"#0","tintindex":0},"down":{"uv":[0.246,0.004,0.004,0.004],"rotation":0,"texture":"#0","tintindex":0}}},{"from":[6.420875,4.6978774,6.5754285],"to":[8.698589,8.6898775,9.424572],"rotation":{"angle":0.0,"axis":"y","origin":[7.5597324,6.693877,8.0]},"faces":{"east":{"uv":[5.504,4.004,6.121,4.871],"rotation":0,"texture":"#0","tintindex":0},"south":{"uv":[6.754,2.629,7.246,3.496],"rotation":0,"texture":"#0","tintindex":0},"north":{"uv":[2.379,6.754,2.871,7.621],"rotation":0,"texture":"#0","tintindex":0},"west":{"uv":[5.504,4.879,6.121,5.746],"rotation":0,"texture":"#0","tintindex":0},"up":{"uv":[7.871,0.621,7.379,0.004],"rotation":0,"texture":"#0","tintindex":0},"down":{"uv":[5.621,7.379,5.129,7.996],"rotation":0,"texture":"#0","tintindex":0}}},{"from":[6.359732,0.06530571,6.8],"to":[8.759732,1.8938775,9.2],"rotation":{"angle":0.0,"axis":"y","origin":[4.988303,-1.5918379,7.428571]},"faces":{"east":{"uv":[5.629,8.879,6.121,9.246],"rotation":0,"texture":"#0","tintindex":0},"south":{"uv":[1.879,9.004,2.371,9.371],"rotation":0,"texture":"#0","tintindex":0},"north":{"uv":[4.254,8.879,4.746,9.246],"rotation":0,"texture":"#0","tintindex":0},"west":{"uv":[9.004,2.879,9.496,3.246],"rotation":0,"texture":"#0","tintindex":0},"up":{"uv":[1.996,8.871,1.504,8.379],"rotation":0,"texture":"#0","tintindex":0},"down":{"uv":[4.871,8.379,4.379,8.871],"rotation":0,"texture":"#0","tintindex":0}}},{"from":[6.416875,1.8367343,6.857143],"to":[8.702589,4.693877,9.142858],"rotation":{"angle":0.0,"axis":"y","origin":[4.702589,1.265306,7.428571]},"faces":{"east":{"uv":[7.254,5.629,7.746,6.246],"rotation":0,"texture":"#0","tintindex":0},"south":{"uv":[7.254,6.254,7.746,6.871],"rotation":0,"texture":"#0","tintindex":0},"north":{"uv":[7.254,3.754,7.746,4.371],"rotation":0,"texture":"#0","tintindex":0},"west":{"uv":[7.254,6.879,7.746,7.496],"rotation":0,"texture":"#0","tintindex":0},"up":{"uv":[8.871,0.496,8.379,0.004],"rotation":0,"texture":"#0","tintindex":0},"down":{"uv":[1.496,8.379,1.004,8.871],"rotation":0,"texture":"#0","tintindex":0}}}],"display":{"head":{"translation":[0.0,-6.4,0.0],"scale":[4.0,4.0,4.0]}}}