{"textures":{"0":"modelengine:entity/em_bandit_b2"},"elements":[{"from":[6.857143,4.214286,7.0714283],"to":[9.142858,8.785714,9.357143],"rotation":{"angle":0.0,"axis":"y","origin":[8.0,8.5,8.214286]},"faces":{"east":{"uv":[4.379,6.129,4.871,7.121],"rotation":0,"texture":"#0","tintindex":0},"south":{"uv":[4.879,6.129,5.371,7.121],"rotation":0,"texture":"#0","tintindex":0},"north":{"uv":[1.379,5.879,1.871,6.871],"rotation":0,"texture":"#0","tintindex":0},"west":{"uv":[6.129,4.879,6.621,5.871],"rotation":0,"texture":"#0","tintindex":0},"up":{"uv":[8.246,7.496,7.754,7.004],"rotation":0,"texture":"#0","tintindex":0},"down":{"uv":[0.496,7.879,0.004,8.371],"rotation":0,"texture":"#0","tintindex":0}}},{"from":[7.142857,-1.5,6.214286],"to":[8.857143,-0.3571434,9.071428],"rotation":{"angle":0.0,"axis":"y","origin":[9.142858,13.357143,7.928571]},"faces":{"east":{"uv":[9.004,8.004,9.621,8.246],"rotation":0,"texture":"#0","tintindex":0},"south":{"uv":[3.379,9.629,3.746,9.871],"rotation":0,"texture":"#0","tintindex":0},"north":{"uv":[9.629,3.254,9.996,3.496],"rotation":0,"texture":"#0","tintindex":0},"west":{"uv":[9.004,8.254,9.621,8.496],"rotation":0,"texture":"#0","tintindex":0},"up":{"uv":[2.371,8.996,2.004,8.379],"rotation":0,"texture":"#0","tintindex":0},"down":{"uv":[8.996,4.379,8.629,4.996],"rotation":0,"texture":"#0","tintindex":0}}},{"from":[7.1457143,2.3482294,8.019018],"to":[8.854286,4.056801,9.15616],"rotation":{"angle":22.5,"axis":"x","origin":[8.0,3.4882298,8.444733]},"faces":{"east":{"uv":[5.629,8.504,5.871,8.871],"rotation":0,"texture":"#0","tintindex":0},"south":{"uv":[9.254,3.629,9.621,3.996],"rotation":0,"texture":"#0","tintindex":0},"north":{"uv":[3.504,9.254,3.871,9.621],"rotation":0,"texture":"#0","tintindex":0},"west":{"uv":[2.379,9.629,2.621,9.996],"rotation":0,"texture":"#0","tintindex":0},"up":{"uv":[2.996,9.871,2.629,9.629],"rotation":0,"texture":"#0","tintindex":0},"down":{"uv":[3.371,9.629,3.004,9.871],"rotation":0,"texture":"#0","tintindex":0}}},{"from":[7.142857,3.642857,7.0714283],"to":[8.857143,4.214286,9.357143],"rotation":{"angle":0.0,"axis":"y","origin":[8.0,7.928571,8.214286]},"faces":{"east":{"uv":[9.754,0.629,10.246,0.746],"rotation":0,"texture":"#0","tintindex":0},"south":{"uv":[7.879,0.504,8.246,0.621],"rotation":0,"texture":"#0","tintindex":0},"north":{"uv":[7.379,0.629,7.746,0.746],"rotation":0,"texture":"#0","tintindex":0},"west":{"uv":[9.754,0.754,10.246,0.871],"rotation":0,"texture":"#0","tintindex":0},"up":{"uv":[9.121,1.496,8.754,1.004],"rotation":0,"texture":"#0","tintindex":0},"down":{"uv":[2.746,8.754,2.379,9.246],"rotation":0,"texture":"#0","tintindex":0}}},{"from":[7.142857,1.9285712,7.0714283],"to":[8.857143,3.642857,8.785714],"rotation":{"angle":0.0,"axis":"y","origin":[9.142858,14.5,7.928571]},"faces":{"east":{"uv":[1.379,9.254,1.746,9.621],"rotation":0,"texture":"#0","tintindex":0},"south":{"uv":[2.379,9.254,2.746,9.621],"rotation":0,"texture":"#0","tintindex":0},"north":{"uv":[9.254,0.004,9.621,0.371],"rotation":0,"texture":"#0","tintindex":0},"west":{"uv":[2.754,9.254,3.121,9.621],"rotation":0,"texture":"#0","tintindex":0},"up":{"uv":[3.496,9.621,3.129,9.254],"rotation":0,"texture":"#0","tintindex":0},"down":{"uv":[9.621,3.254,9.254,3.621],"rotation":0,"texture":"#0","tintindex":0}}},{"from":[6.8,1.871428,7.0],"to":[9.2,2.5571427,9.4],"rotation":{"angle":0.0,"axis":"y","origin":[9.142858,13.357143,8.2]},"faces":{"east":{"uv":[7.754,1.254,8.246,1.371],"rotation":0,"texture":"#0","tintindex":0},"south":{"uv":[8.129,2.379,8.621,2.496],"rotation":0,"texture":"#0","tintindex":0},"north":{"uv":[7.629,5.004,8.121,5.121],"rotation":0,"texture":"#0","tintindex":0},"west":{"uv":[0.254,9.754,0.746,9.871],"rotation":0,"texture":"#0","tintindex":0},"up":{"uv":[8.371,0.496,7.879,0.004],"rotation":0,"texture":"#0","tintindex":0},"down":{"uv":[2.371,7.879,1.879,8.371],"rotation":0,"texture":"#0","tintindex":0}}},{"from":[7.142857,0.78571415,7.0714283],"to":[8.857143,1.9285712,9.357143],"rotation":{"angle":0.0,"axis":"y","origin":[9.142858,13.357143,7.928571]},"faces":{"east":{"uv":[8.129,4.879,8.621,5.121],"rotation":0,"texture":"#0","tintindex":0},"south":{"uv":[1.379,9.629,1.746,9.871],"rotation":0,"texture":"#0","tintindex":0},"north":{"uv":[9.629,0.004,9.996,0.246],"rotation":0,"texture":"#0","tintindex":0},"west":{"uv":[9.379,6.629,9.871,6.871],"rotation":0,"texture":"#0","tintindex":0},"up":{"uv":[7.121,4.871,6.754,4.379],"rotation":0,"texture":"#0","tintindex":0},"down":{"uv":[9.121,0.504,8.754,0.996],"rotation":0,"texture":"#0","tintindex":0}}},{"from":[7.142857,-0.3571434,7.0714283],"to":[8.857143,0.78571415,8.785714],"rotation":{"angle":0.0,"axis":"y","origin":[9.142858,13.357143,7.928571]},"faces":{"east":{"uv":[7.254,1.379,7.621,1.621],"rotation":0,"texture":"#0","tintindex":0},"south":{"uv":[6.129,7.754,6.496,7.996],"rotation":0,"texture":"#0","tintindex":0},"north":{"uv":[4.379,5.879,4.746,6.121],"rotation":0,"texture":"#0","tintindex":0},"west":{"uv":[9.379,9.504,9.746,9.746],"rotation":0,"texture":"#0","tintindex":0},"up":{"uv":[7.996,8.496,7.629,8.129],"rotation":0,"texture":"#0","tintindex":0},"down":{"uv":[8.621,1.504,8.254,1.871],"rotation":0,"texture":"#0","tintindex":0}}},{"from":[6.8,0.72857094,7.0142856],"to":[9.2,1.4142857,9.414286],"rotation":{"angle":-22.5,"axis":"z","origin":[8.0,1.0714283,8.214286]},"faces":{"east":{"uv":[5.129,9.754,5.621,9.871],"rotation":0,"texture":"#0","tintindex":0},"south":{"uv":[9.754,5.879,10.246,5.996],"rotation":0,"texture":"#0","tintindex":0},"north":{"uv":[4.504,9.754,4.996,9.871],"rotation":0,"texture":"#0","tintindex":0},"west":{"uv":[6.004,9.754,6.496,9.871],"rotation":0,"texture":"#0","tintindex":0},"up":{"uv":[8.621,4.871,8.129,4.379],"rotation":0,"texture":"#0","tintindex":0},"down":{"uv":[7.121,8.129,6.629,8.621],"rotation":0,"texture":"#0","tintindex":0}}},{"from":[6.7714286,0.6999998,6.985714],"to":[9.228572,1.4428568,9.442858],"rotation":{"angle":22.5,"axis":"z","origin":[8.0,1.0714283,8.214286]},"faces":{"east":{"uv":[9.754,4.004,10.246,4.121],"rotation":0,"texture":"#0","tintindex":0},"south":{"uv":[9.754,4.129,10.246,4.246],"rotation":0,"texture":"#0","tintindex":0},"north":{"uv":[9.754,2.754,10.246,2.871],"rotation":0,"texture":"#0","tintindex":0},"west":{"uv":[9.754,4.254,10.246,4.371],"rotation":0,"texture":"#0","tintindex":0},"up":{"uv":[8.496,8.496,8.004,8.004],"rotation":0,"texture":"#0","tintindex":0},"down":{"uv":[8.621,1.879,8.129,2.371],"rotation":0,"texture":"#0","tintindex":0}}}],"display":{"head":{"translation":[0.0,-6.4,0.0],"scale":[4.0,4.0,4.0]}}}