{"textures":{"0":"modelengine:entity/em_bandit_b2"},"elements":[{"from":[6.857143,4.214286,7.0714283],"to":[9.142858,8.785714,9.357143],"rotation":{"angle":0.0,"axis":"y","origin":[8.0,6.785714,8.214286]},"faces":{"east":{"uv":[1.879,6.254,2.371,7.246],"rotation":0,"texture":"#0","tintindex":0},"south":{"uv":[6.629,1.629,7.121,2.621],"rotation":0,"texture":"#0","tintindex":0},"north":{"uv":[6.129,5.879,6.621,6.871],"rotation":0,"texture":"#0","tintindex":0},"west":{"uv":[6.629,4.879,7.121,5.871],"rotation":0,"texture":"#0","tintindex":0},"up":{"uv":[4.871,8.371,4.379,7.879],"rotation":0,"texture":"#0","tintindex":0},"down":{"uv":[8.496,3.004,8.004,3.496],"rotation":0,"texture":"#0","tintindex":0}}},{"from":[7.142857,-1.5,6.214286],"to":[8.857143,-0.3571434,9.071428],"rotation":{"angle":0.0,"axis":"y","origin":[6.857143,13.357143,7.928571]},"faces":{"east":{"uv":[8.379,9.004,8.996,9.246],"rotation":0,"texture":"#0","tintindex":0},"south":{"uv":[9.629,6.879,9.996,7.121],"rotation":0,"texture":"#0","tintindex":0},"north":{"uv":[6.504,9.629,6.871,9.871],"rotation":0,"texture":"#0","tintindex":0},"west":{"uv":[9.004,8.504,9.621,8.746],"rotation":0,"texture":"#0","tintindex":0},"up":{"uv":[8.996,5.621,8.629,5.004],"rotation":0,"texture":"#0","tintindex":0},"down":{"uv":[6.996,8.629,6.629,9.246],"rotation":0,"texture":"#0","tintindex":0}}},{"from":[7.1457143,2.3482294,8.019018],"to":[8.854286,4.056801,9.15616],"rotation":{"angle":22.5,"axis":"x","origin":[8.0,3.4882298,8.444733]},"faces":{"east":{"uv":[9.629,4.879,9.871,5.246],"rotation":0,"texture":"#0","tintindex":0},"south":{"uv":[8.379,9.254,8.746,9.621],"rotation":0,"texture":"#0","tintindex":0},"north":{"uv":[9.254,6.879,9.621,7.246],"rotation":0,"texture":"#0","tintindex":0},"west":{"uv":[9.629,5.254,9.871,5.621],"rotation":0,"texture":"#0","tintindex":0},"up":{"uv":[5.996,9.871,5.629,9.629],"rotation":0,"texture":"#0","tintindex":0},"down":{"uv":[9.996,5.629,9.629,5.871],"rotation":0,"texture":"#0","tintindex":0}}},{"from":[7.142857,3.642857,7.0714283],"to":[8.857143,4.214286,9.357143],"rotation":{"angle":0.0,"axis":"y","origin":[6.857143,15.071428,7.928571]},"faces":{"east":{"uv":[9.754,1.379,10.246,1.496],"rotation":0,"texture":"#0","tintindex":0},"south":{"uv":[9.879,8.379,10.246,8.496],"rotation":0,"texture":"#0","tintindex":0},"north":{"uv":[6.629,8.004,6.996,8.121],"rotation":0,"texture":"#0","tintindex":0},"west":{"uv":[9.754,1.504,10.246,1.621],"rotation":0,"texture":"#0","tintindex":0},"up":{"uv":[3.871,9.246,3.504,8.754],"rotation":0,"texture":"#0","tintindex":0},"down":{"uv":[4.246,8.754,3.879,9.246],"rotation":0,"texture":"#0","tintindex":0}}},{"from":[7.142857,1.9285712,7.0714283],"to":[8.857143,3.642857,8.785714],"rotation":{"angle":0.0,"axis":"y","origin":[6.857143,14.5,7.928571]},"faces":{"east":{"uv":[9.254,4.754,9.621,5.121],"rotation":0,"texture":"#0","tintindex":0},"south":{"uv":[9.254,5.129,9.621,5.496],"rotation":0,"texture":"#0","tintindex":0},"north":{"uv":[9.254,4.379,9.621,4.746],"rotation":0,"texture":"#0","tintindex":0},"west":{"uv":[9.254,5.504,9.621,5.871],"rotation":0,"texture":"#0","tintindex":0},"up":{"uv":[5.996,9.621,5.629,9.254],"rotation":0,"texture":"#0","tintindex":0},"down":{"uv":[6.871,9.254,6.504,9.621],"rotation":0,"texture":"#0","tintindex":0}}},{"from":[6.8,1.871428,7.0],"to":[9.2,2.5571427,9.4],"rotation":{"angle":0.0,"axis":"y","origin":[6.857143,13.357143,8.2]},"faces":{"east":{"uv":[9.754,1.004,10.246,1.121],"rotation":0,"texture":"#0","tintindex":0},"south":{"uv":[9.754,1.129,10.246,1.246],"rotation":0,"texture":"#0","tintindex":0},"north":{"uv":[9.754,0.879,10.246,0.996],"rotation":0,"texture":"#0","tintindex":0},"west":{"uv":[9.754,1.254,10.246,1.371],"rotation":0,"texture":"#0","tintindex":0},"up":{"uv":[8.496,3.996,8.004,3.504],"rotation":0,"texture":"#0","tintindex":0},"down":{"uv":[5.621,8.004,5.129,8.496],"rotation":0,"texture":"#0","tintindex":0}}},{"from":[7.142857,0.78571415,7.0714283],"to":[8.857143,1.9285712,9.357143],"rotation":{"angle":0.0,"axis":"y","origin":[6.857143,13.357143,7.928571]},"faces":{"east":{"uv":[9.504,2.879,9.996,3.121],"rotation":0,"texture":"#0","tintindex":0},"south":{"uv":[9.629,4.629,9.996,4.871],"rotation":0,"texture":"#0","tintindex":0},"north":{"uv":[9.629,4.379,9.996,4.621],"rotation":0,"texture":"#0","tintindex":0},"west":{"uv":[6.004,9.504,6.496,9.746],"rotation":0,"texture":"#0","tintindex":0},"up":{"uv":[3.121,9.246,2.754,8.754],"rotation":0,"texture":"#0","tintindex":0},"down":{"uv":[3.496,8.754,3.129,9.246],"rotation":0,"texture":"#0","tintindex":0}}},{"from":[6.8,0.72857094,7.0142856],"to":[9.2,1.4142857,9.414286],"rotation":{"angle":22.5,"axis":"z","origin":[8.0,1.0714283,8.214286]},"faces":{"east":{"uv":[9.754,1.754,10.246,1.871],"rotation":0,"texture":"#0","tintindex":0},"south":{"uv":[9.754,1.879,10.246,1.996],"rotation":0,"texture":"#0","tintindex":0},"north":{"uv":[9.754,1.629,10.246,1.746],"rotation":0,"texture":"#0","tintindex":0},"west":{"uv":[9.754,2.004,10.246,2.121],"rotation":0,"texture":"#0","tintindex":0},"up":{"uv":[8.496,6.371,8.004,5.879],"rotation":0,"texture":"#0","tintindex":0},"down":{"uv":[6.621,8.004,6.129,8.496],"rotation":0,"texture":"#0","tintindex":0}}},{"from":[6.7714286,0.6999998,6.985714],"to":[9.228572,1.4428568,9.442858],"rotation":{"angle":-22.5,"axis":"z","origin":[8.0,1.0714283,8.214286]},"faces":{"east":{"uv":[9.754,2.254,10.246,2.371],"rotation":0,"texture":"#0","tintindex":0},"south":{"uv":[9.754,2.504,10.246,2.621],"rotation":0,"texture":"#0","tintindex":0},"north":{"uv":[9.754,2.129,10.246,2.246],"rotation":0,"texture":"#0","tintindex":0},"west":{"uv":[9.754,2.629,10.246,2.746],"rotation":0,"texture":"#0","tintindex":0},"up":{"uv":[8.496,6.871,8.004,6.379],"rotation":0,"texture":"#0","tintindex":0},"down":{"uv":[8.496,7.504,8.004,7.996],"rotation":0,"texture":"#0","tintindex":0}}},{"from":[7.142857,-0.3571434,7.0714283],"to":[8.857143,0.78571415,8.785714],"rotation":{"angle":0.0,"axis":"y","origin":[6.857143,13.357143,7.928571]},"faces":{"east":{"uv":[3.754,9.629,4.121,9.871],"rotation":0,"texture":"#0","tintindex":0},"south":{"uv":[9.629,3.754,9.996,3.996],"rotation":0,"texture":"#0","tintindex":0},"north":{"uv":[9.629,3.504,9.996,3.746],"rotation":0,"texture":"#0","tintindex":0},"west":{"uv":[4.129,9.629,4.496,9.871],"rotation":0,"texture":"#0","tintindex":0},"up":{"uv":[4.246,9.621,3.879,9.254],"rotation":0,"texture":"#0","tintindex":0},"down":{"uv":[4.621,9.254,4.254,9.621],"rotation":0,"texture":"#0","tintindex":0}}}],"display":{"head":{"translation":[0.0,-6.4,0.0],"scale":[4.0,4.0,4.0]}}}