{"textures":{"0":"modelengine:entity/em_bandit_b2"},"elements":[{"from":[8.054866,0.25348663,3.9804182],"to":[9.197723,1.3963442,9.123276],"rotation":{"angle":0.0,"axis":"y","origin":[8.34058,0.8249154,6.2661324]},"faces":{"east":{"uv":[7.754,2.504,8.871,2.746],"rotation":0,"texture":"#0","tintindex":0},"south":{"uv":[5.129,7.129,5.371,7.371],"rotation":0,"texture":"#0","tintindex":0},"north":{"uv":[0.754,5.129,0.996,5.371],"rotation":0,"texture":"#0","tintindex":0},"west":{"uv":[7.754,2.754,8.871,2.996],"rotation":0,"texture":"#0","tintindex":0},"up":{"uv":[5.871,8.496,5.629,7.379],"rotation":0,"texture":"#0","tintindex":0},"down":{"uv":[7.996,3.004,7.754,4.121],"rotation":0,"texture":"#0","tintindex":0}}},{"from":[7.4834375,-0.31794167,-5.7338676],"to":[9.769152,1.9677725,2.2661319],"rotation":{"angle":0.0,"axis":"y","origin":[8.34058,0.8249154,-0.59101105]},"faces":{"east":{"uv":[5.004,0.629,6.746,1.121],"rotation":0,"texture":"#0","tintindex":0},"south":{"uv":[0.004,8.379,0.496,8.871],"rotation":0,"texture":"#0","tintindex":0},"north":{"uv":[8.254,6.879,8.746,7.371],"rotation":0,"texture":"#0","tintindex":0},"west":{"uv":[5.004,1.129,6.746,1.621],"rotation":0,"texture":"#0","tintindex":0},"up":{"uv":[5.496,3.371,5.004,1.629],"rotation":0,"texture":"#0","tintindex":0},"down":{"uv":[5.496,3.379,5.004,5.121],"rotation":0,"texture":"#0","tintindex":0}}},{"from":[8.626295,-2.6036558,-5.7338676],"to":[8.626295,4.253487,-1.7338676],"rotation":{"angle":0.0,"axis":"y","origin":[8.626295,0.8249154,-3.7338676]},"faces":{"east":{"uv":[0.004,0.004,0.871,1.496],"rotation":0,"texture":"#0","tintindex":0},"south":{"uv":[0.004,0.004,0.004,1.496],"rotation":0,"texture":"#0","tintindex":0},"north":{"uv":[0.004,0.004,0.004,1.496],"rotation":0,"texture":"#0","tintindex":0},"west":{"uv":[0.879,0.004,1.746,1.496],"rotation":0,"texture":"#0","tintindex":0},"up":{"uv":[0.004,0.871,0.004,0.004],"rotation":0,"texture":"#0","tintindex":0},"down":{"uv":[0.004,0.004,0.004,0.871],"rotation":0,"texture":"#0","tintindex":0}}},{"from":[5.1977234,0.8249154,-5.7338676],"to":[12.054867,0.8249154,-1.7338676],"rotation":{"angle":0.0,"axis":"y","origin":[8.626295,0.8249154,-3.7338676]},"faces":{"east":{"uv":[0.004,0.004,0.871,0.004],"rotation":0,"texture":"#0","tintindex":0},"south":{"uv":[0.004,0.004,1.496,0.004],"rotation":0,"texture":"#0","tintindex":0},"north":{"uv":[0.004,0.004,1.496,0.004],"rotation":0,"texture":"#0","tintindex":0},"west":{"uv":[0.004,0.004,0.871,0.004],"rotation":0,"texture":"#0","tintindex":0},"up":{"uv":[1.496,2.371,0.004,1.504],"rotation":0,"texture":"#0","tintindex":0},"down":{"uv":[2.996,1.504,1.504,2.371],"rotation":0,"texture":"#0","tintindex":0}}},{"from":[7.7691517,-0.032227516,2.2661319],"to":[9.483438,1.6820583,3.9804182],"rotation":{"angle":0.0,"axis":"y","origin":[8.34058,0.8249154,1.1232748]},"faces":{"east":{"uv":[0.379,9.379,0.746,9.746],"rotation":0,"texture":"#0","tintindex":0},"south":{"uv":[9.379,0.504,9.746,0.871],"rotation":0,"texture":"#0","tintindex":0},"north":{"uv":[0.004,9.379,0.371,9.746],"rotation":0,"texture":"#0","tintindex":0},"west":{"uv":[9.379,0.879,9.746,1.246],"rotation":0,"texture":"#0","tintindex":0},"up":{"uv":[9.746,1.621,9.379,1.254],"rotation":0,"texture":"#0","tintindex":0},"down":{"uv":[9.746,1.629,9.379,1.996],"rotation":0,"texture":"#0","tintindex":0}}},{"from":[7.7691517,-0.032227516,9.123276],"to":[9.483438,1.6820583,9.694704],"rotation":{"angle":0.0,"axis":"y","origin":[8.34058,0.8249154,8.5518465]},"faces":{"east":{"uv":[6.504,6.879,6.621,7.246],"rotation":0,"texture":"#0","tintindex":0},"south":{"uv":[9.254,9.129,9.621,9.496],"rotation":0,"texture":"#0","tintindex":0},"north":{"uv":[9.254,8.754,9.621,9.121],"rotation":0,"texture":"#0","tintindex":0},"west":{"uv":[0.504,7.004,0.621,7.371],"rotation":0,"texture":"#0","tintindex":0},"up":{"uv":[10.246,8.746,9.879,8.629],"rotation":0,"texture":"#0","tintindex":0},"down":{"uv":[10.246,8.754,9.879,8.871],"rotation":0,"texture":"#0","tintindex":0}}},{"from":[7.4685717,2.8077726,6.677561],"to":[9.788571,3.413487,8.997561],"rotation":{"angle":0.0,"axis":"y","origin":[11.485714,1.1106296,7.2661324]},"faces":{"east":{"uv":[9.754,9.629,10.246,9.746],"rotation":0,"texture":"#0","tintindex":0},"south":{"uv":[0.254,9.879,0.746,9.996],"rotation":0,"texture":"#0","tintindex":0},"north":{"uv":[9.754,9.504,10.246,9.621],"rotation":0,"texture":"#0","tintindex":0},"west":{"uv":[0.879,9.879,1.371,9.996],"rotation":0,"texture":"#0","tintindex":0},"up":{"uv":[3.871,8.746,3.379,8.254],"rotation":0,"texture":"#0","tintindex":0},"down":{"uv":[4.371,8.254,3.879,8.746],"rotation":0,"texture":"#0","tintindex":0}}},{"from":[7.4,1.5963445,6.6089897],"to":[9.857143,2.339201,9.066133],"rotation":{"angle":0.0,"axis":"y","origin":[11.485714,1.1106296,7.2661324]},"faces":{"east":{"uv":[7.379,9.754,7.871,9.871],"rotation":0,"texture":"#0","tintindex":0},"south":{"uv":[8.629,9.754,9.121,9.871],"rotation":0,"texture":"#0","tintindex":0},"north":{"uv":[9.754,6.504,10.246,6.621],"rotation":0,"texture":"#0","tintindex":0},"west":{"uv":[9.379,9.754,9.871,9.871],"rotation":0,"texture":"#0","tintindex":0},"up":{"uv":[2.871,8.746,2.379,8.254],"rotation":0,"texture":"#0","tintindex":0},"down":{"uv":[3.371,8.254,2.879,8.746],"rotation":0,"texture":"#0","tintindex":0}}},{"from":[7.489714,4.5432014,6.4129896],"to":[9.767428,8.535202,9.262133],"rotation":{"angle":0.0,"axis":"y","origin":[11.771429,5.11063,7.2661324]},"faces":{"east":{"uv":[1.879,5.379,2.496,6.246],"rotation":0,"texture":"#0","tintindex":0},"south":{"uv":[6.754,0.754,7.246,1.621],"rotation":0,"texture":"#0","tintindex":0},"north":{"uv":[0.629,6.754,1.121,7.621],"rotation":0,"texture":"#0","tintindex":0},"west":{"uv":[5.504,3.129,6.121,3.996],"rotation":0,"texture":"#0","tintindex":0},"up":{"uv":[7.746,3.121,7.254,2.504],"rotation":0,"texture":"#0","tintindex":0},"down":{"uv":[7.746,3.129,7.254,3.746],"rotation":0,"texture":"#0","tintindex":0}}},{"from":[7.4857144,4.5392013,6.4089894],"to":[9.771429,8.539202,9.266132],"rotation":{"angle":0.0,"axis":"y","origin":[8.6285715,6.5392017,7.837561]},"faces":{"east":{"uv":[2.504,5.879,3.121,6.746],"rotation":0,"texture":"#0","tintindex":0},"south":{"uv":[3.879,6.754,4.371,7.621],"rotation":0,"texture":"#0","tintindex":0},"north":{"uv":[6.754,3.504,7.246,4.371],"rotation":0,"texture":"#0","tintindex":0},"west":{"uv":[3.129,5.879,3.746,6.746],"rotation":0,"texture":"#0","tintindex":0},"up":{"uv":[7.996,8.121,7.504,7.504],"rotation":0,"texture":"#0","tintindex":0},"down":{"uv":[0.996,7.629,0.504,8.246],"rotation":0,"texture":"#0","tintindex":0}}},{"from":[8.62879,8.538673,6.4089894],"to":[9.771647,8.538673,9.266132],"rotation":{"angle":22.5,"axis":"z","origin":[8.62879,8.538673,7.551847]},"faces":{"east":{"uv":[0.004,0.004,0.621,0.004],"rotation":0,"texture":"#0","tintindex":0},"south":{"uv":[0.004,0.004,0.246,0.004],"rotation":0,"texture":"#0","tintindex":0},"north":{"uv":[0.004,0.004,0.246,0.004],"rotation":0,"texture":"#0","tintindex":0},"west":{"uv":[0.004,0.004,0.621,0.004],"rotation":0,"texture":"#0","tintindex":0},"up":{"uv":[9.371,1.746,9.129,1.129],"rotation":0,"texture":"#0","tintindex":0},"down":{"uv":[9.371,1.754,9.129,2.371],"rotation":0,"texture":"#0","tintindex":0}}},{"from":[7.428571,-0.08937073,6.637561],"to":[9.828571,1.7392015,9.037561],"rotation":{"angle":0.0,"axis":"y","origin":[11.2,-1.7465124,7.2661324]},"faces":{"east":{"uv":[1.379,8.879,1.871,9.246],"rotation":0,"texture":"#0","tintindex":0},"south":{"uv":[8.879,2.504,9.371,2.871],"rotation":0,"texture":"#0","tintindex":0},"north":{"uv":[0.879,8.879,1.371,9.246],"rotation":0,"texture":"#0","tintindex":0},"west":{"uv":[8.879,4.004,9.371,4.371],"rotation":0,"texture":"#0","tintindex":0},"up":{"uv":[8.746,0.996,8.254,0.504],"rotation":0,"texture":"#0","tintindex":0},"down":{"uv":[8.746,1.004,8.254,1.496],"rotation":0,"texture":"#0","tintindex":0}}},{"from":[7.4857144,1.6820583,6.694704],"to":[9.771429,4.5392013,8.980418],