{"textures":{"0":"modelengine:entity/em_bandit_b2"},"elements":[{"from":[8.069152,0.25348663,4.5518465],"to":[9.212009,1.3963442,9.694704],"rotation":{"angle":0.0,"axis":"y","origin":[8.926294,0.8249154,6.837561]},"faces":{"east":{"uv":[7.754,4.129,8.871,4.371],"rotation":0,"texture":"#0","tintindex":0},"south":{"uv":[1.379,9.879,1.621,10.121],"rotation":0,"texture":"#0","tintindex":0},"north":{"uv":[7.879,9.754,8.121,9.996],"rotation":0,"texture":"#0","tintindex":0},"west":{"uv":[7.754,5.629,8.871,5.871],"rotation":0,"texture":"#0","tintindex":0},"up":{"uv":[6.121,8.871,5.879,7.754],"rotation":0,"texture":"#0","tintindex":0},"down":{"uv":[7.996,5.879,7.754,6.996],"rotation":0,"texture":"#0","tintindex":0}}},{"from":[8.069152,0.25348663,-2.305296],"to":[9.212009,1.3963442,4.5518465],"rotation":{"angle":0.0,"axis":"y","origin":[8.926294,0.8249154,1.6947036]},"faces":{"east":{"uv":[7.129,5.129,8.621,5.371],"rotation":0,"texture":"#0","tintindex":0},"south":{"uv":[4.629,9.879,4.871,10.121],"rotation":0,"texture":"#0","tintindex":0},"north":{"uv":[2.004,9.879,2.246,10.121],"rotation":0,"texture":"#0","tintindex":0},"west":{"uv":[7.129,5.379,8.621,5.621],"rotation":0,"texture":"#0","tintindex":0},"up":{"uv":[1.871,8.371,1.629,6.879],"rotation":0,"texture":"#0","tintindex":0},"down":{"uv":[5.121,7.129,4.879,8.621],"rotation":0,"texture":"#0","tintindex":0}}},{"from":[7.7834377,-0.032227516,-4.019582],"to":[9.497724,1.6820583,-2.305296],"rotation":{"angle":0.0,"axis":"y","origin":[8.926294,0.8249154,-5.1624393]},"faces":{"east":{"uv":[9.379,2.004,9.746,2.371],"rotation":0,"texture":"#0","tintindex":0},"south":{"uv":[9.379,2.504,9.746,2.871],"rotation":0,"texture":"#0","tintindex":0},"north":{"uv":[1.754,9.379,2.121,9.746],"rotation":0,"texture":"#0","tintindex":0},"west":{"uv":[9.379,4.004,9.746,4.371],"rotation":0,"texture":"#0","tintindex":0},"up":{"uv":[4.996,9.746,4.629,9.379],"rotation":0,"texture":"#0","tintindex":0},"down":{"uv":[9.746,5.879,9.379,6.246],"rotation":0,"texture":"#0","tintindex":0}}},{"from":[7.7834377,-0.032227516,-6.876725],"to":[9.497724,1.6820583,-4.019582],"rotation":{"angle":0.0,"axis":"y","origin":[8.926294,0.8249154,-6.876725]},"faces":{"east":{"uv":[4.254,0.629,4.871,0.996],"rotation":0,"texture":"#0","tintindex":0},"south":{"uv":[7.379,9.379,7.746,9.746],"rotation":0,"texture":"#0","tintindex":0},"north":{"uv":[9.379,6.254,9.746,6.621],"rotation":0,"texture":"#0","tintindex":0},"west":{"uv":[7.004,8.629,7.621,8.996],"rotation":0,"texture":"#0","tintindex":0},"up":{"uv":[8.996,8.996,8.629,8.379],"rotation":0,"texture":"#0","tintindex":0},"down":{"uv":[0.871,8.754,0.504,9.371],"rotation":0,"texture":"#0","tintindex":0}}},{"from":[7.2114377,0.53862953,-6.305867],"to":[10.069723,1.1112013,-4.0190105],"rotation":{"angle":0.0,"axis":"y","origin":[9.497724,0.8249154,-6.876725]},"faces":{"east":{"uv":[9.879,5.254,10.371,5.371],"rotation":0,"texture":"#0","tintindex":0},"south":{"uv":[9.754,0.504,10.371,0.621],"rotation":0,"texture":"#0","tintindex":0},"north":{"uv":[9.629,7.129,10.246,7.246],"rotation":0,"texture":"#0","tintindex":0},"west":{"uv":[9.879,5.379,10.371,5.496],"rotation":0,"texture":"#0","tintindex":0},"up":{"uv":[3.871,1.496,3.254,1.004],"rotation":0,"texture":"#0","tintindex":0},"down":{"uv":[8.246,1.379,7.629,1.871],"rotation":0,"texture":"#0","tintindex":0}}},{"from":[8.069152,1.6820583,-5.4481535],"to":[9.212009,3.3963442,-4.305296],"rotation":{"angle":0.0,"axis":"y","origin":[8.926294,2.5392013,-6.876725]},"faces":{"east":{"uv":[9.629,8.754,9.871,9.121],"rotation":0,"texture":"#0","tintindex":0},"south":{"uv":[9.629,9.129,9.871,9.496],"rotation":0,"texture":"#0","tintindex":0},"north":{"uv":[9.629,8.379,9.871,8.746],"rotation":0,"texture":"#0","tintindex":0},"west":{"uv":[0.004,9.754,0.246,10.121],"rotation":0,"texture":"#0","tintindex":0},"up":{"uv":[5.871,10.121,5.629,9.879],"rotation":0,"texture":"#0","tintindex":0},"down":{"uv":[6.121,9.879,5.879,10.121],"rotation":0,"texture":"#0","tintindex":0}}},{"from":[8.354866,3.3963442,-5.1624393],"to":[8.926294,3.9677725,-4.59101],"rotation":{"angle":0.0,"axis":"y","origin":[8.926294,5.396344,-6.876725]},"faces":{"east":{"uv":[1.504,7.879,1.621,7.996],"rotation":0,"texture":"#0","tintindex":0},"south":{"uv":[1.504,8.004,1.621,8.121],"rotation":0,"texture":"#0","tintindex":0},"north":{"uv":[1.504,7.754,1.621,7.871],"rotation":0,"texture":"#0","tintindex":0},"west":{"uv":[8.004,6.879,8.121,6.996],"rotation":0,"texture":"#0","tintindex":0},"up":{"uv":[1.621,8.246,1.504,8.129],"rotation":0,"texture":"#0","tintindex":0},"down":{"uv":[8.246,6.879,8.129,6.996],"rotation":0,"texture":"#0","tintindex":0}}},{"from":[7.7834377,-2.3179417,-5.7338676],"to":[9.497724,-0.032227516,-4.019582],"rotation":{"angle":0.0,"axis":"y","origin":[8.926294,-1.4607983,-6.876725]},"faces":{"east":{"uv":[6.129,9.004,6.496,9.496],"rotation":0,"texture":"#0","tintindex":0},"south":{"uv":[9.004,6.379,9.371,6.871],"rotation":0,"texture":"#0","tintindex":0},"north":{"uv":[9.004,5.879,9.371,6.371],"rotation":0,"texture":"#0","tintindex":0},"west":{"uv":[7.004,9.004,7.371,9.496],"rotation":0,"texture":"#0","tintindex":0},"up":{"uv":[8.121,9.746,7.754,9.379],"rotation":0,"texture":"#0","tintindex":0},"down":{"uv":[9.121,9.379,8.754,9.746],"rotation":0,"texture":"#0","tintindex":0}}},{"from":[7.4685717,2.8077726,6.677561],"to":[9.788571,3.413487,8.997561],"rotation":{"angle":0.0,"axis":"y","origin":[11.485714,1.1106296,7.2661324]},"faces":{"east":{"uv":[6.129,9.879,6.621,9.996],"rotation":0,"texture":"#0","tintindex":0},"south":{"uv":[9.879,6.629,10.371,6.746],"rotation":0,"texture":"#0","tintindex":0},"north":{"uv":[9.879,5.504,10.371,5.621],"rotation":0,"texture":"#0","tintindex":0},"west":{"uv":[9.879,6.754,10.371,6.871],"rotation":0,"texture":"#0","tintindex":0},"up":{"uv":[6.621,8.996,6.129,8.504],"rotation":0,"texture":"#0","tintindex":0},"down":{"uv":[8.996,6.379,8.504,6.871],"rotation":0,"texture":"#0","tintindex":0}}},{"from":[7.4,1.5963445,6.6089897],"to":[9.857143,2.339201,9.066133],"rotation":{"angle":0.0,"axis":"y","origin":[11.485714,1.1106296,7.2661324]},"faces":{"east":{"uv":[9.879,8.004,10.371,8.121],"rotation":0,"texture":"#0","tintindex":0},"south":{"uv":[9.879,8.129,10.371,8.246],"rotation":0,"texture":"#0","tintindex":0},"north":{"uv":[7.379,9.879,7.871,9.996],"rotation":0,"texture":"#0","tintindex":0},"west":{"uv":[9.879,8.254,10.371,8.371],"rotation":0,"texture":"#0","tintindex":0},"up":{"uv":[8.996,7.871,8.504,7.379],"rotation":0,"texture":"#0","tintindex":0},"down":{"uv":[8.121,8.504,7.629,8.996],"rotation":0,"texture":"#0","tintindex":0}}},{"from":[7.489714,4.5432014,6.4129896],"to":[9.767428,8.535202,9.262133],"rotation":{"angle":0.0,"axis":"y","origin":[11.771429,5.11063,7.2661324]},"faces":{"east":{"uv":[3.754,5.879,4.371,6.746],"rotation":0,"texture":"#0","tintindex":0},"south":{"uv":[6.004,6.879,6.496,7.746],"rotation":0,"texture":"#0","tintindex":0},"north":{"uv":[1.129,6.879,1.621,7.746],"rotation":0,"texture":"#0","tintindex":0},"west":{"uv":[0.004,6.129,0.621,6.996],"rotation":0,"texture":"#0","tintindex":0},"up":{"uv":[8.121,2.496,7.629,1.879],"rotation":0,"texture":"#0","tintindex":0},"down":{"uv":[2.871,7.629,2.379,8.246],"rotation":0,"texture":"#0","tintindex":0}}},{"from":[7.4857144,4.5392013,6.4089894],"to":[9.771429,8.539202,9.266132],"rotation":{"angle":0.0,"axis":"y","origin":[8.6285715,6.5392017,7.837561]},"faces":{"east":{"uv":[6.129,3.129,6.746,3.996],"rotation":0,"texture":"#0","tintindex":0},"south":{"uv":[7.129,1.629,7.621,2.496],"rotation":0,"texture":"#0","tintindex":0},"north":{"uv":[0.004,7.004,0.496,7.871],"rotation":0,"texture":"#0","tintindex":0},"west":{"uv":[6.129,4.004,6.746,4.871],"rotation":0,"texture":"#0","tintindex":0},"up":{"uv":[3.371,8.246,2.879,7.629],"rotation":0,"texture":"#0","tintindex":0},"down":{"uv":[3.871,7.629,3.379,8.246],"rotation":0,"texture":"#0","tintindex":0}}},{"from":[8.62879,8.538673,6.4089894],