{"textures":{"0":"modelengine:entity/redancientsamurai"},"elements":[{"from":[3.5088434,8.681669,6.542857],"to":[6.3088436,9.824526,9.457143],"rotation":{"angle":0.0,"axis":"y","origin":[2.8802724,-2.6897602,7.0]},"faces":{"east":{"uv":[9.0625,4.9375,9.375,5.0625],"rotation":0,"texture":"#0","tintindex":0},"south":{"uv":[9.0625,4.9375,9.375,5.0625],"rotation":0,"texture":"#0","tintindex":0},"north":{"uv":[9.0625,4.9375,9.375,5.0625],"rotation":0,"texture":"#0","tintindex":0},"west":{"uv":[9.0625,4.9375,9.375,5.0625],"rotation":0,"texture":"#0","tintindex":0},"up":{"uv":[9.0625,4.9375,9.375,5.0625],"rotation":0,"texture":"#0","tintindex":0},"down":{"uv":[9.0625,4.9375,9.375,5.0625],"rotation":0,"texture":"#0","tintindex":0}}}],"display":{"head":{"translation":[0.0,-6.4,0.0],"scale":[4.0,4.0,4.0]}}}