{"textures":{"0":"modelengine:entity/redancientsamurai"},"elements":[{"from":[6.7,0.18479109,7.772761],"to":[9.271429,2.9276485,10.34419],"rotation":{"angle":0.0,"axis":"y","origin":[5.3285713,12.984792,8.029903]},"faces":{"east":{"uv":[0.375,3.75,0.65625,4.04375],"rotation":0,"texture":"#0","tintindex":0},"south":{"uv":[0.375,3.75,0.65625,4.04375],"rotation":0,"texture":"#0","tintindex":0},"north":{"uv":[0.375,3.75,0.65625,4.04375],"rotation":0,"texture":"#0","tintindex":0},"west":{"uv":[0.375,3.75,0.65625,4.04375],"rotation":0,"texture":"#0","tintindex":0},"up":{"uv":[0.375,3.75,0.65625,4.04375],"rotation":0,"texture":"#0","tintindex":0},"down":{"uv":[0.375,3.75,0.65625,4.04375],"rotation":0,"texture":"#0","tintindex":0}}},{"from":[6.8142858,0.5921731,6.33353],"to":[9.157143,2.306459,8.504959],"rotation":{"angle":-22.5,"axis":"x","origin":[6.1857142,1.449316,7.4192443]},"faces":{"east":{"uv":[0.375,3.75,0.63125,3.9375],"rotation":0,"texture":"#0","tintindex":0},"south":{"uv":[0.375,3.75,0.63125,3.9375],"rotation":0,"texture":"#0","tintindex":0},"north":{"uv":[0.375,3.75,0.63125,3.9375],"rotation":0,"texture":"#0","tintindex":0},"west":{"uv":[0.375,3.75,0.63125,3.9375],"rotation":0,"texture":"#0","tintindex":0},"up":{"uv":[0.375,3.75,0.63125,3.9375],"rotation":0,"texture":"#0","tintindex":0},"down":{"uv":[0.375,3.75,0.63125,3.9375],"rotation":0,"texture":"#0","tintindex":0}}},{"from":[6.5857143,0.2419343,6.7441893],"to":[9.385715,1.9562201,10.001332],"rotation":{"angle":0.0,"axis":"y","origin":[5.3285713,12.984792,8.3156185]},"faces":{"east":{"uv":[0.375,3.75,0.68125,3.9375],"rotation":0,"texture":"#0","tintindex":0},"south":{"uv":[0.375,3.75,0.68125,3.9375],"rotation":0,"texture":"#0","tintindex":0},"north":{"uv":[0.375,3.75,0.68125,3.9375],"rotation":0,"texture":"#0","tintindex":0},"west":{"uv":[0.375,3.75,0.68125,3.9375],"rotation":0,"texture":"#0","tintindex":0},"up":{"uv":[0.375,3.75,0.68125,3.9375],"rotation":0,"texture":"#0","tintindex":0},"down":{"uv":[0.375,3.75,0.68125,3.9375],"rotation":0,"texture":"#0","tintindex":0}}},{"from":[6.7,0.2419343,4.5727606],"to":[9.271429,1.9562201,6.7441893],"rotation":{"angle":0.0,"axis":"y","origin":[5.3285713,12.984792,8.3156185]},"faces":{"east":{"uv":[0.375,3.75,0.65625,3.9375],"rotation":0,"texture":"#0","tintindex":0},"south":{"uv":[0.375,3.75,0.65625,3.9375],"rotation":0,"texture":"#0","tintindex":0},"north":{"uv":[0.375,3.75,0.65625,3.9375],"rotation":0,"texture":"#0","tintindex":0},"west":{"uv":[0.375,3.75,0.65625,3.9375],"rotation":0,"texture":"#0","tintindex":0},"up":{"uv":[0.375,3.75,0.65625,3.9375],"rotation":0,"texture":"#0","tintindex":0},"down":{"uv":[0.375,3.75,0.65625,3.9375],"rotation":0,"texture":"#0","tintindex":0}}},{"from":[6.7,3.4990768,7.772761],"to":[9.271429,7.7276487,10.34419],"rotation":{"angle":0.0,"axis":"y","origin":[5.3285713,12.984792,8.029903]},"faces":{"east":{"uv":[12.625,5.28125,12.90625,5.75],"rotation":0,"texture":"#0","tintindex":0},"south":{"uv":[12.625,5.28125,12.90625,5.75],"rotation":0,"texture":"#0","tintindex":0},"north":{"uv":[12.625,5.28125,12.90625,5.75],"rotation":0,"texture":"#0","tintindex":0},"west":{"uv":[12.625,5.28125,12.90625,5.75],"rotation":0,"texture":"#0","tintindex":0},"up":{"uv":[12.625,5.28125,12.90625,5.75],"rotation":0,"texture":"#0","tintindex":0},"down":{"uv":[12.625,5.28125,12.90625,5.75],"rotation":0,"texture":"#0","tintindex":0}}},{"from":[6.8142858,2.8705053,7.9441895],"to":[9.157143,3.4990768,10.172761],"rotation":{"angle":0.0,"axis":"y","origin":[5.3285713,12.984792,8.029903]},"faces":{"east":{"uv":[4.625,0.4375,4.875,0.5],"rotation":0,"texture":"#0","tintindex":0},"south":{"uv":[1.5,7.6875,1.75,7.75],"rotation":0,"texture":"#0","tintindex":0},"north":{"uv":[4.25,2.5625,4.5,2.625],"rotation":0,"texture":"#0","tintindex":0},"west":{"uv":[9.5625,4.8125,9.8125,4.875],"rotation":0,"texture":"#0","tintindex":0},"up":{"uv":[8.875,6.5625,8.625,6.3125],"rotation":0,"texture":"#0","tintindex":0},"down":{"uv":[8.875,8.4375,8.625,8.6875],"rotation":0,"texture":"#0","tintindex":0}}},{"from":[6.642857,2.9276485,7.715618],"to":[9.442857,7.7276487,10.401333],"rotation":{"angle":0.0,"axis":"y","origin":[5.385714,12.413363,8.029903]},"faces":{"east":{"uv":[5.5625,0.875,5.84375,1.40625],"rotation":0,"texture":"#0","tintindex":0},"south":{"uv":[5.5625,0.875,5.84375,1.40625],"rotation":0,"texture":"#0","tintindex":0},"north":{"uv":[5.5625,0.875,5.84375,1.40625],"rotation":0,"texture":"#0","tintindex":0},"west":{"uv":[5.5625,0.875,5.84375,1.40625],"rotation":0,"texture":"#0","tintindex":0},"up":{"uv":[5.5625,0.875,5.84375,1.40625],"rotation":0,"texture":"#0","tintindex":0},"down":{"uv":[5.5625,0.875,5.84375,1.40625],"rotation":0,"texture":"#0","tintindex":0}}},{"from":[6.528571,2.9276485,7.5441895],"to":[9.557142,7.7276487,10.572762],"rotation":{"angle":0.0,"axis":"y","origin":[5.385714,12.413363,8.029903]},"faces":{"east":{"uv":[11.875,1.9375,12.15625,2.46875],"rotation":0,"texture":"#0","tintindex":0},"south":{"uv":[11.875,1.9375,12.15625,2.46875],"rotation":0,"texture":"#0","tintindex":0},"north":{"uv":[11.875,1.9375,12.15625,2.46875],"rotation":0,"texture":"#0","tintindex":0},"west":{"uv":[11.875,1.9375,12.15625,2.46875],"rotation":0,"texture":"#0","tintindex":0},"up":{"uv":[11.875,1.9375,12.15625,2.46875],"rotation":0,"texture":"#0","tintindex":0},"down":{"uv":[11.875,1.9375,12.15625,2.46875],"rotation":0,"texture":"#0","tintindex":0}}}],"display":{"head":{"translation":[0.0,-6.4,0.0],"scale":[4.0,4.0,4.0]}}}