{"textures":{"0":"modelengine:entity/redancientsamurai"},"elements":[{"from":[5.04,6.667508,7.1891994],"to":[8.126857,8.950937,7.400628],"rotation":{"angle":22.5,"axis":"y","origin":[6.7314286,7.8092227,7.294914]},"faces":{"east":{"uv":[4.875,4.25,5.28125,4.59375],"rotation":0,"texture":"#0","tintindex":0},"south":{"uv":[4.625,0.0,5.09375,0.34375],"rotation":0,"texture":"#0","tintindex":0},"north":{"uv":[4.875,4.25,5.28125,4.59375],"rotation":0,"texture":"#0","tintindex":0},"west":{"uv":[4.875,4.25,4.92125,4.7495],"rotation":0,"texture":"#0","tintindex":0},"up":{"uv":[4.875,4.25,5.28125,4.59375],"rotation":0,"texture":"#0","tintindex":0},"down":{"uv":[4.875,4.25,5.28125,4.59375],"rotation":0,"texture":"#0","tintindex":0}}},{"from":[5.12,5.483508,7.442914],"to":[8.126857,7.766937,7.6543427],"rotation":{"angle":22.5,"axis":"y","origin":[6.7314286,6.6252227,7.5486283]},"faces":{"east":{"uv":[5.6875,0.0,6.0625,0.34375],"rotation":0,"texture":"#0","tintindex":0},"south":{"uv":[4.625,0.0,5.09375,0.34375],"rotation":0,"texture":"#0","tintindex":0},"north":{"uv":[5.6875,0.0,6.0625,0.34375],"rotation":0,"texture":"#0","tintindex":0},"west":{"uv":[4.875,4.25,4.92125,4.7495],"rotation":0,"texture":"#0","tintindex":0},"up":{"uv":[5.6875,0.0,6.0625,0.34375],"rotation":0,"texture":"#0","tintindex":0},"down":{"uv":[5.6875,0.0,6.0625,0.34375],"rotation":0,"texture":"#0","tintindex":0}}},{"from":[5.1474285,4.468651,7.6543427],"to":[8.126857,6.7520795,7.8657713],"rotation":{"angle":22.5,"axis":"y","origin":[6.7314286,5.6103654,7.760057]},"faces":{"east":{"uv":[5.6875,0.0,6.0625,0.34375],"rotation":0,"texture":"#0","tintindex":0},"south":{"uv":[4.625,0.0,5.09375,0.34375],"rotation":0,"texture":"#0","tintindex":0},"north":{"uv":[5.6875,0.0,6.0625,0.34375],"rotation":0,"texture":"#0","tintindex":0},"west":{"uv":[4.875,4.25,4.92125,4.7495],"rotation":0,"texture":"#0","tintindex":0},"up":{"uv":[5.6875,0.0,6.0625,0.34375],"rotation":0,"texture":"#0","tintindex":0},"down":{"uv":[5.6875,0.0,6.0625,0.34375],"rotation":0,"texture":"#0","tintindex":0}}},{"from":[5.2342854,3.3692222,7.8234854],"to":[8.126857,5.652651,8.034914],"rotation":{"angle":22.5,"axis":"y","origin":[6.7314286,4.5109367,7.9291997]},"faces":{"east":{"uv":[1.5,5.0625,1.90625,5.40625],"rotation":0,"texture":"#0","tintindex":0},"south":{"uv":[4.625,0.0,5.09375,0.34375],"rotation":0,"texture":"#0","tintindex":0},"north":{"uv":[1.5,5.0625,1.90625,5.40625],"rotation":0,"texture":"#0","tintindex":0},"west":{"uv":[1.5,5.0625,1.54625,5.562],"rotation":0,"texture":"#0","tintindex":0},"up":{"uv":[1.5,5.0625,1.90625,5.40625],"rotation":0,"texture":"#0","tintindex":0},"down":{"uv":[1.5,5.0625,1.90625,5.40625],"rotation":0,"texture":"#0","tintindex":0}}},{"from":[7.8308573,6.667508,7.1891994],"to":[9.931429,8.950937,7.400628],"rotation":{"angle":-22.5,"axis":"y","origin":[9.268572,7.8092227,7.294914]},"faces":{"east":{"uv":[4.875,4.25,4.92125,4.7495],"rotation":0,"texture":"#0","tintindex":0},"south":{"uv":[4.625,0.0,5.09375,0.34375],"rotation":0,"texture":"#0","tintindex":0},"north":{"uv":[5.0,5.125,5.22975,5.37475],"rotation":0,"texture":"#0","tintindex":0},"west":{"uv":[5.0,5.125,5.22975,5.37475],"rotation":0,"texture":"#0","tintindex":0},"up":{"uv":[5.0,5.125,5.22975,5.37475],"rotation":0,"texture":"#0","tintindex":0},"down":{"uv":[5.0,5.125,5.22975,5.37475],"rotation":0,"texture":"#0","tintindex":0}}},{"from":[7.8308573,5.483508,7.442914],"to":[9.908571,7.766937,7.6543427],"rotation":{"angle":-22.5,"axis":"y","origin":[9.268572,6.6252227,7.5486283]},"faces":{"east":{"uv":[4.875,4.25,4.92125,4.7495],"rotation":0,"texture":"#0","tintindex":0},"south":{"uv":[4.625,0.0,5.09375,0.34375],"rotation":0,"texture":"#0","tintindex":0},"north":{"uv":[5.8125,2.8125,6.1875,3.15625],"rotation":0,"texture":"#0","tintindex":0},"west":{"uv":[5.8125,2.8125,6.1875,3.15625],"rotation":0,"texture":"#0","tintindex":0},"up":{"uv":[5.8125,2.8125,6.1875,3.15625],"rotation":0,"texture":"#0","tintindex":0},"down":{"uv":[5.8125,2.8125,6.1875,3.15625],"rotation":0,"texture":"#0","tintindex":0}}},{"from":[7.8308573,4.468651,7.6543427],"to":[9.881143,6.7520795,7.8657713],"rotation":{"angle":-22.5,"axis":"y","origin":[9.268572,5.6103654,7.760057]},"faces":{"east":{"uv":[4.875,4.25,4.92125,4.7495],"rotation":0,"texture":"#0","tintindex":0},"south":{"uv":[4.625,0.0,5.09375,0.34375],"rotation":0,"texture":"#0","tintindex":0},"north":{"uv":[5.8125,2.8125,6.1875,3.15625],"rotation":0,"texture":"#0","tintindex":0},"west":{"uv":[5.8125,2.8125,6.1875,3.15625],"rotation":0,"texture":"#0","tintindex":0},"up":{"uv":[5.8125,2.8125,6.1875,3.15625],"rotation":0,"texture":"#0","tintindex":0},"down":{"uv":[5.8125,2.8125,6.1875,3.15625],"rotation":0,"texture":"#0","tintindex":0}}},{"from":[7.8308573,3.3692222,7.8234854],"to":[9.851429,5.652651,8.034914],"rotation":{"angle":-22.5,"axis":"y","origin":[9.268572,4.5109367,7.9291997]},"faces":{"east":{"uv":[4.875,4.25,4.92125,4.7495],"rotation":0,"texture":"#0","tintindex":0},"south":{"uv":[4.625,0.0,5.09375,0.34375],"rotation":0,"texture":"#0","tintindex":0},"north":{"uv":[1.5,5.0625,1.90625,5.40625],"rotation":0,"texture":"#0","tintindex":0},"west":{"uv":[1.5,5.0625,1.90625,5.40625],"rotation":0,"texture":"#0","tintindex":0},"up":{"uv":[1.5,5.0625,1.90625,5.40625],"rotation":0,"texture":"#0","tintindex":0},"down":{"uv":[1.5,5.0625,1.90625,5.40625],"rotation":0,"texture":"#0","tintindex":0}}}],"display":{"head":{"translation":[0.0,-6.4,0.0],"scale":[4.0,4.0,4.0]}}}