{"textures":{"0":"modelengine:entity/redancientsamurai"},"elements":[{"from":[4.4685717,5.8621573,7.7324157],"to":[8.126857,8.145586,7.9438443],"rotation":{"angle":22.5,"axis":"y","origin":[6.7314286,7.003872,7.83813]},"faces":{"east":{"uv":[4.625,0.0,5.09375,0.34375],"rotation":0,"texture":"#0","tintindex":0},"south":{"uv":[0.0,4.5625,0.46875,4.90625],"rotation":0,"texture":"#0","tintindex":0},"north":{"uv":[4.625,0.0,5.09375,0.34375],"rotation":0,"texture":"#0","tintindex":0},"west":{"uv":[4.625,0.0,5.09375,0.34375],"rotation":0,"texture":"#0","tintindex":0},"up":{"uv":[4.625,0.0,5.09375,0.34375],"rotation":0,"texture":"#0","tintindex":0},"down":{"uv":[4.625,0.0,5.09375,0.34375],"rotation":0,"texture":"#0","tintindex":0}}},{"from":[5.12,4.6781573,7.9861298],"to":[8.126857,6.961586,8.197558],"rotation":{"angle":22.5,"axis":"y","origin":[6.7314286,5.819872,8.091845]},"faces":{"east":{"uv":[5.8125,2.8125,6.1875,3.15625],"rotation":0,"texture":"#0","tintindex":0},"south":{"uv":[0.0,4.5625,0.46875,4.90625],"rotation":0,"texture":"#0","tintindex":0},"north":{"uv":[5.8125,2.8125,6.1875,3.15625],"rotation":0,"texture":"#0","tintindex":0},"west":{"uv":[5.8125,2.8125,6.1875,3.15625],"rotation":0,"texture":"#0","tintindex":0},"up":{"uv":[5.8125,2.8125,6.1875,3.15625],"rotation":0,"texture":"#0","tintindex":0},"down":{"uv":[5.8125,2.8125,6.1875,3.15625],"rotation":0,"texture":"#0","tintindex":0}}},{"from":[5.1474285,3.6633,8.197558],"to":[8.126857,5.9467287,8.408987],"rotation":{"angle":22.5,"axis":"y","origin":[6.7314286,4.8050146,8.303273]},"faces":{"east":{"uv":[5.8125,2.8125,6.1875,3.15625],"rotation":0,"texture":"#0","tintindex":0},"south":{"uv":[0.0,4.5625,0.46875,4.90625],"rotation":0,"texture":"#0","tintindex":0},"north":{"uv":[5.8125,2.8125,6.1875,3.15625],"rotation":0,"texture":"#0","tintindex":0},"west":{"uv":[5.8125,2.8125,6.1875,3.15625],"rotation":0,"texture":"#0","tintindex":0},"up":{"uv":[5.8125,2.8125,6.1875,3.15625],"rotation":0,"texture":"#0","tintindex":0},"down":{"uv":[5.8125,2.8125,6.1875,3.15625],"rotation":0,"texture":"#0","tintindex":0}}},{"from":[5.2342854,2.5638714,8.366701],"to":[8.126857,4.8473005,8.57813],"rotation":{"angle":22.5,"axis":"y","origin":[6.7314286,3.705586,8.472416]},"faces":{"east":{"uv":[5.0,3.5625,5.40625,3.90625],"rotation":0,"texture":"#0","tintindex":0},"south":{"uv":[0.0,4.5625,0.46875,4.90625],"rotation":0,"texture":"#0","tintindex":0},"north":{"uv":[5.0,3.5625,5.40625,3.90625],"rotation":0,"texture":"#0","tintindex":0},"west":{"uv":[5.0,3.5625,5.40625,3.90625],"rotation":0,"texture":"#0","tintindex":0},"up":{"uv":[5.0,3.5625,5.40625,3.90625],"rotation":0,"texture":"#0","tintindex":0},"down":{"uv":[5.0,3.5625,5.40625,3.90625],"rotation":0,"texture":"#0","tintindex":0}}},{"from":[7.8308573,5.8621573,7.7324157],"to":[11.531428,8.145586,7.9438443],"rotation":{"angle":-22.5,"axis":"y","origin":[9.268572,7.003872,7.83813]},"faces":{"east":{"uv":[0.0,4.5625,0.46875,4.90625],"rotation":0,"texture":"#0","tintindex":0},"south":{"uv":[0.0,4.5625,0.46875,4.90625],"rotation":0,"texture":"#0","tintindex":0},"north":{"uv":[0.0,4.5625,0.46875,4.90625],"rotation":0,"texture":"#0","tintindex":0},"west":{"uv":[0.0,4.5625,0.46875,4.90625],"rotation":0,"texture":"#0","tintindex":0},"up":{"uv":[0.0,4.5625,0.46875,4.90625],"rotation":0,"texture":"#0","tintindex":0},"down":{"uv":[0.0,4.5625,0.46875,4.90625],"rotation":0,"texture":"#0","tintindex":0}}},{"from":[7.8308573,4.6781573,7.9861298],"to":[10.937143,6.961586,8.197558],"rotation":{"angle":-22.5,"axis":"y","origin":[9.268572,5.819872,8.091845]},"faces":{"east":{"uv":[5.8125,2.8125,6.1875,3.15625],"rotation":0,"texture":"#0","tintindex":0},"south":{"uv":[0.0,4.5625,0.46875,4.90625],"rotation":0,"texture":"#0","tintindex":0},"north":{"uv":[5.8125,2.8125,6.1875,3.15625],"rotation":0,"texture":"#0","tintindex":0},"west":{"uv":[5.8125,2.8125,6.1875,3.15625],"rotation":0,"texture":"#0","tintindex":0},"up":{"uv":[5.8125,2.8125,6.1875,3.15625],"rotation":0,"texture":"#0","tintindex":0},"down":{"uv":[5.8125,2.8125,6.1875,3.15625],"rotation":0,"texture":"#0","tintindex":0}}},{"from":[7.8308573,3.6633,8.197558],"to":[10.909715,5.9467287,8.408987],"rotation":{"angle":-22.5,"axis":"y","origin":[9.268572,4.8050146,8.303273]},"faces":{"east":{"uv":[5.8125,2.8125,6.1875,3.15625],"rotation":0,"texture":"#0","tintindex":0},"south":{"uv":[0.0,4.5625,0.46875,4.90625],"rotation":0,"texture":"#0","tintindex":0},"north":{"uv":[5.8125,2.8125,6.1875,3.15625],"rotation":0,"texture":"#0","tintindex":0},"west":{"uv":[5.8125,2.8125,6.1875,3.15625],"rotation":0,"texture":"#0","tintindex":0},"up":{"uv":[5.8125,2.8125,6.1875,3.15625],"rotation":0,"texture":"#0","tintindex":0},"down":{"uv":[5.8125,2.8125,6.1875,3.15625],"rotation":0,"texture":"#0","tintindex":0}}},{"from":[7.8308573,2.5638714,8.366701],"to":[10.88,4.8473005,8.57813],"rotation":{"angle":-22.5,"axis":"y","origin":[9.268572,3.705586,8.472416]},"faces":{"east":{"uv":[1.5,5.0625,1.90625,5.40625],"rotation":0,"texture":"#0","tintindex":0},"south":{"uv":[0.0,4.5625,0.46875,4.90625],"rotation":0,"texture":"#0","tintindex":0},"north":{"uv":[1.5,5.0625,1.90625,5.40625],"rotation":0,"texture":"#0","tintindex":0},"west":{"uv":[1.5,5.0625,1.90625,5.40625],"rotation":0,"texture":"#0","tintindex":0},"up":{"uv":[1.5,5.0625,1.90625,5.40625],"rotation":0,"texture":"#0","tintindex":0},"down":{"uv":[1.5,5.0625,1.90625,5.40625],"rotation":0,"texture":"#0","tintindex":0}}}],"display":{"head":{"translation":[0.0,-6.4,0.0],"scale":[4.0,4.0,4.0]}}}