{"textures":{"0":"modelengine:entity/redancientsamurai"},"elements":[{"from":[5.659932,5.723288,7.726524],"to":[8.164161,8.463403,7.9802384],"rotation":{"angle":22.5,"axis":"y","origin":[6.4896464,7.0933456,7.853381]},"faces":{"east":{"uv":[6.3125,3.625,6.5864,3.9247],"rotation":0,"texture":"#0","tintindex":0},"south":{"uv":[6.3125,3.625,6.5864,3.9247],"rotation":0,"texture":"#0","tintindex":0},"north":{"uv":[6.3125,3.625,6.5864,3.9247],"rotation":180,"texture":"#0","tintindex":0},"west":{"uv":[6.3125,3.625,6.5864,3.9247],"rotation":0,"texture":"#0","tintindex":0},"up":{"uv":[6.3125,3.625,6.5864,3.9247],"rotation":0,"texture":"#0","tintindex":0},"down":{"uv":[6.3125,3.625,6.5864,3.9247],"rotation":0,"texture":"#0","tintindex":0}}},{"from":[5.7559323,4.3024883,8.030981],"to":[8.164161,7.0426025,8.284696],"rotation":{"angle":22.5,"axis":"y","origin":[6.4896464,5.6725454,8.157838]},"faces":{"east":{"uv":[6.3125,3.625,6.5759,3.9247],"rotation":0,"texture":"#0","tintindex":0},"south":{"uv":[6.3125,3.625,6.5759,3.9247],"rotation":0,"texture":"#0","tintindex":0},"north":{"uv":[6.3125,3.625,6.5759,3.9247],"rotation":180,"texture":"#0","tintindex":0},"west":{"uv":[6.3125,3.625,6.5759,3.9247],"rotation":0,"texture":"#0","tintindex":0},"up":{"uv":[6.3125,3.625,6.5759,3.9247],"rotation":0,"texture":"#0","tintindex":0},"down":{"uv":[6.3125,3.625,6.5759,3.9247],"rotation":0,"texture":"#0","tintindex":0}}},{"from":[5.1031322,3.0846596,8.284696],"to":[8.164161,5.824774,8.53841],"rotation":{"angle":22.5,"axis":"y","origin":[6.4896464,4.4547167,8.411552]},"faces":{"east":{"uv":[6.3125,3.625,6.6473,3.9247],"rotation":0,"texture":"#0","tintindex":0},"south":{"uv":[6.3125,3.625,6.6473,3.9247],"rotation":0,"texture":"#0","tintindex":0},"north":{"uv":[6.3125,3.625,6.6473,3.9247],"rotation":180,"texture":"#0","tintindex":0},"west":{"uv":[6.3125,3.625,6.6473,3.9247],"rotation":0,"texture":"#0","tintindex":0},"up":{"uv":[6.3125,3.625,6.6473,3.9247],"rotation":0,"texture":"#0","tintindex":0},"down":{"uv":[6.3125,3.625,6.6473,3.9247],"rotation":0,"texture":"#0","tintindex":0}}},{"from":[5.2073607,1.7653451,8.487667],"to":[8.164161,4.50546,8.741382],"rotation":{"angle":22.5,"axis":"y","origin":[6.4896464,3.1354027,8.614524]},"faces":{"east":{"uv":[6.3125,3.625,6.6359,3.9247],"rotation":0,"texture":"#0","tintindex":0},"south":{"uv":[6.3125,3.625,6.6359,3.9247],"rotation":0,"texture":"#0","tintindex":0},"north":{"uv":[6.3125,3.625,6.6359,3.9247],"rotation":180,"texture":"#0","tintindex":0},"west":{"uv":[6.3125,3.625,6.6359,3.9247],"rotation":0,"texture":"#0","tintindex":0},"up":{"uv":[6.3125,3.625,6.6359,3.9247],"rotation":0,"texture":"#0","tintindex":0},"down":{"uv":[6.3125,3.71875,6.6359,3.7465],"rotation":0,"texture":"#0","tintindex":0}}},{"from":[7.808961,5.723288,7.726524],"to":[10.649647,8.463403,7.9802384],"rotation":{"angle":-22.5,"axis":"y","origin":[9.534218,7.0933456,7.853381]},"faces":{"east":{"uv":[6.3125,3.625,6.6232,3.9247],"rotation":0,"texture":"#0","tintindex":0},"south":{"uv":[6.3125,3.625,6.6232,3.9247],"rotation":0,"texture":"#0","tintindex":0},"north":{"uv":[6.3125,3.625,6.6232,3.9247],"rotation":180,"texture":"#0","tintindex":0},"west":{"uv":[6.3125,3.625,6.6232,3.9247],"rotation":0,"texture":"#0","tintindex":0},"up":{"uv":[6.3125,3.625,6.6232,3.9247],"rotation":0,"texture":"#0","tintindex":0},"down":{"uv":[6.3125,3.625,6.6232,3.9247],"rotation":0,"texture":"#0","tintindex":0}}},{"from":[7.808961,4.3024883,8.030981],"to":[10.622218,7.0426025,8.284696],"rotation":{"angle":-22.5,"axis":"y","origin":[9.534218,5.6725454,8.157838]},"faces":{"east":{"uv":[6.3125,3.625,6.6202,3.9247],"rotation":0,"texture":"#0","tintindex":0},"south":{"uv":[6.3125,3.625,6.6202,3.9247],"rotation":0,"texture":"#0","tintindex":0},"north":{"uv":[6.3125,3.625,6.6202,3.9247],"rotation":180,"texture":"#0","tintindex":0},"west":{"uv":[6.3125,3.625,6.6202,3.9247],"rotation":0,"texture":"#0","tintindex":0},"up":{"uv":[6.3125,3.625,6.6202,3.9247],"rotation":0,"texture":"#0","tintindex":0},"down":{"uv":[6.3125,3.625,6.6202,3.9247],"rotation":0,"texture":"#0","tintindex":0}}},{"from":[7.808961,3.0846596,8.284696],"to":[10.132161,5.824774,8.53841],"rotation":{"angle":-22.5,"axis":"y","origin":[9.534218,4.4547167,8.411552]},"faces":{"east":{"uv":[6.3125,3.625,6.5666,3.9247],"rotation":0,"texture":"#0","tintindex":0},"south":{"uv":[6.3125,3.625,6.5666,3.9247],"rotation":0,"texture":"#0","tintindex":0},"north":{"uv":[6.3125,3.625,6.5666,3.9247],"rotation":180,"texture":"#0","tintindex":0},"west":{"uv":[6.3125,3.625,6.5666,3.9247],"rotation":0,"texture":"#0","tintindex":0},"up":{"uv":[6.3125,3.625,6.5666,3.9247],"rotation":0,"texture":"#0","tintindex":0},"down":{"uv":[6.3125,3.625,6.5666,3.9247],"rotation":0,"texture":"#0","tintindex":0}}},{"from":[7.808961,1.7653451,8.487667],"to":[10.096504,4.50546,8.741382],"rotation":{"angle":-22.5,"axis":"y","origin":[9.534218,3.1354027,8.614524]},"faces":{"east":{"uv":[6.3125,3.625,6.5627,3.9247],"rotation":0,"texture":"#0","tintindex":0},"south":{"uv":[6.3125,3.625,6.5627,3.9247],"rotation":0,"texture":"#0","tintindex":0},"north":{"uv":[6.3125,3.625,6.5627,3.9247],"rotation":180,"texture":"#0","tintindex":0},"west":{"uv":[6.3125,3.625,6.5627,3.9247],"rotation":0,"texture":"#0","tintindex":0},"up":{"uv":[6.3125,3.625,6.5627,3.9247],"rotation":0,"texture":"#0","tintindex":0},"down":{"uv":[6.3125,3.71875,6.5627,3.7465],"rotation":0,"texture":"#0","tintindex":0}}}],"display":{"head":{"translation":[0.0,-6.4,0.0],"scale":[4.0,4.0,4.0]}}}