{"textures":{"0":"modelengine:entity/redancientsamurai"},"elements":[{"from":[2.9043484,1.3152256,5.891657],"to":[5.656348,4.322768,10.108343],"rotation":{"angle":-45.0,"axis":"z","origin":[13.977991,-0.66431236,7.9428573]},"faces":{"east":{"uv":[6.625,5.75,6.9375,6.09375],"rotation":0,"texture":"#0","tintindex":0},"south":{"uv":[6.625,5.75,6.9375,6.09375],"rotation":0,"texture":"#0","tintindex":0},"north":{"uv":[6.625,5.75,6.9375,6.09375],"rotation":0,"texture":"#0","tintindex":0},"west":{"uv":[6.625,5.75,6.9375,6.09375],"rotation":0,"texture":"#0","tintindex":0},"up":{"uv":[6.625,5.75,6.7755,5.9806],"rotation":0,"texture":"#0","tintindex":0},"down":{"uv":[6.625,5.75,6.9375,6.09375],"rotation":0,"texture":"#0","tintindex":0}}}],"display":{"head":{"translation":[0.0,-6.4,0.0],"scale":[4.0,4.0,4.0]}}}