{"textures":{"0":"modelengine:entity/redancientsamurai"},"elements":[{"from":[8.285714,9.903427,8.581541],"to":[10.0,11.389142,9.895826],"rotation":{"angle":-22.5,"axis":"z","origin":[8.0,10.2462845,10.581541]},"faces":{"east":{"uv":[7.125,9.375,7.28125,9.53125],"rotation":0,"texture":"#0","tintindex":0},"south":{"uv":[6.8125,4.125,7.0,4.28125],"rotation":0,"texture":"#0","tintindex":0},"north":{"uv":[6.25,3.0,6.4375,3.15625],"rotation":0,"texture":"#0","tintindex":0},"west":{"uv":[7.75,9.375,7.90625,9.53125],"rotation":0,"texture":"#0","tintindex":0},"up":{"uv":[8.6875,1.34375,8.5,1.1875],"rotation":0,"texture":"#0","tintindex":0},"down":{"uv":[1.1875,9.3125,1.0,9.46875],"rotation":0,"texture":"#0","tintindex":0}}},{"from":[7.2986817,9.707094,8.581541],"to":[8.727253,11.192809,9.895826],"rotation":{"angle":0.0,"axis":"y","origin":[8.155825,10.449952,10.581541]},"faces":{"east":{"uv":[9.0625,9.375,9.21875,9.53125],"rotation":0,"texture":"#0","tintindex":0},"south":{"uv":[9.3125,9.375,9.46875,9.53125],"rotation":0,"texture":"#0","tintindex":0},"north":{"uv":[8.8125,9.375,8.96875,9.53125],"rotation":0,"texture":"#0","tintindex":0},"west":{"uv":[0.0,9.4375,0.15625,9.59375],"rotation":0,"texture":"#0","tintindex":0},"up":{"uv":[0.40625,9.59375,0.25,9.4375],"rotation":0,"texture":"#0","tintindex":0},"down":{"uv":[0.65625,9.4375,0.5,9.59375],"rotation":0,"texture":"#0","tintindex":0}}},{"from":[6.0,9.903427,8.581541],"to":[7.714286,11.389142,9.895826],"rotation":{"angle":22.5,"axis":"z","origin":[8.0,10.2462845,10.581541]},"faces":{"east":{"uv":[8.0,9.375,8.15625,9.53125],"rotation":0,"texture":"#0","tintindex":0},"south":{"uv":[1.6875,9.3125,1.875,9.46875],"rotation":0,"texture":"#0","tintindex":0},"north":{"uv":[9.3125,1.625,9.5,1.78125],"rotation":0,"texture":"#0","tintindex":0},"west":{"uv":[8.5625,9.375,8.71875,9.53125],"rotation":0,"texture":"#0","tintindex":0},"up":{"uv":[9.5,2.03125,9.3125,1.875],"rotation":0,"texture":"#0","tintindex":0},"down":{"uv":[3.625,9.3125,3.4375,9.46875],"rotation":0,"texture":"#0","tintindex":0}}},{"from":[6.9142857,5.7319984,10.067255],"to":[9.085714,6.5319986,11.895827],"rotation":{"angle":0.0,"axis":"y","origin":[7.714286,-8.896574,10.581541]},"faces":{"east":{"uv":[1.5625,0.0,1.8,0.0875],"rotation":0,"texture":"#0","tintindex":0},"south":{"uv":[1.5625,0.0,1.8,0.0875],"rotation":0,"texture":"#0","tintindex":0},"north":{"uv":[1.5625,0.0,1.8,0.0875],"rotation":0,"texture":"#0","tintindex":0},"west":{"uv":[1.5625,0.0,1.8,0.0875],"rotation":0,"texture":"#0","tintindex":0},"up":{"uv":[1.5625,0.0,1.8,0.0875],"rotation":0,"texture":"#0","tintindex":0},"down":{"uv":[1.5625,0.0,1.8,0.0875],"rotation":0,"texture":"#0","tintindex":0}}},{"from":[5.942857,4.817713,9.895826],"to":[10.057143,6.5319986,12.524399],"rotation":{"angle":-22.5,"axis":"x","origin":[8.0,6.131999,11.210113]},"faces":{"east":{"uv":[1.5625,0.0,2.0125,0.1875],"rotation":0,"texture":"#0","tintindex":0},"south":{"uv":[1.5625,0.0,2.0125,0.1875],"rotation":0,"texture":"#0","tintindex":0},"north":{"uv":[1.5625,0.0,2.0125,0.1875],"rotation":0,"texture":"#0","tintindex":0},"west":{"uv":[1.5625,0.0,2.0125,0.1875],"rotation":0,"texture":"#0","tintindex":0},"up":{"uv":[1.5625,0.0,2.0125,0.1875],"rotation":0,"texture":"#0","tintindex":0},"down":{"uv":[1.5625,0.0,2.0125,0.1875],"rotation":0,"texture":"#0","tintindex":0}}},{"from":[6.0,6.2462845,9.095827],"to":[10.0,10.646285,12.867256],"rotation":{"angle":0.0,"axis":"y","origin":[7.714286,-8.896574,10.581541]},"faces":{"east":{"uv":[4.125,0.0,4.53125,0.46875],"rotation":0,"texture":"#0","tintindex":0},"south":{"uv":[2.25,3.8125,2.6875,4.28125],"rotation":0,"texture":"#0","tintindex":0},"north":{"uv":[2.25,3.8125,2.6875,4.28125],"rotation":0,"texture":"#0","tintindex":0},"west":{"uv":[4.125,3.25,4.53125,3.71875],"rotation":0,"texture":"#0","tintindex":0},"up":{"uv":[4.5625,4.21875,4.125,3.8125],"rotation":0,"texture":"#0","tintindex":0},"down":{"uv":[4.6875,0.9375,4.25,1.34375],"rotation":0,"texture":"#0","tintindex":0}}},{"from":[8.457143,8.589142,8.867255],"to":[9.6,8.931999,9.095827],"rotation":{"angle":22.5,"axis":"z","origin":[9.028571,8.846285,8.981541]},"faces":{"east":{"uv":[3.875,13.78125,3.96875,13.90625],"rotation":0,"texture":"#0","tintindex":0},"south":{"uv":[3.875,13.78125,3.96875,13.90625],"rotation":0,"texture":"#0","tintindex":0},"north":{"uv":[3.875,13.78125,3.96875,13.90625],"rotation":0,"texture":"#0","tintindex":0},"west":{"uv":[3.875,13.78125,3.96875,13.90625],"rotation":0,"texture":"#0","tintindex":0},"up":{"uv":[3.875,13.78125,3.96875,13.90625],"rotation":0,"texture":"#0","tintindex":0},"down":{"uv":[3.875,13.78125,3.96875,13.90625],"rotation":0,"texture":"#0","tintindex":0}}},{"from":[6.4,8.589142,8.867255],"to":[7.542857,8.931999,9.095827],"rotation":{"angle":-22.5,"axis":"z","origin":[6.9714284,8.846285,8.981541]},"faces":{"east":{"uv":[3.875,13.78125,3.96875,13.90625],"rotation":0,"texture":"#0","tintindex":0},"south":{"uv":[3.875,13.78125,3.96875,13.90625],"rotation":0,"texture":"#0","tintindex":0},"north":{"uv":[3.875,13.78125,3.96875,13.90625],"rotation":0,"texture":"#0","tintindex":0},"west":{"uv":[3.875,13.78125,3.96875,13.90625],"rotation":0,"texture":"#0","tintindex":0},"up":{"uv":[3.875,13.78125,3.96875,13.90625],"rotation":0,"texture":"#0","tintindex":0},"down":{"uv":[3.875,13.78125,3.96875,13.90625],"rotation":0,"texture":"#0","tintindex":0}}},{"from":[6.285714,3.103427,7.9529696],"to":[9.714286,7.217713,7.9529696],"rotation":{"angle":22.5,"axis":"x","origin":[8.0,4.1891413,7.324398]},"faces":{"east":{"uv":[2.5,8.25,2.5,8.5625],"rotation":0,"texture":"#0","tintindex":0},"south":{"uv":[5.5,4.4375,5.9375,4.75],"rotation":0,"texture":"#0","tintindex":0},"north":{"uv":[9.53125,14.384375,11.4375,16.0],"rotation":0,"texture":"#0","tintindex":0},"west":{"uv":[3.8125,8.75,3.8125,9.0625],"rotation":0,"texture":"#0","tintindex":0},"up":{"uv":[11.9375,9.9375,11.5,9.9375],"rotation":0,"texture":"#0","tintindex":0},"down":{"uv":[11.9375,10.0,11.5,10.0],"rotation":0,"texture":"#0","tintindex":0}}},{"from":[5.428571,6.874856,8.981541],"to":[10.571428,8.703427,8.981541],"rotation":{"angle":0.0,"axis":"y","origin":[7.714286,-8.896574,10.581541]},"faces":{"east":{"uv":[2.5,8.25,2.5,8.5625],"rotation":0,"texture":"#0","tintindex":0},"south":{"uv":[5.5,4.4375,5.9375,4.75],"rotation":0,"texture":"#0","tintindex":0},"north":{"uv":[2.4375,12.78125,6.09375,14.03125],"rotation":0,"texture":"#0","tintindex":0},"west":{"uv":[3.8125,8.75,3.8125,9.0625],"rotation":0,"texture":"#0","tintindex":0},"up":{"uv":[11.9375,9.9375,11.5,9.9375],"rotation":0,"texture":"#0","tintindex":0},"down":{"uv":[11.9375,10.0,11.5,10.0],"rotation":0,"texture":"#0","tintindex":0}}}],"display":{"head":{"translation":[0.0,-6.4,0.0],"scale":[4.0,4.0,4.0]}}}