{"textures":{"0":"modelengine:entity/redancientsamurai"},"elements":[{"from":[-2.8956013,4.827279,5.9488],"to":[-1.6178865,7.245108,10.222629],"rotation":{"angle":-45.0,"axis":"z","origin":[7.932328,8.045217,8.0]},"faces":{"east":{"uv":[5.125,2.6875,5.25,2.9375],"rotation":0,"texture":"#0","tintindex":0},"south":{"uv":[5.125,2.6875,5.25,2.9375],"rotation":0,"texture":"#0","tintindex":0},"north":{"uv":[5.125,2.6875,5.25,2.9375],"rotation":0,"texture":"#0","tintindex":0},"west":{"uv":[5.125,2.6875,5.25,2.9375],"rotation":0,"texture":"#0","tintindex":0},"up":{"uv":[5.125,2.6875,5.194875,2.921225],"rotation":0,"texture":"#0","tintindex":0},"down":{"uv":[5.125,2.6875,5.25,2.9375],"rotation":0,"texture":"#0","tintindex":0}}},{"from":[-1.5344791,12.472628,5.9369144],"to":[2.0289493,14.319027,5.9369144],"rotation":{"angle":-22.5,"axis":"z","origin":[0.2472353,11.110112,5.9369144]},"faces":{"east":{"uv":[5.375,4.4375,5.4375,4.625],"rotation":0,"texture":"#0","tintindex":0},"south":{"uv":[8.1875,5.625,8.5625,5.8125],"rotation":0,"texture":"#0","tintindex":0},"north":{"uv":[8.1875,5.375,8.5625,5.5625],"rotation":0,"texture":"#0","tintindex":0},"west":{"uv":[7.0,1.875,7.0625,2.0625],"rotation":0,"texture":"#0","tintindex":0},"up":{"uv":[9.5,4.875,9.125,4.8125],"rotation":0,"texture":"#0","tintindex":0},"down":{"uv":[9.6875,0.5625,9.3125,0.625],"rotation":0,"texture":"#0","tintindex":0}}},{"from":[-1.5344791,7.9011984,5.9369144],"to":[2.0289493,9.747599,5.9369144],"rotation":{"angle":-22.5,"axis":"z","origin":[0.2472353,11.110112,5.9369144]},"faces":{"east":{"uv":[2.4375,7.0625,2.5,7.25],"rotation":0,"texture":"#0","tintindex":0},"south":{"uv":[8.1875,6.4375,8.5625,6.625],"rotation":0,"texture":"#0","tintindex":0},"north":{"uv":[8.1875,6.1875,8.5625,6.375],"rotation":0,"texture":"#0","tintindex":0},"west":{"uv":[5.25,7.1875,5.3125,7.375],"rotation":0,"texture":"#0","tintindex":0},"up":{"uv":[9.8125,2.1875,9.4375,2.125],"rotation":0,"texture":"#0","tintindex":0},"down":{"uv":[9.8125,2.25,9.4375,2.3125],"rotation":0,"texture":"#0","tintindex":0}}}],"display":{"head":{"translation":[0.0,-6.4,0.0],"scale":[4.0,4.0,4.0]}}}