{"textures":{"0":"modelengine:entity/redancientsamurai"},"elements":[{"from":[8.990477,5.6,5.9714284],"to":[9.333333,7.542857,10.028572],"rotation":{"angle":0.0,"axis":"y","origin":[7.6190476,9.914286,8.0]},"faces":{"east":{"uv":[5.0,5.28125,5.375,5.459375],"rotation":0,"texture":"#0","tintindex":0},"south":{"uv":[5.0,5.28125,5.0375,5.49375],"rotation":0,"texture":"#0","tintindex":0},"north":{"uv":[5.0,5.28125,5.0375,5.49375],"rotation":0,"texture":"#0","tintindex":0},"west":{"uv":[5.0,5.28125,5.375,5.459375],"rotation":0,"texture":"#0","tintindex":0},"up":{"uv":[5.0,5.28125,5.0375,5.49375],"rotation":0,"texture":"#0","tintindex":0},"down":{"uv":[5.0,5.28125,5.375,5.459375],"rotation":0,"texture":"#0","tintindex":0}}},{"from":[8.647619,7.142857,6.028571],"to":[8.990477,9.085714,9.971429],"rotation":{"angle":0.0,"axis":"y","origin":[7.6190476,9.914286,8.0]},"faces":{"east":{"uv":[5.0,5.28125,5.375,5.459375],"rotation":0,"texture":"#0","tintindex":0},"south":{"uv":[5.0,5.28125,5.0375,5.49375],"rotation":0,"texture":"#0","tintindex":0},"north":{"uv":[5.0,5.28125,5.0375,5.49375],"rotation":0,"texture":"#0","tintindex":0},"west":{"uv":[5.0,5.28125,5.375,5.459375],"rotation":0,"texture":"#0","tintindex":0},"up":{"uv":[5.0,5.28125,5.375,5.459375],"rotation":0,"texture":"#0","tintindex":0},"down":{"uv":[5.0,5.28125,5.375,5.459375],"rotation":0,"texture":"#0","tintindex":0}}},{"from":[8.247619,8.342857,6.0857143],"to":[8.590476,10.285714,9.914286],"rotation":{"angle":0.0,"axis":"y","origin":[7.6190476,9.914286,8.0]},"faces":{"east":{"uv":[5.0,5.28125,5.375,5.459375],"rotation":0,"texture":"#0","tintindex":0},"south":{"uv":[5.0,5.28125,5.0375,5.49375],"rotation":0,"texture":"#0","tintindex":0},"north":{"uv":[5.0,5.28125,5.0375,5.49375],"rotation":0,"texture":"#0","tintindex":0},"west":{"uv":[5.0,5.28125,5.375,5.459375],"rotation":0,"texture":"#0","tintindex":0},"up":{"uv":[5.0,5.28125,5.0375,5.49375],"rotation":0,"texture":"#0","tintindex":0},"down":{"uv":[5.0,5.28125,5.375,5.459375],"rotation":0,"texture":"#0","tintindex":0}}}],"display":{"head":{"translation":[0.0,-6.4,0.0],"scale":[4.0,4.0,4.0]}}}