{"textures":{"0":"modelengine:entity/redancientsamurai"},"elements":[{"from":[7.8285713,7.1142855,5.9714284],"to":[8.171429,9.057143,10.028572],"rotation":{"angle":0.0,"axis":"y","origin":[8.0,11.428572,8.0]},"faces":{"east":{"uv":[5.0,5.28125,5.4,5.459375],"rotation":0,"texture":"#0","tintindex":0},"south":{"uv":[5.0,5.28125,5.0375,5.49375],"rotation":0,"texture":"#0","tintindex":0},"north":{"uv":[5.0,5.28125,5.0375,5.49375],"rotation":0,"texture":"#0","tintindex":0},"west":{"uv":[5.0,5.28125,5.4,5.459375],"rotation":0,"texture":"#0","tintindex":0},"up":{"uv":[5.0,5.28125,5.0375,5.49375],"rotation":0,"texture":"#0","tintindex":0},"down":{"uv":[5.0,5.28125,5.4,5.459375],"rotation":0,"texture":"#0","tintindex":0}}},{"from":[8.171429,8.657143,6.028571],"to":[8.514286,10.6,9.971429],"rotation":{"angle":0.0,"axis":"y","origin":[8.0,11.428572,8.0]},"faces":{"east":{"uv":[5.0,5.28125,5.3875,5.459375],"rotation":0,"texture":"#0","tintindex":0},"south":{"uv":[5.0,5.28125,5.0375,5.49375],"rotation":0,"texture":"#0","tintindex":0},"north":{"uv":[5.0,5.28125,5.0375,5.49375],"rotation":0,"texture":"#0","tintindex":0},"west":{"uv":[5.0,5.28125,5.3875,5.459375],"rotation":0,"texture":"#0","tintindex":0},"up":{"uv":[5.0,5.28125,5.0375,5.49375],"rotation":0,"texture":"#0","tintindex":0},"down":{"uv":[5.0,5.28125,5.3875,5.459375],"rotation":0,"texture":"#0","tintindex":0}}},{"from":[8.6285715,9.857143,6.0857143],"to":[8.971429,11.8,9.914286],"rotation":{"angle":0.0,"axis":"y","origin":[8.0,11.428572,8.0]},"faces":{"east":{"uv":[5.0,5.28125,5.375,5.459375],"rotation":0,"texture":"#0","tintindex":0},"south":{"uv":[5.0,5.28125,5.0375,5.49375],"rotation":0,"texture":"#0","tintindex":0},"north":{"uv":[5.0,5.28125,5.0375,5.49375],"rotation":0,"texture":"#0","tintindex":0},"west":{"uv":[5.0,5.28125,5.375,5.459375],"rotation":0,"texture":"#0","tintindex":0},"up":{"uv":[5.0,5.28125,5.0375,5.49375],"rotation":0,"texture":"#0","tintindex":0},"down":{"uv":[5.0,5.28125,5.375,5.459375],"rotation":0,"texture":"#0","tintindex":0}}}],"display":{"head":{"translation":[0.0,-6.4,0.0],"scale":[4.0,4.0,4.0]}}}