{"textures":{"0":"modelengine:entity/redancientsamurai"},"elements":[{"from":[4.5714283,6.1993356,6.9043236],"to":[8.171429,9.285049,7.190038],"rotation":{"angle":22.5,"axis":"y","origin":[6.285714,7.7421927,7.047181]},"faces":{"east":{"uv":[4.9375,10.0,4.96875,10.34375],"rotation":0,"texture":"#0","tintindex":0},"south":{"uv":[0.0,4.5625,0.46875,4.90625],"rotation":0,"texture":"#0","tintindex":0},"north":{"uv":[4.625,0.0,5.09375,0.34375],"rotation":0,"texture":"#0","tintindex":0},"west":{"uv":[1.375,10.0625,1.40625,10.40625],"rotation":0,"texture":"#0","tintindex":0},"up":{"uv":[10.21875,7.28125,9.8125,7.25],"rotation":0,"texture":"#0","tintindex":0},"down":{"uv":[10.21875,8.5,9.8125,8.53125],"rotation":0,"texture":"#0","tintindex":0}}},{"from":[4.5714283,4.5993357,7.247181],"to":[8.171429,7.68505,7.532895],"rotation":{"angle":22.5,"axis":"y","origin":[6.285714,6.142193,7.390038]},"faces":{"east":{"uv":[3.4375,10.0625,3.46875,10.40625],"rotation":0,"texture":"#0","tintindex":0},"south":{"uv":[0.0,4.5625,0.46875,4.90625],"rotation":0,"texture":"#0","tintindex":0},"north":{"uv":[5.0,5.125,5.40625,5.46875],"rotation":0,"texture":"#0","tintindex":0},"west":{"uv":[4.0,10.0625,4.03125,10.40625],"rotation":0,"texture":"#0","tintindex":0},"up":{"uv":[10.28125,0.03125,9.875,0.0],"rotation":0,"texture":"#0","tintindex":0},"down":{"uv":[10.28125,0.125,9.875,0.15625],"rotation":0,"texture":"#0","tintindex":0}}},{"from":[4.685714,3.2279067,7.532895],"to":[8.171429,6.313621,7.8186097],"rotation":{"angle":22.5,"axis":"y","origin":[6.285714,4.7707644,7.6757526]},"faces":{"east":{"uv":[4.3125,10.0625,4.34375,10.40625],"rotation":0,"texture":"#0","tintindex":0},"south":{"uv":[0.0,4.5625,0.46875,4.90625],"rotation":0,"texture":"#0","tintindex":0},"north":{"uv":[5.8125,2.8125,6.1875,3.15625],"rotation":0,"texture":"#0","tintindex":0},"west":{"uv":[4.4375,10.0625,4.46875,10.40625],"rotation":0,"texture":"#0","tintindex":0},"up":{"uv":[10.25,9.53125,9.875,9.5],"rotation":0,"texture":"#0","tintindex":0},"down":{"uv":[10.25,9.625,9.875,9.65625],"rotation":0,"texture":"#0","tintindex":0}}},{"from":[4.5714283,1.7421927,7.761467],"to":[8.171429,4.8279066,8.047181],"rotation":{"angle":22.5,"axis":"y","origin":[6.285714,3.28505,7.904324]},"faces":{"east":{"uv":[5.75,10.0625,5.78125,10.40625],"rotation":0,"texture":"#0","tintindex":0},"south":{"uv":[0.0,4.5625,0.46875,4.90625],"rotation":0,"texture":"#0","tintindex":0},"north":{"uv":[1.5,5.0625,1.90625,5.40625],"rotation":0,"texture":"#0","tintindex":0},"west":{"uv":[5.875,10.0625,5.90625,10.40625],"rotation":0,"texture":"#0","tintindex":0},"up":{"uv":[10.28125,0.28125,9.875,0.25],"rotation":0,"texture":"#0","tintindex":0},"down":{"uv":[10.28125,0.375,9.875,0.40625],"rotation":0,"texture":"#0","tintindex":0}}},{"from":[7.7714286,6.1993356,6.9043236],"to":[11.428572,9.285049,7.190038],"rotation":{"angle":-22.5,"axis":"y","origin":[9.714286,7.7421927,7.047181]},"faces":{"east":{"uv":[6.0,10.0625,6.03125,10.40625],"rotation":0,"texture":"#0","tintindex":0},"south":{"uv":[0.0,4.5625,0.46875,4.90625],"rotation":0,"texture":"#0","tintindex":0},"north":{"uv":[0.0,4.5625,0.46875,4.90625],"rotation":0,"texture":"#0","tintindex":0},"west":{"uv":[6.75,10.0625,6.78125,10.40625],"rotation":0,"texture":"#0","tintindex":0},"up":{"uv":[1.28125,9.90625,0.875,9.875],"rotation":0,"texture":"#0","tintindex":0},"down":{"uv":[2.09375,9.875,1.6875,9.90625],"rotation":0,"texture":"#0","tintindex":0}}},{"from":[7.7714286,4.5993357,7.247181],"to":[11.428572,7.68505,7.532895],"rotation":{"angle":-22.5,"axis":"y","origin":[9.714286,6.142193,7.390038]},"faces":{"east":{"uv":[6.875,10.0625,6.90625,10.40625],"rotation":0,"texture":"#0","tintindex":0},"south":{"uv":[0.0,4.5625,0.46875,4.90625],"rotation":0,"texture":"#0","tintindex":0},"north":{"uv":[5.0,5.125,5.40625,5.46875],"rotation":0,"texture":"#0","tintindex":0},"west":{"uv":[7.0,10.0625,7.03125,10.40625],"rotation":0,"texture":"#0","tintindex":0},"up":{"uv":[10.28125,1.96875,9.875,1.9375],"rotation":0,"texture":"#0","tintindex":0},"down":{"uv":[10.28125,2.0625,9.875,2.09375],"rotation":0,"texture":"#0","tintindex":0}}},{"from":[7.7714286,3.2279067,7.532895],"to":[11.314286,6.313621,7.8186097],"rotation":{"angle":-22.5,"axis":"y","origin":[9.714286,4.7707644,7.6757526]},"faces":{"east":{"uv":[2.5,10.125,2.53125,10.46875],"rotation":0,"texture":"#0","tintindex":0},"south":{"uv":[0.0,4.5625,0.46875,4.90625],"rotation":0,"texture":"#0","tintindex":0},"north":{"uv":[5.8125,2.8125,6.1875,3.15625],"rotation":0,"texture":"#0","tintindex":0},"west":{"uv":[3.0625,10.125,3.09375,10.46875],"rotation":0,"texture":"#0","tintindex":0},"up":{"uv":[10.3125,0.84375,9.9375,0.8125],"rotation":0,"texture":"#0","tintindex":0},"down":{"uv":[10.3125,0.9375,9.9375,0.96875],"rotation":0,"texture":"#0","tintindex":0}}},{"from":[7.7714286,1.7421927,7.761467],"to":[11.428572,4.8279066,8.047181],"rotation":{"angle":-22.5,"axis":"y","origin":[9.714286,3.28505,7.904324]},"faces":{"east":{"uv":[3.1875,10.125,3.21875,10.46875],"rotation":0,"texture":"#0","tintindex":0},"south":{"uv":[0.0,4.5625,0.46875,4.90625],"rotation":0,"texture":"#0","tintindex":0},"north":{"uv":[1.5,5.0625,1.90625,5.40625],"rotation":0,"texture":"#0","tintindex":0},"west":{"uv":[10.125,3.3125,10.15625,3.65625],"rotation":0,"texture":"#0","tintindex":0},"up":{"uv":[10.28125,2.21875,9.875,2.1875],"rotation":0,"texture":"#0","tintindex":0},"down":{"uv":[10.28125,2.3125,9.875,2.34375],"rotation":0,"texture":"#0","tintindex":0}}}],"display":{"head":{"translation":[0.0,-6.4,0.0],"scale":[4.0,4.0,4.0]}}}