{"textures":{"0":"modelengine:entity/redancientsamurai"},"elements":[{"from":[7.457143,3.5213203,3.2193618],"to":[8.542857,5.0070343,24.076506],"rotation":{"angle":45.0,"axis":"x","origin":[8.0,6.1213202,12.505076]},"faces":{"east":{"uv":[1.0,2.0,3.28125,2.15625],"rotation":0,"texture":"#0","tintindex":0},"south":{"uv":[2.15,2.28125,2.209375,2.3625],"rotation":0,"texture":"#0","tintindex":0},"north":{"uv":[8.4375,9.625,8.5625,9.78125],"rotation":0,"texture":"#0","tintindex":0},"west":{"uv":[1.0,2.25,3.28125,2.40625],"rotation":0,"texture":"#0","tintindex":0},"up":{"uv":[2.61875,2.25,3.28125,2.40625],"rotation":0,"texture":"#0","tintindex":0},"down":{"uv":[1.0,2.0,2.140625,2.059375],"rotation":90,"texture":"#0","tintindex":0}}}],"display":{"head":{"translation":[0.0,-6.4,0.0],"scale":[4.0,4.0,4.0]}}}