{"textures":{"0":"modelengine:entity/redancientsamurai"},"elements":[{"from":[4.857143,7.944696,6.3604546],"to":[11.257143,10.858982,10.303312],"rotation":{"angle":22.5,"axis":"x","origin":[8.400001,7.5446963,8.331883]},"faces":{"east":{"uv":[1.5625,0.0,2.2625,0.31875],"rotation":0,"texture":"#0","tintindex":0},"south":{"uv":[1.5625,0.0,2.2625,0.31875],"rotation":0,"texture":"#0","tintindex":0},"north":{"uv":[1.5625,0.0,2.2625,0.31875],"rotation":0,"texture":"#0","tintindex":0},"west":{"uv":[1.5625,0.0,2.2625,0.31875],"rotation":0,"texture":"#0","tintindex":0},"up":{"uv":[1.5625,0.0,2.2625,0.31875],"rotation":0,"texture":"#0","tintindex":0},"down":{"uv":[1.5625,0.0,2.2625,0.31875],"rotation":0,"texture":"#0","tintindex":0}}},{"from":[4.571429,8.287554,6.2461686],"to":[11.542857,9.887553,8.246169],"rotation":{"angle":22.5,"axis":"x","origin":[8.400001,7.5446963,8.331883]},"faces":{"east":{"uv":[8.375,7.75,8.625,8.03125],"rotation":90,"texture":"#0","tintindex":0},"south":{"uv":[8.375,7.75,8.625,8.03125],"rotation":90,"texture":"#0","tintindex":0},"north":{"uv":[8.375,7.75,8.625,8.03125],"rotation":90,"texture":"#0","tintindex":0},"west":{"uv":[8.375,7.75,8.625,8.03125],"rotation":90,"texture":"#0","tintindex":0},"up":{"uv":[8.375,7.75,8.625,8.03125],"rotation":90,"texture":"#0","tintindex":0},"down":{"uv":[8.375,7.75,8.625,8.03125],"rotation":90,"texture":"#0","tintindex":0}}},{"from":[4.6285715,8.263808,8.536972],"to":[11.485715,9.863808,11.451259],"rotation":{"angle":0.0,"axis":"y","origin":[8.057143,8.920951,9.536973]},"faces":{"east":{"uv":[8.375,7.75,8.625,8.03125],"rotation":90,"texture":"#0","tintindex":0},"south":{"uv":[8.375,7.75,8.625,8.03125],"rotation":90,"texture":"#0","tintindex":0},"north":{"uv":[8.375,7.75,8.625,8.03125],"rotation":90,"texture":"#0","tintindex":0},"west":{"uv":[8.375,7.75,8.625,8.03125],"rotation":90,"texture":"#0","tintindex":0},"up":{"uv":[8.375,7.75,8.625,8.03125],"rotation":90,"texture":"#0","tintindex":0},"down":{"uv":[8.375,7.75,8.625,8.03125],"rotation":90,"texture":"#0","tintindex":0}}}],"display":{"head":{"translation":[0.0,-6.4,0.0],"scale":[4.0,4.0,4.0]}}}