{"textures":{"0":"modelengine:entity/gargoyle"},"elements":[{"from":[1.1428566,7.714286,-5.1428576],"to":[14.857143,16.857143,8.571428],"rotation":{"angle":0.0,"axis":"y","origin":[8.571428,11.428572,10.857143]},"faces":{"east":{"uv":[13.176471,2.0,13.882353,2.4705882],"rotation":0,"texture":"#0","tintindex":0},"south":{"uv":[13.176471,2.4705882,13.882353,2.9411764],"rotation":0,"texture":"#0","tintindex":0},"north":{"uv":[13.176471,1.5294118,13.882353,2.0],"rotation":0,"texture":"#0","tintindex":0},"west":{"uv":[13.176471,2.9411764,13.882353,3.4117646],"rotation":0,"texture":"#0","tintindex":0},"up":{"uv":[5.117647,7.1764708,4.4117646,6.470588],"rotation":0,"texture":"#0","tintindex":0},"down":{"uv":[11.117647,11.735294,10.411765,12.441176],"rotation":0,"texture":"#0","tintindex":0}}}],"display":{"head":{"translation":[0.0,-6.4,0.0],"scale":[4.0,4.0,4.0]}}}