{"textures":{"0":"modelengine:entity/gargoyle"},"elements":[{"from":[-16.0,20.0,5.714286],"to":[20.000004,24.57143,10.285714],"rotation":{"angle":-22.5,"axis":"z","origin":[9.142859,22.285715,8.0]},"faces":{"east":{"uv":[15.176471,7.9117646,15.411765,8.1470585],"rotation":0,"texture":"#0","tintindex":0},"south":{"uv":[11.764706,7.352941,13.617647,7.5882354],"rotation":0,"texture":"#0","tintindex":0},"north":{"uv":[11.764706,7.117647,13.617647,7.352941],"rotation":0,"texture":"#0","tintindex":0},"west":{"uv":[15.176471,8.1470585,15.411765,8.382353],"rotation":0,"texture":"#0","tintindex":0},"up":{"uv":[13.794118,9.058824,11.941176,8.823529],"rotation":0,"texture":"#0","tintindex":0},"down":{"uv":[13.794118,9.058824,11.941176,9.294118],"rotation":0,"texture":"#0","tintindex":0}}},{"from":[-16.0,-16.0,8.0],"to":[20.000004,31.428574,8.0],"rotation":{"angle":0.0,"axis":"y","origin":[9.142859,22.285715,10.285714]},"faces":{"east":{"uv":[0.0,0.0,0.0,2.4411764],"rotation":0,"texture":"#0","tintindex":0},"south":{"uv":[5.117647,2.4411764,6.970588,4.882353],"rotation":0,"texture":"#0","tintindex":0},"north":{"uv":[5.117647,0.0,6.970588,2.4411764],"rotation":0,"texture":"#0","tintindex":0},"west":{"uv":[0.0,0.0,0.0,2.4411764],"rotation":0,"texture":"#0","tintindex":0},"up":{"uv":[1.8529412,0.0,0.0,0.0],"rotation":0,"texture":"#0","tintindex":0},"down":{"uv":[1.8529412,0.0,0.0,0.0],"rotation":0,"texture":"#0","tintindex":0}}}],"display":{"head":{"translation":[-42.17488,-47.048103,0.0],"scale":[4.0,4.0,4.0]}}}