{"textures":{"0":"modelengine:entity/gargoyle"},"elements":[{"from":[3.4285717,-2.8571434,0.0],"to":[18.857143,13.142858,16.0],"rotation":{"angle":0.0,"axis":"y","origin":[31.428574,-14.57143,5.142857]},"faces":{"east":{"uv":[10.735294,3.1176472,11.558824,3.9411764],"rotation":0,"texture":"#0","tintindex":0},"south":{"uv":[8.088235,11.294118,8.882353,12.117647],"rotation":0,"texture":"#0","tintindex":0},"north":{"uv":[11.264706,5.5882354,12.058824,6.4117646],"rotation":0,"texture":"#0","tintindex":0},"west":{"uv":[10.411765,10.911765,11.235294,11.735294],"rotation":0,"texture":"#0","tintindex":0},"up":{"uv":[12.117647,2.235294,11.323529,1.4117647],"rotation":0,"texture":"#0","tintindex":0},"down":{"uv":[12.294118,9.323529,11.5,10.1470585],"rotation":0,"texture":"#0","tintindex":0}}},{"from":[-16.0,-5.1428576,-0.57142925],"to":[4.5714293,8.571428,13.142858],"rotation":{"angle":0.0,"axis":"y","origin":[31.428574,-14.57143,5.142857]},"faces":{"east":{"uv":[11.823529,11.735294,12.529411,12.441176],"rotation":0,"texture":"#0","tintindex":0},"south":{"uv":[10.411765,10.205882,11.470589,10.911765],"rotation":0,"texture":"#0","tintindex":0},"north":{"uv":[4.6764708,10.323529,5.7352943,11.029411],"rotation":0,"texture":"#0","tintindex":0},"west":{"uv":[9.617647,11.8529415,10.323529,12.558824],"rotation":0,"texture":"#0","tintindex":0},"up":{"uv":[11.529411,0.7058824,10.470589,0.0],"rotation":0,"texture":"#0","tintindex":0},"down":{"uv":[11.558824,0.7058824,10.5,1.4117647],"rotation":0,"texture":"#0","tintindex":0}}}],"display":{"head":{"translation":[-38.857147,-6.4,0.0],"scale":[4.0,4.0,4.0]}}}