{"textures":{"0":"modelengine:entity/gargoyle"},"elements":[{"from":[3.738041,-1.7142859,5.401305],"to":[9.680898,9.257143,12.258448],"rotation":{"angle":0.0,"axis":"y","origin":[6.7094693,29.371431,3.1155906]},"faces":{"east":{"uv":[13.8529415,14.529411,14.205882,15.088235],"rotation":0,"texture":"#0","tintindex":0},"south":{"uv":[3.8235295,14.794118,4.117647,15.3529415],"rotation":0,"texture":"#0","tintindex":0},"north":{"uv":[12.735294,14.705882,13.029411,15.264706],"rotation":0,"texture":"#0","tintindex":0},"west":{"uv":[9.676471,14.558824,10.029411,15.117647],"rotation":0,"texture":"#0","tintindex":0},"up":{"uv":[9.617647,6.470588,9.323529,6.117647],"rotation":0,"texture":"#0","tintindex":0},"down":{"uv":[11.941176,8.058824,11.6470585,8.411765],"rotation":0,"texture":"#0","tintindex":0}}},{"from":[2.8237548,-2.6285725,-3.2844105],"to":[10.595184,1.9428568,9.9727335],"rotation":{"angle":0.0,"axis":"y","origin":[6.7094693,25.257145,0.82987595]},"faces":{"east":{"uv":[14.764706,14.264706,15.441176,14.5],"rotation":0,"texture":"#0","tintindex":0},"south":{"uv":[11.0,9.323529,11.411765,9.558824],"rotation":0,"texture":"#0","tintindex":0},"north":{"uv":[3.9705882,9.705882,4.382353,9.941176],"rotation":0,"texture":"#0","tintindex":0},"west":{"uv":[14.794118,3.6470587,15.470589,3.8823528],"rotation":0,"texture":"#0","tintindex":0},"up":{"uv":[1.8235294,9.588235,1.4117647,8.911765],"rotation":0,"texture":"#0","tintindex":0},"down":{"uv":[4.882353,13.735294,4.470588,14.411765],"rotation":0,"texture":"#0","tintindex":0}}},{"from":[-0.3762455,-4.000001,-10.141554],"to":[4.1951838,0.5714283,1.2870193],"rotation":{"angle":22.5,"axis":"y","origin":[1.9094691,-2.1714287,-4.427267]},"faces":{"east":{"uv":[5.970588,11.205882,6.5588236,11.441176],"rotation":0,"texture":"#0","tintindex":0},"south":{"uv":[10.088235,12.558824,10.323529,12.794118],"rotation":0,"texture":"#0","tintindex":0},"north":{"uv":[9.617647,11.617647,9.8529415,11.8529415],"rotation":0,"texture":"#0","tintindex":0},"west":{"uv":[14.911765,10.3529415,15.5,10.588235],"rotation":0,"texture":"#0","tintindex":0},"up":{"uv":[12.235294,15.441176,12.0,14.8529415],"rotation":0,"texture":"#0","tintindex":0},"down":{"uv":[15.205882,0.9117647,14.970589,1.5],"rotation":0,"texture":"#0","tintindex":0}}},{"from":[8.309469,-4.000001,-13.7986965],"to":[12.880898,0.5714283,-2.3701239],"rotation":{"angle":-22.5,"axis":"y","origin":[1.9094691,-2.1714287,-4.427267]},"faces":{"east":{"uv":[14.911765,10.588235,15.5,10.823529],"rotation":0,"texture":"#0","tintindex":0},"south":{"uv":[5.470588,13.323529,5.7058825,13.558824],"rotation":0,"texture":"#0","tintindex":0},"north":{"uv":[10.088235,12.794118,10.323529,13.029411],"rotation":0,"texture":"#0","tintindex":0},"west":{"uv":[14.970589,1.5,15.558824,1.7352941],"rotation":0,"texture":"#0","tintindex":0},"up":{"uv":[15.205882,2.3235295,14.970589,1.7352941],"rotation":0,"texture":"#0","tintindex":0},"down":{"uv":[13.264706,15.0,13.029411,15.588235],"rotation":0,"texture":"#0","tintindex":0}}},{"from":[4.1951838,-3.5428581,-12.884411],"to":[8.766612,1.0285711,-0.9986954],"rotation":{"angle":0.0,"axis":"y","origin":[1.9094691,-2.1714287,-4.427267]},"faces":{"east":{"uv":[14.8529415,0.6764706,15.470589,0.9117647],"rotation":0,"texture":"#0","tintindex":0},"south":{"uv":[13.911765,6.147059,14.1470585,6.382353],"rotation":0,"texture":"#0","tintindex":0},"north":{"uv":[9.323529,13.705882,9.558824,13.941176],"rotation":0,"texture":"#0","tintindex":0},"west":{"uv":[14.8529415,4.7058825,15.470589,4.9411764],"rotation":0,"texture":"#0","tintindex":0},"up":{"uv":[10.735294,2.9117646,10.5,2.2941177],"rotation":0,"texture":"#0","tintindex":0},"down":{"uv":[12.735294,9.941176,12.5,10.558824],"rotation":0,"texture":"#0","tintindex":0}}},{"from":[3.2808976,-0.8000002,-1.912981],"to":[10.138041,3.3142858,9.9727335],"rotation":{"angle":-22.5,"axis":"x","origin":[6.480898,1.2571425,4.029876]},"faces":{"east":{"uv":[9.588235,1.0294118,10.205882,1.2352941],"rotation":0,"texture":"#0","tintindex":0},"south":{"uv":[12.323529,0.64705884,12.676471,0.85294116],"rotation":0,"texture":"#0","tintindex":0},"north":{"uv":[5.0,9.558824,5.352941,9.764706],"rotation":0,"texture":"#0","tintindex":0},"west":{"uv":[12.941176,5.470588,13.558824,5.6764708],"rotation":0,"texture":"#0","tintindex":0},"up":{"uv":[6.1764708,14.823529,5.8235292,14.205882],"rotation":0,"texture":"#0","tintindex":0},"down":{"uv":[13.5,14.382353,13.1470585,15.0],"rotation":0,"texture":"#0","tintindex":0}}}],"display":{"head":{"translation":[0.0,-6.4,0.0],"scale":[4.0,4.0,4.0]}}}