{"textures":{"0":"modelengine:entity/gargoyle"},"elements":[{"from":[3.4857159,8.353956,-0.7068157],"to":[17.2,14.068242,17.5789],"rotation":{"angle":0.0,"axis":"y","origin":[6.6285725,5.782527,11.578899]},"faces":{"east":{"uv":[13.911765,0.64705884,14.8529415,0.9411765],"rotation":0,"texture":"#0","tintindex":0},"south":{"uv":[14.529411,0.0,15.235294,0.29411766],"rotation":0,"texture":"#0","tintindex":0},"north":{"uv":[14.294118,14.5,15.0,14.794118],"rotation":0,"texture":"#0","tintindex":0},"west":{"uv":[10.058824,13.911765,11.0,14.205882],"rotation":0,"texture":"#0","tintindex":0},"up":{"uv":[1.6470588,11.911765,0.9411765,10.970589],"rotation":0,"texture":"#0","tintindex":0},"down":{"uv":[5.1764708,11.029411,4.470588,11.970589],"rotation":0,"texture":"#0","tintindex":0}}},{"from":[-0.51428413,2.63967,2.1503272],"to":[15.485716,9.496813,19.293186],"rotation":{"angle":0.0,"axis":"y","origin":[6.6285725,5.782527,11.578899]},"faces":{"east":{"uv":[13.5,5.117647,14.382353,5.470588],"rotation":0,"texture":"#0","tintindex":0},"south":{"uv":[13.794118,7.5588236,14.617647,7.9117646],"rotation":0,"texture":"#0","tintindex":0},"north":{"uv":[0.0,13.794118,0.8235294,14.1470585],"rotation":0,"texture":"#0","tintindex":0},"west":{"uv":[13.5,12.1470585,14.382353,12.5],"rotation":0,"texture":"#0","tintindex":0},"up":{"uv":[8.941176,11.294118,8.117647,10.411765],"rotation":0,"texture":"#0","tintindex":0},"down":{"uv":[11.323529,1.4117647,10.5,2.2941177],"rotation":0,"texture":"#0","tintindex":0}}},{"from":[-5.6571426,0.92538404,15.864614],"to":[6.914287,7.782527,22.721756],"rotation":{"angle":45.0,"axis":"z","origin":[-3.9428558,7.782527,21.007471]},"faces":{"east":{"uv":[15.117647,12.411765,15.470589,12.764706],"rotation":0,"texture":"#0","tintindex":0},"south":{"uv":[14.1470585,12.8529415,14.794118,13.205882],"rotation":0,"texture":"#0","tintindex":0},"north":{"uv":[11.0,7.617647,11.6470585,7.970588],"rotation":0,"texture":"#0","tintindex":0},"west":{"uv":[15.117647,15.029411,15.470589,15.382353],"rotation":0,"texture":"#0","tintindex":0},"up":{"uv":[14.794118,13.558824,14.1470585,13.205882],"rotation":0,"texture":"#0","tintindex":0},"down":{"uv":[10.323529,14.205882,9.676471,14.558824],"rotation":0,"texture":"#0","tintindex":0}}},{"from":[-9.657143,1.4968128,-1.8496733],"to":[5.77143,8.353956,5.00747],"rotation":{"angle":45.0,"axis":"z","origin":[-3.9428558,10.068241,2.721756]},"faces":{"east":{"uv":[0.64705884,15.1470585,1.0,15.5],"rotation":0,"texture":"#0","tintindex":0},"south":{"uv":[13.882353,1.2941177,14.676471,1.6470588],"rotation":0,"texture":"#0","tintindex":0},"north":{"uv":[13.8529415,11.676471,14.6470585,12.029411],"rotation":0,"texture":"#0","tintindex":0},"west":{"uv":[1.882353,15.1470585,2.235294,15.5],"rotation":0,"texture":"#0","tintindex":0},"up":{"uv":[14.676471,2.0,13.882353,1.6470588],"rotation":0,"texture":"#0","tintindex":0},"down":{"uv":[14.676471,2.0,13.882353,2.3529413],"rotation":0,"texture":"#0","tintindex":0}}},{"from":[-7.9428577,2.63967,6.721756],"to":[7.4857154,9.496813,13.578899],"rotation":{"angle":45.0,"axis":"z","origin":[-3.9428558,10.068241,2.721756]},"faces":{"east":{"uv":[15.1470585,5.7647057,15.5,6.117647],"rotation":0,"texture":"#0","tintindex":0},"south":{"uv":[13.882353,2.7058823,14.676471,3.0588236],"rotation":0,"texture":"#0","tintindex":0},"north":{"uv":[13.882353,2.3529413,14.676471,2.7058823],"rotation":0,"texture":"#0","tintindex":0},"west":{"uv":[7.147059,15.1470585,7.5,15.5],"rotation":0,"texture":"#0","tintindex":0},"up":{"uv":[14.676471,3.4117646,13.882353,3.0588236],"rotation":0,"texture":"#0","tintindex":0},"down":{"uv":[14.676471,11.176471,13.882353,11.529411],"rotation":0,"texture":"#0","tintindex":0}}},{"from":[-16.0,-7.703188,6.6646132],"to":[-6.742857,6.1253843,13.636042],"rotation":{"angle":45.0,"axis":"z","origin":[-3.9428558,10.068241,2.721756]},"faces":{"east":{"uv":[2.4705882,11.1470585,2.8235295,11.8529415],"rotation":0,"texture":"#0","tintindex":0},"south":{"uv":[13.176471,7.970588,13.6470585,8.676471],"rotation":0,"texture":"#0","tintindex":0},"north":{"uv":[10.735294,3.9411764,11.205882,4.647059],"rotation":0,"texture":"#0","tintindex":0},"west":{"uv":[8.0,13.941176,8.3529415,14.6470585],"rotation":0,"texture":"#0","tintindex":0},"up":{"uv":[10.794118,15.029411,10.323529,14.676471],"rotation":0,"texture":"#0","tintindex":0},"down":{"uv":[15.264706,3.2941177,14.794118,3.6470587],"rotation":0,"texture":"#0","tintindex":0}}},{"from":[-16.0,-7.703188,15.80747],"to":[-6.742857,6.1253843,22.7789],"rotation":{"angle":45.0,"axis":"z","origin":[-3.9428558,10.068241,2.721756]},"faces":{"east":{"uv":[8.3529415,13.941176,8.705882,14.6470585],"rotation":0,"texture":"#0","tintindex":0},"south":{"uv":[6.2058825,13.264706,6.6764708,13.970589],"rotation":0,"texture":"#0","tintindex":0},"north":{"uv":[13.176471,9.764706,13.6470585,10.470589],"rotation":0,"texture":"#0","tintindex":0},"west":{"uv":[13.970589,3.4117646,14.323529,4.117647],"rotation":0,"texture":"#0","tintindex":0},"up":{"uv":[15.264706,5.7647057,14.794118,5.4117646],"rotation":0,"texture":"#0","tintindex":0},"down":{"uv":[7.617647,14.794118,7.147059,15.1470585],"rotation":0,"texture":"#0","tintindex":0}}},{"from":[-16.0,-7.703188,-1.9068165],"to":[-6.742857,6.1253843,5.0646133],"rotation":{"angle":45.0,"axis":"z","origin":[-3.9428558,10.068241,2.721756]},"faces":{"east":{"uv":[6.2058825,13.970589,6.5588236,14.676471],"rotation":0,"texture":"#0","tintindex":0},"south":{"uv":[9.588235,13.441176,10.058824,14.1470585],"rotation":0,"texture":"#0","tintindex":0},"north":{"uv":[13.323529,10.470589,13.794118,11.176471],"rotation":0,"texture":"#0","tintindex":0},"west":{"uv":[11.411765,14.029411,11.764706,14.735294],"rotation":0,"texture":"#0","tintindex":0},"up":{"uv":[9.5,15.1470585,9.029411,14.794118],"rotation":0,"texture":"#0","tintindex":0},"down":{"uv":[15.264706,12.764706,14.794118,13.117647],"rotation":0,"texture":"#0","tintindex":0}}},{"from":[4.057144,-8.788902,-1.278244],"to":[20.057144,-1.9317589,5.578899],"rotation":{"angle":45.0,"axis":"z","origin":[8.628572,-3.0746164,13.578899]},"faces":{"east":{"uv":[4.117647,15.1470585,4.470588,15.5],"rotation":0,"texture":"#0","tintindex":0},"south":{"uv":[13.794118,10.470589,14.617647,10.823529],"rotation":0,"texture":"#0","tintindex":0},"north":{"uv":[13.794118,8.676471,14.617647,9.029411],"rotation":0,"texture":"#0","tintindex":0},"west":{"uv":[4.470588,15.1470585,4.8235292,15.5],"rotation":0,"texture":"#0","tintindex":0},"up":{"uv":[14.617647,11.176471,13.794118,10.823529],"rotation":0,"texture":"#0","tintindex":0},"down":{"uv":[14.676471,6.382353,13.8529415,6.7352943],"rotation":0,"texture":"#0","tintindex":0}}}],"display":{"head":{"translation":[-23.19355,-6.4,0.0],"scale":[4.0,4.0,4.0]}}}