{"textures":{"0":"modelengine:entity/gargoyle"},"elements":[{"from":[2.0571427,6.1714287,-12.114286],"to":[10.742857,14.857143,11.2],"rotation":{"angle":0.0,"axis":"y","origin":[15.771429,9.142858,-0.22857189]},"faces":{"east":{"uv":[11.558824,2.235294,12.764706,2.6764705],"rotation":0,"texture":"#0","tintindex":0},"south":{"uv":[2.2941177,14.588235,2.735294,15.029411],"rotation":0,"texture":"#0","tintindex":0},"north":{"uv":[1.0588236,14.588235,1.5,15.029411],"rotation":0,"texture":"#0","tintindex":0},"west":{"uv":[11.558824,2.6764705,12.764706,3.1176472],"rotation":0,"texture":"#0","tintindex":0},"up":{"uv":[5.4411764,9.558824,5.0,8.3529415],"rotation":0,"texture":"#0","tintindex":0},"down":{"uv":[7.1764708,11.529411,6.7352943,12.735294],"rotation":0,"texture":"#0","tintindex":0}}},{"from":[-1.1428576,2.0571427,-2.9714298],"to":[8.0,12.114286,14.4],"rotation":{"angle":0.0,"axis":"y","origin":[15.771429,9.142858,-0.22857189]},"faces":{"east":{"uv":[12.058824,3.5588236,12.941176,4.0882354],"rotation":0,"texture":"#0","tintindex":0},"south":{"uv":[3.4117646,13.941176,3.8823528,14.470589],"rotation":0,"texture":"#0","tintindex":0},"north":{"uv":[2.9411764,13.941176,3.4117646,14.470589],"rotation":0,"texture":"#0","tintindex":0},"west":{"uv":[12.058824,4.0882354,12.941176,4.617647],"rotation":0,"texture":"#0","tintindex":0},"up":{"uv":[6.6764708,13.264706,6.2058825,12.382353],"rotation":0,"texture":"#0","tintindex":0},"down":{"uv":[10.088235,12.558824,9.617647,13.441176],"rotation":0,"texture":"#0","tintindex":0}}},{"from":[3.4285712,2.9714284,-8.0],"to":[11.657143,10.285714,10.285714],"rotation":{"angle":0.0,"axis":"y","origin":[15.771429,9.142858,-0.22857189]},"faces":{"east":{"uv":[8.029411,7.117647,8.970589,7.5],"rotation":0,"texture":"#0","tintindex":0},"south":{"uv":[0.0,14.823529,0.4117647,15.205882],"rotation":0,"texture":"#0","tintindex":0},"north":{"uv":[9.6470585,6.6764708,10.058824,7.0588236],"rotation":0,"texture":"#0","tintindex":0},"west":{"uv":[10.058824,7.617647,11.0,8.0],"rotation":0,"texture":"#0","tintindex":0},"up":{"uv":[2.235294,13.6470585,1.8235294,12.705882],"rotation":0,"texture":"#0","tintindex":0},"down":{"uv":[13.176471,0.64705884,12.764706,1.5882353],"rotation":0,"texture":"#0","tintindex":0}}}],"display":{"head":{"translation":[0.0,-6.4,0.0],"scale":[4.0,4.0,4.0]}}}