{"textures":{"0":"modelengine:entity/gargoyle"},"elements":[{"from":[7.443961,4.869167,6.4],"to":[10.643961,29.669167,9.6],"rotation":{"angle":-22.5,"axis":"z","origin":[13.164522,11.409546,8.0]},"faces":{"east":{"uv":[8.323529,12.117647,8.558824,13.941176],"rotation":0,"texture":"#0","tintindex":0},"south":{"uv":[8.558824,12.117647,8.794118,13.941176],"rotation":0,"texture":"#0","tintindex":0},"north":{"uv":[8.088235,12.117647,8.323529,13.941176],"rotation":0,"texture":"#0","tintindex":0},"west":{"uv":[5.970588,12.382353,6.2058825,14.205882],"rotation":0,"texture":"#0","tintindex":0},"up":{"uv":[15.441176,1.9705882,15.205882,1.7352941],"rotation":0,"texture":"#0","tintindex":0},"down":{"uv":[15.441176,1.9705882,15.205882,2.2058823],"rotation":0,"texture":"#0","tintindex":0}}},{"from":[8.929043,-15.980909,8.0],"to":[20.529045,28.019093,8.0],"rotation":{"angle":0.0,"axis":"y","origin":[13.164522,13.009546,8.0]},"faces":{"east":{"uv":[0.0,0.0,0.0,3.235294],"rotation":0,"texture":"#0","tintindex":0},"south":{"uv":[6.970588,0.0,7.8235292,3.235294],"rotation":0,"texture":"#0","tintindex":0},"north":{"uv":[3.5588236,6.470588,4.4117646,9.705882],"rotation":0,"texture":"#0","tintindex":0},"west":{"uv":[0.0,0.0,0.0,3.235294],"rotation":0,"texture":"#0","tintindex":0},"up":{"uv":[0.85294116,0.0,0.0,0.0],"rotation":0,"texture":"#0","tintindex":0},"down":{"uv":[0.85294116,0.0,0.0,0.0],"rotation":0,"texture":"#0","tintindex":0}}}],"display":{"head":{"translation":[0.0,-6.4,0.0],"scale":[4.0,4.0,4.0]}}}