{"textures":{"0":"modelengine:entity/gargoyle"},"elements":[{"from":[6.642857,3.3461838,3.1214676],"to":[20.928572,12.48904,12.264325],"rotation":{"angle":0.0,"axis":"y","origin":[2.0714283,3.6318974,17.407183]},"faces":{"east":{"uv":[10.323529,14.205882,10.794118,14.676471],"rotation":0,"texture":"#0","tintindex":0},"south":{"uv":[12.970589,0.0,13.705882,0.47058824],"rotation":0,"texture":"#0","tintindex":0},"north":{"uv":[12.941176,9.294118,13.676471,9.764706],"rotation":0,"texture":"#0","tintindex":0},"west":{"uv":[8.705882,14.235294,9.176471,14.705882],"rotation":0,"texture":"#0","tintindex":0},"up":{"uv":[10.823529,13.558824,10.088235,13.088235],"rotation":0,"texture":"#0","tintindex":0},"down":{"uv":[11.558824,13.088235,10.823529,13.558824],"rotation":0,"texture":"#0","tintindex":0}}},{"from":[16.928572,0.48904037,-3.1642475],"to":[26.07143,9.631898,9.978611],"rotation":{"angle":-22.5,"axis":"x","origin":[22.07143,7.917612,1.6928959]},"faces":{"east":{"uv":[2.6470587,13.470589,3.3235295,13.941176],"rotation":0,"texture":"#0","tintindex":0},"south":{"uv":[14.294118,14.029411,14.764706,14.5],"rotation":0,"texture":"#0","tintindex":0},"north":{"uv":[14.294118,13.558824,14.764706,14.029411],"rotation":0,"texture":"#0","tintindex":0},"west":{"uv":[3.3235295,13.470589,4.0,13.941176],"rotation":0,"texture":"#0","tintindex":0},"up":{"uv":[4.470588,14.1470585,4.0,13.470589],"rotation":0,"texture":"#0","tintindex":0},"down":{"uv":[8.0,13.470589,7.529412,14.1470585],"rotation":0,"texture":"#0","tintindex":0}}},{"from":[20.357143,0.48904037,-10.021391],"to":[27.214287,7.346184,3.1214676],"rotation":{"angle":22.5,"axis":"x","origin":[24.357143,7.917612,1.6928959]},"faces":{"east":{"uv":[13.970589,4.117647,14.6470585,4.470588],"rotation":0,"texture":"#0","tintindex":0},"south":{"uv":[10.323529,15.029411,10.676471,15.382353],"rotation":0,"texture":"#0","tintindex":0},"north":{"uv":[2.5294118,15.029411,2.8823528,15.382353],"rotation":0,"texture":"#0","tintindex":0},"west":{"uv":[11.764706,14.029411,12.441176,14.382353],"rotation":0,"texture":"#0","tintindex":0},"up":{"uv":[12.794118,14.705882,12.441176,14.029411],"rotation":0,"texture":"#0","tintindex":0},"down":{"uv":[13.1470585,14.029411,12.794118,14.705882],"rotation":0,"texture":"#0","tintindex":0}}},{"from":[22.642857,10.7747555,-11.164246],"to":[28.357143,25.06047,-5.4499617],"rotation":{"angle":-22.5,"axis":"x","origin":[24.357143,7.917612,1.6928959]},"faces":{"east":{"uv":[2.0,14.411765,2.2941177,15.1470585],"rotation":0,"texture":"#0","tintindex":0},"south":{"uv":[4.2352943,14.411765,4.529412,15.1470585],"rotation":0,"texture":"#0","tintindex":0},"north":{"uv":[8.117647,9.3529415,8.411765,10.088235],"rotation":0,"texture":"#0","tintindex":0},"west":{"uv":[4.529412,14.411765,4.8235292,15.1470585],"rotation":0,"texture":"#0","tintindex":0},"up":{"uv":[4.970588,10.294118,4.6764708,10.0],"rotation":0,"texture":"#0","tintindex":0},"down":{"uv":[8.411765,10.088235,8.117647,10.382353],"rotation":0,"texture":"#0","tintindex":0}}}],"display":{"head":{"translation":[0.0,-6.4,0.0],"scale":[4.0,4.0,4.0]}}}