{"textures":{"0":"modelengine:entity/gargoyle"},"elements":[{"from":[-5.714858,8.353956,-0.7068157],"to":[7.999428,14.068242,17.5789],"rotation":{"angle":0.0,"axis":"y","origin":[4.856571,5.782527,11.578899]},"faces":{"east":{"uv":[3.0294118,9.705882,3.9705882,10.0],"rotation":0,"texture":"#0","tintindex":0},"south":{"uv":[14.470589,8.205882,15.176471,8.5],"rotation":0,"texture":"#0","tintindex":0},"north":{"uv":[14.470589,7.9117646,15.176471,8.205882],"rotation":0,"texture":"#0","tintindex":0},"west":{"uv":[13.911765,0.3529412,14.8529415,0.64705884],"rotation":0,"texture":"#0","tintindex":0},"up":{"uv":[9.882353,11.617647,9.176471,10.676471],"rotation":0,"texture":"#0","tintindex":0},"down":{"uv":[8.088235,10.705882,7.382353,11.6470585],"rotation":0,"texture":"#0","tintindex":0}}},{"from":[-4.000572,2.63967,2.1503272],"to":[11.999428,9.496813,19.293186],"rotation":{"angle":0.0,"axis":"y","origin":[4.856571,5.782527,11.578899]},"faces":{"east":{"uv":[8.441176,6.117647,9.323529,6.470588],"rotation":0,"texture":"#0","tintindex":0},"south":{"uv":[10.058824,13.558824,10.882353,13.911765],"rotation":0,"texture":"#0","tintindex":0},"north":{"uv":[13.5,12.5,14.323529,12.8529415],"rotation":0,"texture":"#0","tintindex":0},"west":{"uv":[13.5,4.7647057,14.382353,5.117647],"rotation":0,"texture":"#0","tintindex":0},"up":{"uv":[2.8235295,11.1470585,2.0,10.264706],"rotation":0,"texture":"#0","tintindex":0},"down":{"uv":[6.5588236,10.323529,5.7352943,11.205882],"rotation":0,"texture":"#0","tintindex":0}}},{"from":[7.4279995,6.63967,9.00747],"to":[23.428001,13.496813,15.864614],"rotation":{"angle":0.0,"axis":"y","origin":[15.4279995,7.782527,21.007471]},"faces":{"east":{"uv":[8.529411,15.058824,8.882353,15.411765],"rotation":0,"texture":"#0","tintindex":0},"south":{"uv":[0.88235295,13.588235,1.7058823,13.941176],"rotation":0,"texture":"#0","tintindex":0},"north":{"uv":[10.882353,13.558824,11.705882,13.911765],"rotation":0,"texture":"#0","tintindex":0},"west":{"uv":[15.058824,9.6470585,15.411765,10.0],"rotation":0,"texture":"#0","tintindex":0},"up":{"uv":[5.7058825,13.941176,4.882353,13.588235],"rotation":0,"texture":"#0","tintindex":0},"down":{"uv":[14.441176,6.852941,13.617647,7.2058825],"rotation":0,"texture":"#0","tintindex":0}}},{"from":[20.570288,8.353384,9.006899],"to":[32.0,15.211671,15.865185],"rotation":{"angle":-22.5,"axis":"z","origin":[15.4279995,7.782527,21.007471]},"faces":{"east":{"uv":[11.1470585,15.088235,11.5,15.441176],"rotation":0,"texture":"#0","tintindex":0},"south":{"uv":[14.470589,9.6470585,15.058824,10.0],"rotation":0,"texture":"#0","tintindex":0},"north":{"uv":[3.235294,14.470589,3.8235295,14.823529],"rotation":0,"texture":"#0","tintindex":0},"west":{"uv":[15.088235,11.3529415,15.441176,11.705882],"rotation":0,"texture":"#0","tintindex":0},"up":{"uv":[15.058824,10.3529415,14.470589,10.0],"rotation":0,"texture":"#0","tintindex":0},"down":{"uv":[15.088235,9.294118,14.5,9.6470585],"rotation":0,"texture":"#0","tintindex":0}}},{"from":[17.713144,6.06767,-3.5645304],"to":[27.428572,12.925957,3.293756],"rotation":{"angle":-22.5,"axis":"z","origin":[15.4279995,7.782527,21.007471]},"faces":{"east":{"uv":[13.735294,15.088235,14.088235,15.441176],"rotation":0,"texture":"#0","tintindex":0},"south":{"uv":[14.617647,8.941176,15.117647,9.294118],"rotation":0,"texture":"#0","tintindex":0},"north":{"uv":[11.558824,3.5588236,12.058824,3.9117646],"rotation":0,"texture":"#0","tintindex":0},"west":{"uv":[15.117647,2.7941177,15.470589,3.1470587],"rotation":0,"texture":"#0","tintindex":0},"up":{"uv":[15.176471,11.3529415,14.676471,11.0],"rotation":0,"texture":"#0","tintindex":0},"down":{"uv":[9.029411,14.705882,8.529411,15.058824],"rotation":0,"texture":"#0","tintindex":0}}},{"from":[14.284571,4.353384,22.149757],"to":[24.0,11.21167,29.008041],"rotation":{"angle":-22.5,"axis":"z","origin":[15.4279995,7.782527,21.007471]},"faces":{"east":{"uv":[15.117647,6.2058825,15.470589,6.5588236],"rotation":0,"texture":"#0","tintindex":0},"south":{"uv":[4.8235292,14.735294,5.3235292,15.088235],"rotation":0,"texture":"#0","tintindex":0},"north":{"uv":[12.235294,14.705882,12.735294,15.058824],"rotation":0,"texture":"#0","tintindex":0},"west":{"uv":[15.117647,8.8529415,15.470589,9.205882],"rotation":0,"texture":"#0","tintindex":0},"up":{"uv":[5.8235292,15.088235,5.3235292,14.735294],"rotation":0,"texture":"#0","tintindex":0},"down":{"uv":[15.235294,6.617647,14.735294,6.970588],"rotation":0,"texture":"#0","tintindex":0}}},{"from":[9.141714,3.210527,-12.707388],"to":[18.857143,10.068813,-5.849102],"rotation":{"angle":-22.5,"axis":"z","origin":[15.4279995,7.782527,21.007471]},"faces":{"east":{"uv":[9.5,15.117647,9.8529415,15.470589],"rotation":0,"texture":"#0","tintindex":0},"south":{"uv":[11.1470585,14.735294,11.6470585,15.088235],"rotation":0,"texture":"#0","tintindex":0},"north":{"uv":[14.735294,6.970588,15.235294,7.3235292],"rotation":0,"texture":"#0","tintindex":0},"west":{"uv":[10.676471,15.117647,11.029411,15.470589],"rotation":0,"texture":"#0","tintindex":0},"up":{"uv":[15.264706,13.911765,14.764706,13.558824],"rotation":0,"texture":"#0","tintindex":0},"down":{"uv":[15.264706,13.911765,14.764706,14.264706],"rotation":0,"texture":"#0","tintindex":0}}},{"from":[5.1422853,5.496813,-1.8496733],"to":[21.142286,12.353956,5.00747],"rotation":{"angle":22.5,"axis":"y","origin":[15.4279995,10.068241,2.721756]},"faces":{"east":{"uv":[15.088235,3.8823528,15.441176,4.2352943],"rotation":0,"texture":"#0","tintindex":0},"south":{"uv":[13.676471,9.294118,14.5,9.6470585],"rotation":0,"texture":"#0","tintindex":0},"north":{"uv":[13.6470585,10.117647,14.470589,10.470589],"rotation":0,"texture":"#0","tintindex":0},"west":{"uv":[4.8235292,15.088235,5.1764708,15.441176],"rotation":0,"texture":"#0","tintindex":0},"up":{"uv":[12.529411,14.029411,11.705882,13.676471],"rotation":0,"texture":"#0","tintindex":0},"down":{"uv":[13.3529415,13.676471,12.529411,14.029411],"rotation":0,"texture":"#0","tintindex":0}}},{"from":[5.1422853,4.925384,-12.135387],"to":[21.142286,11.782527,-5.278245],"rotation":{"angle":45.0,"axis":"y","origin":[15.4279995,10.068241,2.721756]},"faces":{"east":{"uv":[5.1764708,15.088235,5.529412,15.441176],"rotation":0,"texture":"#0","tintindex":0},"south":{"uv":[1.7058823,13.705882,2.5294118,14.058824],"rotation":0,"texture":"#0","tintindex":0},"north":{"uv":[13.705882,0.0,14.529411,0.3529412],"rotation":0,"texture":"#0","tintindex":0},"west":{"uv":[15.088235,9.294118,15.441176,9.6470585],"rotation":0,"texture":"#0","tintindex":0},"up":{"uv":[7.5,14.088235,6.6764708,13.735294],"rotation":0,"texture":"#0","tintindex":0},"down":{"uv":[14.588235,0.9411765,13.764706,1.2941177],"rotation":0,"texture":"#0","tintindex":0}}},{"from":[3.4279995,4.3539553,21.5789],"to":[19.428001,11.211099,28.436043],"rotation":{"angle":-45.0,"axis":"y","origin":[15.4279995,7.782527,21.007471]},"faces":{"east":{"uv":[15.058824,10.0,15.411765,10.3529415],"rotation":0,"texture":"#0","tintindex":0},"south":{"uv":[13.6470585,7.970588,14.470589,8.323529],"rotation":0,"texture":"#0","tintindex":0},"north":{"uv":[13.617647,7.2058825,14.441176,7.5588236],"rotation":0,"texture":"#0","tintindex":0},"west":{"uv":[12.235294,15.058824,12.588235,15.411765],"rotation":0,"texture":"#0","tintindex":0},"up":{"uv":[14.470589,8.676471,13.6470585,8.323529],"rotation":0,"texture":"#0","tintindex":0},"down":{"uv":[14.470589,9.764706,13.6470585,10.117647],"rotation":0,"texture":"#0","tintindex":0}}}],"display":{"head":{"translation":[41.252975,-6.4,0.0],"scale":[4.0,4.0,4.0]}}}