{"textures":{"0":"modelengine:entity/gargoyle"},"elements":[{"from":[6.319102,-1.7142859,5.401305],"to":[12.261959,9.257143,12.258448],"rotation":{"angle":0.0,"axis":"y","origin":[9.290531,29.371431,3.1155906]},"faces":{"east":{"uv":[10.794118,14.558824,11.1470585,15.117647],"rotation":0,"texture":"#0","tintindex":0},"south":{"uv":[14.205882,14.794118,14.5,15.3529415],"rotation":0,"texture":"#0","tintindex":0},"north":{"uv":[7.617647,14.794118,7.9117646,15.3529415],"rotation":0,"texture":"#0","tintindex":0},"west":{"uv":[0.7058824,14.588235,1.0588236,15.1470585],"rotation":0,"texture":"#0","tintindex":0},"up":{"uv":[5.8235292,15.441176,5.529412,15.088235],"rotation":0,"texture":"#0","tintindex":0},"down":{"uv":[9.176471,15.1470585,8.882353,15.5],"rotation":0,"texture":"#0","tintindex":0}}},{"from":[5.404816,-2.6285725,-3.2844105],"to":[13.176245,1.9428568,9.9727335],"rotation":{"angle":0.0,"axis":"y","origin":[9.290531,25.257145,0.82987595]},"faces":{"east":{"uv":[14.794118,13.117647,15.470589,13.3529415],"rotation":0,"texture":"#0","tintindex":0},"south":{"uv":[13.117647,6.852941,13.529411,7.0882354],"rotation":0,"texture":"#0","tintindex":0},"north":{"uv":[11.264706,6.4117646,11.676471,6.647059],"rotation":0,"texture":"#0","tintindex":0},"west":{"uv":[14.5,14.794118,15.176471,15.029411],"rotation":0,"texture":"#0","tintindex":0},"up":{"uv":[14.294118,14.529411,13.882353,13.8529415],"rotation":0,"texture":"#0","tintindex":0},"down":{"uv":[14.323529,5.470588,13.911765,6.147059],"rotation":0,"texture":"#0","tintindex":0}}},{"from":[11.804816,-4.000001,-10.141554],"to":[16.376245,0.5714283,1.2870193],"rotation":{"angle":-22.5,"axis":"y","origin":[14.09053,-2.1714287,-4.427267]},"faces":{"east":{"uv":[14.970589,2.3235295,15.558824,2.5588236],"rotation":0,"texture":"#0","tintindex":0},"south":{"uv":[14.323529,3.8823528,14.558824,4.117647],"rotation":0,"texture":"#0","tintindex":0},"north":{"uv":[4.2352943,14.1470585,4.470588,14.382353],"rotation":0,"texture":"#0","tintindex":0},"west":{"uv":[14.970589,2.5588236,15.558824,2.7941177],"rotation":0,"texture":"#0","tintindex":0},"up":{"uv":[13.5,15.588235,13.264706,15.0],"rotation":0,"texture":"#0","tintindex":0},"down":{"uv":[13.735294,15.0,13.5,15.588235],"rotation":0,"texture":"#0","tintindex":0}}},{"from":[3.1191015,-4.000001,-13.7986965],"to":[7.690531,0.5714283,-2.3701239],"rotation":{"angle":22.5,"axis":"y","origin":[14.09053,-2.1714287,-4.427267]},"faces":{"east":{"uv":[15.0,14.5,15.588235,14.735294],"rotation":0,"texture":"#0","tintindex":0},"south":{"uv":[15.088235,11.705882,15.323529,11.941176],"rotation":0,"texture":"#0","tintindex":0},"north":{"uv":[15.058824,7.6764708,15.294118,7.9117646],"rotation":0,"texture":"#0","tintindex":0},"west":{"uv":[1.0588236,15.029411,1.6470588,15.264706],"rotation":0,"texture":"#0","tintindex":0},"up":{"uv":[1.882353,15.617647,1.6470588,15.029411],"rotation":0,"texture":"#0","tintindex":0},"down":{"uv":[2.5294118,15.029411,2.2941177,15.617647],"rotation":0,"texture":"#0","tintindex":0}}},{"from":[7.233388,-3.5428581,-12.884411],"to":[11.804816,1.0285711,-0.9986954],"rotation":{"angle":0.0,"axis":"y","origin":[14.09053,-2.1714287,-4.427267]},"faces":{"east":{"uv":[14.8529415,11.941176,15.470589,12.176471],"rotation":0,"texture":"#0","tintindex":0},"south":{"uv":[6.7058825,15.176471,6.9411764,15.411765],"rotation":0,"texture":"#0","tintindex":0},"north":{"uv":[6.470588,15.176471,6.7058825,15.411765],"rotation":0,"texture":"#0","tintindex":0},"west":{"uv":[14.8529415,12.176471,15.470589,12.411765],"rotation":0,"texture":"#0","tintindex":0},"up":{"uv":[5.7058825,13.323529,5.470588,12.705882],"rotation":0,"texture":"#0","tintindex":0},"down":{"uv":[0.64705884,14.823529,0.4117647,15.441176],"rotation":0,"texture":"#0","tintindex":0}}},{"from":[5.861959,-0.8000002,-1.912981],"to":[12.719103,3.3142858,9.9727335],"rotation":{"angle":-22.5,"axis":"x","origin":[9.519102,1.2571425,4.029876]},"faces":{"east":{"uv":[14.794118,13.3529415,15.411765,13.558824],"rotation":0,"texture":"#0","tintindex":0},"south":{"uv":[13.558824,5.470588,13.911765,5.6764708],"rotation":0,"texture":"#0","tintindex":0},"north":{"uv":[13.323529,11.176471,13.676471,11.382353],"rotation":0,"texture":"#0","tintindex":0},"west":{"uv":[14.5,15.029411,15.117647,15.235294],"rotation":0,"texture":"#0","tintindex":0},"up":{"uv":[13.8529415,15.0,13.5,14.382353],"rotation":0,"texture":"#0","tintindex":0},"down":{"uv":[2.0,14.411765,1.6470588,15.029411],"rotation":0,"texture":"#0","tintindex":0}}}],"display":{"head":{"translation":[0.0,-6.4,0.0],"scale":[4.0,4.0,4.0]}}}