{"textures":{"0":"modelengine:entity/gargoyle"},"elements":[{"from":[-2.285717,1.1428566,1.1428566],"to":[32.0,13.142858,12.571428],"rotation":{"angle":0.0,"axis":"y","origin":[-52.571434,-8.285715,6.857143]},"faces":{"east":{"uv":[12.529411,11.676471,13.117647,12.294118],"rotation":0,"texture":"#0","tintindex":0},"south":{"uv":[7.2352943,7.5,9.0,8.117647],"rotation":0,"texture":"#0","tintindex":0},"north":{"uv":[5.470588,7.5,7.2352943,8.117647],"rotation":0,"texture":"#0","tintindex":0},"west":{"uv":[12.588235,8.058824,13.176471,8.676471],"rotation":0,"texture":"#0","tintindex":0},"up":{"uv":[10.205882,3.764706,8.441176,3.1764705],"rotation":0,"texture":"#0","tintindex":0},"down":{"uv":[10.205882,3.764706,8.441176,4.352941],"rotation":0,"texture":"#0","tintindex":0}}},{"from":[-6.285717,2.2857141,5.142857],"to":[25.142857,14.857143,16.0],"rotation":{"angle":0.0,"axis":"y","origin":[-52.571434,-8.285715,6.857143]},"faces":{"east":{"uv":[12.911765,12.911765,13.470589,13.558824],"rotation":0,"texture":"#0","tintindex":0},"south":{"uv":[8.029411,6.470588,9.6470585,7.117647],"rotation":0,"texture":"#0","tintindex":0},"north":{"uv":[7.8235292,2.5294118,9.441176,3.1764705],"rotation":0,"texture":"#0","tintindex":0},"west":{"uv":[12.941176,3.4705882,13.5,4.117647],"rotation":0,"texture":"#0","tintindex":0},"up":{"uv":[11.264706,6.6764708,9.6470585,6.117647],"rotation":0,"texture":"#0","tintindex":0},"down":{"uv":[3.0294118,9.705882,1.4117647,10.264706],"rotation":0,"texture":"#0","tintindex":0}}}],"display":{"head":{"translation":[29.714294,-6.4,0.0],"scale":[4.0,4.0,4.0]}}}