{"textures":{"0":"modelengine:entity/gargoyle"},"elements":[{"from":[-2.285715,8.857143,2.8571424],"to":[17.714287,26.0,13.714286],"rotation":{"angle":0.0,"axis":"y","origin":[8.0,8.0,8.0]},"faces":{"east":{"uv":[2.235294,11.941176,2.7941177,12.823529],"rotation":0,"texture":"#0","tintindex":0},"south":{"uv":[9.470589,2.1176472,10.5,3.0],"rotation":0,"texture":"#0","tintindex":0},"north":{"uv":[9.470589,1.2352941,10.5,2.1176472],"rotation":0,"texture":"#0","tintindex":0},"west":{"uv":[4.470588,11.970589,5.029412,12.8529415],"rotation":0,"texture":"#0","tintindex":0},"up":{"uv":[12.5,10.764706,11.470589,10.205882],"rotation":0,"texture":"#0","tintindex":0},"down":{"uv":[12.588235,0.85294116,11.558824,1.4117647],"rotation":0,"texture":"#0","tintindex":0}}},{"from":[0.85714245,1.9999995,4.8571424],"to":[14.571428,28.285715,18.0],"rotation":{"angle":0.0,"axis":"y","origin":[10.0,8.0,4.285714]},"faces":{"east":{"uv":[6.7647057,9.3529415,7.4411764,10.705882],"rotation":0,"texture":"#0","tintindex":0},"south":{"uv":[0.7058824,8.911765,1.4117647,10.264706],"rotation":0,"texture":"#0","tintindex":0},"north":{"uv":[0.0,8.911765,0.7058824,10.264706],"rotation":0,"texture":"#0","tintindex":0},"west":{"uv":[7.4411764,9.3529415,8.117647,10.705882],"rotation":0,"texture":"#0","tintindex":0},"up":{"uv":[5.7352943,12.705882,5.029412,12.029411],"rotation":0,"texture":"#0","tintindex":0},"down":{"uv":[12.735294,10.764706,12.029411,11.441176],"rotation":0,"texture":"#0","tintindex":0}}}],"display":{"head":{"translation":[0.0,-6.4,0.0],"scale":[4.0,4.0,4.0]}}}