{"textures":{"0":"modelengine:entity/elephant"},"elements":[{"from":[5.4491425,2.7977142,6.7405715],"to":[8.466286,6.692571,9.565714],"rotation":{"angle":0.0,"axis":"y","origin":[7.3383827,7.2774343,8.153143]},"faces":{"east":{"uv":[3.08125,0.8875,2.4375,0.0],"rotation":0,"texture":"#0","tintindex":0},"south":{"uv":[3.125,0.8875,2.4375,0.0],"rotation":0,"texture":"#0","tintindex":0},"north":{"uv":[3.125,0.8875,2.4375,0.0],"rotation":0,"texture":"#0","tintindex":0},"west":{"uv":[3.08125,0.8875,2.4375,0.0],"rotation":0,"texture":"#0","tintindex":0},"up":{"uv":[4.3125,2.375,2.4375,0.0],"rotation":0,"texture":"#0","tintindex":0},"down":{"uv":[3.125,0.64375,2.4375,0.0],"rotation":0,"texture":"#0","tintindex":0}}},{"from":[5.653777,5.875343,6.630857],"to":[7.601206,9.523343,9.675428],"rotation":{"angle":-22.5,"axis":"z","origin":[7.3383827,7.2774343,8.153143]},"faces":{"east":{"uv":[4.3125,2.375,2.4375,0.0],"rotation":0,"texture":"#0","tintindex":0},"south":{"uv":[2.88125,0.83125,2.4375,0.0],"rotation":0,"texture":"#0","tintindex":0},"north":{"uv":[2.88125,0.83125,2.4375,0.0],"rotation":0,"texture":"#0","tintindex":0},"west":{"uv":[3.13125,0.83125,2.4375,0.0],"rotation":0,"texture":"#0","tintindex":0},"up":{"uv":[4.3125,2.375,2.4375,0.0],"rotation":0,"texture":"#0","tintindex":0},"down":{"uv":[2.88125,0.69375,2.4375,0.0],"rotation":0,"texture":"#0","tintindex":0}}},{"from":[7.738909,7.298846,6.6857142],"to":[9.988051,10.041703,9.620571],"rotation":{"angle":22.5,"axis":"z","origin":[7.3383827,7.2774343,8.153143]},"faces":{"east":{"uv":[4.3125,2.375,2.4375,0.0],"rotation":0,"texture":"#0","tintindex":0},"south":{"uv":[4.3125,2.375,2.4375,0.0],"rotation":0,"texture":"#0","tintindex":0},"north":{"uv":[4.3125,2.375,2.4375,0.0],"rotation":0,"texture":"#0","tintindex":0},"west":{"uv":[4.3125,2.375,2.4375,0.0],"rotation":0,"texture":"#0","tintindex":0},"up":{"uv":[2.95,0.66875,2.4375,0.0],"rotation":0,"texture":"#0","tintindex":0},"down":{"uv":[4.3125,2.375,2.4375,0.0],"rotation":0,"texture":"#0","tintindex":0}}}],"display":{"head":{"translation":[0.0,-6.4,0.0],"scale":[4.0,4.0,4.0]}}}