{"textures":{"0":"modelengine:entity/elephant"},"elements":[{"from":[7.1028113,6.4200287,7.438017],"to":[8.881828,8.276394,9.139686],"rotation":{"angle":0.0,"axis":"y","origin":[8.005212,6.5349026,8.468194]},"faces":{"east":{"uv":[2.85,0.4375,2.4375,0.0],"rotation":0,"texture":"#0","tintindex":0},"south":{"uv":[2.63208,0.20304,2.4375,0.0],"rotation":0,"texture":"#0","tintindex":0},"north":{"uv":[2.86875,0.4375,2.4375,0.0],"rotation":0,"texture":"#0","tintindex":0},"west":{"uv":[2.85,0.4375,2.4375,0.0],"rotation":0,"texture":"#0","tintindex":0},"up":{"uv":[4.3125,2.375,2.4375,0.0],"rotation":0,"texture":"#0","tintindex":0},"down":{"uv":[2.63208,0.18612,2.4375,0.0],"rotation":0,"texture":"#0","tintindex":0}}},{"from":[7.2832913,4.5933256,7.613611],"to":[8.752914,6.8364344,9.031669],"rotation":{"angle":-22.5,"axis":"x","origin":[8.005212,6.5349026,8.468194]},"faces":{"east":{"uv":[2.78125,0.54375,2.4375,0.0],"rotation":0,"texture":"#0","tintindex":0},"south":{"uv":[2.79375,0.54375,2.4375,0.0],"rotation":0,"texture":"#0","tintindex":0},"north":{"uv":[2.79375,0.54375,2.4375,0.0],"rotation":0,"texture":"#0","tintindex":0},"west":{"uv":[2.78125,0.54375,2.4375,0.0],"rotation":0,"texture":"#0","tintindex":0},"up":{"uv":[4.3125,2.375,2.4375,0.0],"rotation":0,"texture":"#0","tintindex":0},"down":{"uv":[4.3125,2.375,2.4375,0.0],"rotation":0,"texture":"#0","tintindex":0}}}],"display":{"head":{"translation":[0.0,-6.4,0.0],"scale":[4.0,4.0,4.0]}}}