{"textures":{"0":"modelengine:entity/elephant"},"elements":[{"from":[7.355063,4.613126,8.776983],"to":[8.515291,4.9998684,9.524686],"rotation":{"angle":-22.5,"axis":"x","origin":[7.9454913,5.7769713,8.900943]},"faces":{"east":{"uv":[2.61875,0.09375,2.4375,0.0],"rotation":0,"texture":"#0","tintindex":0},"south":{"uv":[2.71875,0.09375,2.4375,0.0],"rotation":0,"texture":"#0","tintindex":0},"north":{"uv":[4.3125,2.375,2.4375,0.0],"rotation":0,"texture":"#0","tintindex":0},"west":{"uv":[2.61875,0.09375,2.4375,0.0],"rotation":0,"texture":"#0","tintindex":0},"up":{"uv":[2.71875,0.18125,2.4375,0.0],"rotation":0,"texture":"#0","tintindex":0},"down":{"uv":[2.71875,0.18125,2.4375,0.0],"rotation":0,"texture":"#0","tintindex":0}}},{"from":[7.355063,5.0977488,8.486177],"to":[8.515291,5.4844913,9.23388],"rotation":{"angle":-45.0,"axis":"x","origin":[7.9454913,5.7769713,8.900943]},"faces":{"east":{"uv":[2.61875,0.09375,2.4375,0.0],"rotation":0,"texture":"#0","tintindex":0},"south":{"uv":[2.71875,0.09375,2.4375,0.0],"rotation":0,"texture":"#0","tintindex":0},"north":{"uv":[4.3125,2.375,2.4375,0.0],"rotation":0,"texture":"#0","tintindex":0},"west":{"uv":[2.61875,0.09375,2.4375,0.0],"rotation":0,"texture":"#0","tintindex":0},"up":{"uv":[2.71875,0.18125,2.4375,0.0],"rotation":0,"texture":"#0","tintindex":0},"down":{"uv":[2.71875,0.18125,2.4375,0.0],"rotation":0,"texture":"#0","tintindex":0}}},{"from":[7.32928,4.7625713,7.996303],"to":[8.541075,5.690754,9.001834],"rotation":{"angle":-45.0,"axis":"x","origin":[7.9454913,5.7769713,8.900943]},"faces":{"east":{"uv":[2.68125,0.225,2.4375,0.0],"rotation":0,"texture":"#0","tintindex":0},"south":{"uv":[2.73125,0.225,2.4375,0.0],"rotation":0,"texture":"#0","tintindex":0},"north":{"uv":[2.73125,0.225,2.4375,0.0],"rotation":0,"texture":"#0","tintindex":0},"west":{"uv":[2.68125,0.225,2.4375,0.0],"rotation":0,"texture":"#0","tintindex":0},"up":{"uv":[4.3125,2.375,2.4375,0.0],"rotation":0,"texture":"#0","tintindex":0},"down":{"uv":[2.73125,0.24375,2.4375,0.0],"rotation":0,"texture":"#0","tintindex":0}}},{"from":[7.4581943,5.335046,8.106628],"to":[8.463726,6.701537,9.11216],"rotation":{"angle":-22.5,"axis":"x","origin":[7.9454913,5.7769713,8.900943]},"faces":{"east":{"uv":[2.68125,0.33125,2.4375,0.0],"rotation":0,"texture":"#0","tintindex":0},"south":{"uv":[2.68125,0.33125,2.4375,0.0],"rotation":0,"texture":"#0","tintindex":0},"north":{"uv":[2.68125,0.33125,2.4375,0.0],"rotation":0,"texture":"#0","tintindex":0},"west":{"uv":[2.68125,0.33125,2.4375,0.0],"rotation":0,"texture":"#0","tintindex":0},"up":{"uv":[4.3125,2.375,2.4375,0.0],"rotation":0,"texture":"#0","tintindex":0},"down":{"uv":[4.3125,2.375,2.4375,0.0],"rotation":0,"texture":"#0","tintindex":0}}},{"from":[7.355063,6.3263483,7.6607084],"to":[8.566857,8.698372,8.820937],"rotation":{"angle":0.0,"axis":"y","origin":[7.9454913,5.7769713,8.900943]},"faces":{"east":{"uv":[2.71875,0.575,2.4375,0.0],"rotation":0,"texture":"#0","tintindex":0},"south":{"uv":[2.73125,0.575,2.4375,0.0],"rotation":0,"texture":"#0","tintindex":0},"north":{"uv":[2.73125,0.575,2.4375,0.0],"rotation":0,"texture":"#0","tintindex":0},"west":{"uv":[2.71875,0.575,2.4375,0.0],"rotation":0,"texture":"#0","tintindex":0},"up":{"uv":[4.3125,2.375,2.4375,0.0],"rotation":0,"texture":"#0","tintindex":0},"down":{"uv":[4.3125,2.375,2.4375,0.0],"rotation":0,"texture":"#0","tintindex":0}}}],"display":{"head":{"translation":[0.0,-6.4,0.0],"scale":[4.0,4.0,4.0]}}}