{"textures":{"0":"modelengine:entity/elephant"},"elements":[{"from":[6.692571,2.5119996,6.397714],"to":[9.709715,6.406857,9.222857],"rotation":{"angle":0.0,"axis":"y","origin":[7.820474,6.99172,7.8102856]},"faces":{"east":{"uv":[3.08125,0.8875,2.4375,0.0],"rotation":0,"texture":"#0","tintindex":0},"south":{"uv":[3.125,0.8875,2.4375,0.0],"rotation":0,"texture":"#0","tintindex":0},"north":{"uv":[3.125,0.8875,2.4375,0.0],"rotation":0,"texture":"#0","tintindex":0},"west":{"uv":[3.08125,0.8875,2.4375,0.0],"rotation":0,"texture":"#0","tintindex":0},"up":{"uv":[4.3125,2.375,2.4375,0.0],"rotation":0,"texture":"#0","tintindex":0},"down":{"uv":[3.125,0.64375,2.4375,0.0],"rotation":0,"texture":"#0","tintindex":0}}},{"from":[7.5576515,5.589628,6.288],"to":[9.50508,9.237629,9.332571],"rotation":{"angle":22.5,"axis":"z","origin":[7.820474,6.99172,7.8102856]},"faces":{"east":{"uv":[3.13125,0.83125,2.4375,0.0],"rotation":0,"texture":"#0","tintindex":0},"south":{"uv":[2.88125,0.83125,2.4375,0.0],"rotation":0,"texture":"#0","tintindex":0},"north":{"uv":[2.88125,0.83125,2.4375,0.0],"rotation":0,"texture":"#0","tintindex":0},"west":{"uv":[3.13125,0.83125,2.4375,0.0],"rotation":0,"texture":"#0","tintindex":0},"up":{"uv":[4.3125,2.375,2.4375,0.0],"rotation":0,"texture":"#0","tintindex":0},"down":{"uv":[2.88125,0.69375,2.4375,0.0],"rotation":0,"texture":"#0","tintindex":0}}},{"from":[5.170806,7.013131,6.342857],"to":[7.4199486,9.755989,9.277715],"rotation":{"angle":-22.5,"axis":"z","origin":[7.820474,6.99172,7.8102856]},"faces":{"east":{"uv":[4.3125,2.375,2.4375,0.0],"rotation":0,"texture":"#0","tintindex":0},"south":{"uv":[4.3125,2.375,2.4375,0.0],"rotation":0,"texture":"#0","tintindex":0},"north":{"uv":[4.3125,2.375,2.4375,0.0],"rotation":0,"texture":"#0","tintindex":0},"west":{"uv":[4.3125,2.375,2.4375,0.0],"rotation":0,"texture":"#0","tintindex":0},"up":{"uv":[2.95,0.66875,2.4375,0.0],"rotation":0,"texture":"#0","tintindex":0},"down":{"uv":[4.3125,2.375,2.4375,0.0],"rotation":0,"texture":"#0","tintindex":0}}}],"display":{"head":{"translation":[0.0,-6.4,0.0],"scale":[4.0,4.0,4.0]}}}