{"textures":{"0":"modelengine:entity/chaine"},"elements":[{"from":[6.2900157,7.6617527,8.897143],"to":[6.8843017,8.181753,9.342857],"rotation":{"angle":-22.5,"axis":"z","origin":[7.117745,5.194147,8.228572]},"faces":{"east":{"uv":[15.25,12.5375,15.5875,12.8875],"rotation":90,"texture":"#0","tintindex":0},"south":{"uv":[15.25,12.5375,15.5875,12.8875],"rotation":90,"texture":"#0","tintindex":0},"north":{"uv":[15.25,12.5375,15.5875,12.8875],"rotation":90,"texture":"#0","tintindex":0},"west":{"uv":[15.25,12.5375,15.5875,12.8875],"rotation":90,"texture":"#0","tintindex":0},"up":{"uv":[15.25,12.5375,15.5875,12.8875],"rotation":90,"texture":"#0","tintindex":0},"down":{"uv":[15.25,12.5375,15.5875,12.8875],"rotation":90,"texture":"#0","tintindex":0}}},{"from":[6.290016,7.513181,8.302857],"to":[6.8843017,8.033181,8.748571],"rotation":{"angle":-22.5,"axis":"z","origin":[7.117745,5.045575,8.228572]},"faces":{"east":{"uv":[15.25,12.5375,15.5875,12.8875],"rotation":90,"texture":"#0","tintindex":0},"south":{"uv":[15.25,12.5375,15.5875,12.8875],"rotation":90,"texture":"#0","tintindex":0},"north":{"uv":[15.25,12.5375,15.5875,12.8875],"rotation":90,"texture":"#0","tintindex":0},"west":{"uv":[15.25,12.5375,15.5875,12.8875],"rotation":90,"texture":"#0","tintindex":0},"up":{"uv":[15.25,12.5375,15.5875,12.8875],"rotation":90,"texture":"#0","tintindex":0},"down":{"uv":[15.25,12.5375,15.5875,12.8875],"rotation":90,"texture":"#0","tintindex":0}}},{"from":[6.290016,7.290324,7.7085714],"to":[6.8843017,8.033181,8.154285],"rotation":{"angle":-22.5,"axis":"z","origin":[7.117745,5.045575,8.228572]},"faces":{"east":{"uv":[15.25,12.5375,15.625,12.8875],"rotation":90,"texture":"#0","tintindex":0},"south":{"uv":[15.25,12.5375,15.625,12.8875],"rotation":90,"texture":"#0","tintindex":0},"north":{"uv":[15.25,12.5375,15.625,12.8875],"rotation":90,"texture":"#0","tintindex":0},"west":{"uv":[15.25,12.5375,15.625,12.8875],"rotation":90,"texture":"#0","tintindex":0},"up":{"uv":[15.25,12.5375,15.625,12.8875],"rotation":90,"texture":"#0","tintindex":0},"down":{"uv":[15.25,12.5375,15.625,12.8875],"rotation":90,"texture":"#0","tintindex":0}}},{"from":[6.290016,7.438895,7.1142855],"to":[6.8843017,8.033181,7.56],"rotation":{"angle":-22.5,"axis":"z","origin":[7.117745,5.045575,8.228572]},"faces":{"east":{"uv":[15.25,12.5375,15.6,12.8875],"rotation":90,"texture":"#0","tintindex":0},"south":{"uv":[15.25,12.5375,15.6,12.8875],"rotation":90,"texture":"#0","tintindex":0},"north":{"uv":[15.25,12.5375,15.6,12.8875],"rotation":90,"texture":"#0","tintindex":0},"west":{"uv":[15.25,12.5375,15.6,12.8875],"rotation":90,"texture":"#0","tintindex":0},"up":{"uv":[15.25,12.5375,15.6,12.8875],"rotation":90,"texture":"#0","tintindex":0},"down":{"uv":[15.25,12.5375,15.6,12.8875],"rotation":90,"texture":"#0","tintindex":0}}}],"display":{"head":{"translation":[0.0,-6.4,0.0],"scale":[4.0,4.0,4.0]}}}