{"textures":{"0":"modelengine:entity/chaine"},"elements":[{"from":[6.433107,5.430121,6.142857],"to":[9.033107,8.252978,8.8171425],"rotation":{"angle":0.0,"axis":"y","origin":[7.482137,8.678614,7.48]},"faces":{"east":{"uv":[14.125,0.0,16.0,2.0],"rotation":0,"texture":"#0","tintindex":0},"south":{"uv":[14.125,0.0,16.0,2.0],"rotation":0,"texture":"#0","tintindex":0},"north":{"uv":[14.125,0.0,16.0,2.0],"rotation":0,"texture":"#0","tintindex":0},"west":{"uv":[14.125,0.0,16.0,2.0],"rotation":0,"texture":"#0","tintindex":0},"up":{"uv":[14.125,0.0,16.0,2.0],"rotation":0,"texture":"#0","tintindex":0},"down":{"uv":[14.125,0.0,16.0,2.0],"rotation":0,"texture":"#0","tintindex":0}}},{"from":[6.3588214,4.7615495,6.068571],"to":[9.107393,5.430121,8.891429],"rotation":{"angle":0.0,"axis":"y","origin":[7.482137,8.678614,7.48]},"faces":{"east":{"uv":[12.75,14.25,13.3125,15.825],"rotation":90,"texture":"#0","tintindex":0},"south":{"uv":[12.75,14.25,13.3125,15.825],"rotation":90,"texture":"#0","tintindex":0},"north":{"uv":[12.75,14.25,13.3125,15.825],"rotation":90,"texture":"#0","tintindex":0},"west":{"uv":[12.75,14.25,13.3125,15.825],"rotation":90,"texture":"#0","tintindex":0},"up":{"uv":[12.75,14.25,13.3125,15.825],"rotation":90,"texture":"#0","tintindex":0},"down":{"uv":[12.75,14.25,13.3125,15.825],"rotation":90,"texture":"#0","tintindex":0}}},{"from":[6.507393,2.6815495,6.217143],"to":[8.958821,4.8358355,8.742857],"rotation":{"angle":0.0,"axis":"y","origin":[7.482137,8.678614,7.48]},"faces":{"east":{"uv":[14.125,3.0625,15.2875,4.175],"rotation":0,"texture":"#0","tintindex":0},"south":{"uv":[14.125,3.0625,15.2875,4.175],"rotation":0,"texture":"#0","tintindex":0},"north":{"uv":[14.125,3.0625,15.2875,4.175],"rotation":0,"texture":"#0","tintindex":0},"west":{"uv":[14.125,3.0625,15.2875,4.175],"rotation":0,"texture":"#0","tintindex":0},"up":{"uv":[14.125,3.0625,15.2875,4.175],"rotation":0,"texture":"#0","tintindex":0},"down":{"uv":[14.125,3.0625,15.2875,4.175],"rotation":0,"texture":"#0","tintindex":0}}},{"from":[6.433107,2.3101206,6.142857],"to":[9.033107,2.978692,8.8171425],"rotation":{"angle":0.0,"axis":"y","origin":[7.482137,8.678614,7.48]},"faces":{"east":{"uv":[12.75,14.25,13.3125,15.825],"rotation":90,"texture":"#0","tintindex":0},"south":{"uv":[12.75,14.25,13.3125,15.825],"rotation":90,"texture":"#0","tintindex":0},"north":{"uv":[12.75,14.25,13.3125,15.825],"rotation":90,"texture":"#0","tintindex":0},"west":{"uv":[12.75,14.25,13.3125,15.825],"rotation":90,"texture":"#0","tintindex":0},"up":{"uv":[12.75,14.25,13.3125,15.825],"rotation":90,"texture":"#0","tintindex":0},"down":{"uv":[12.75,14.25,13.3125,15.825],"rotation":90,"texture":"#0","tintindex":0}}},{"from":[6.953107,1.2701206,6.365714],"to":[8.81025,2.3101206,8.594286],"rotation":{"angle":0.0,"axis":"y","origin":[7.482137,8.678614,7.48]},"faces":{"east":{"uv":[14.625,12.1875,14.8,12.5],"rotation":90,"texture":"#0","tintindex":0},"south":{"uv":[14.625,12.1875,14.8,12.5],"rotation":90,"texture":"#0","tintindex":0},"north":{"uv":[14.625,12.1875,14.8,12.5],"rotation":90,"texture":"#0","tintindex":0},"west":{"uv":[14.625,12.1875,14.8,12.5],"rotation":90,"texture":"#0","tintindex":0},"up":{"uv":[14.625,12.1875,14.8,12.5],"rotation":90,"texture":"#0","tintindex":0},"down":{"uv":[14.625,12.1875,14.8,12.5],"rotation":90,"texture":"#0","tintindex":0}}},{"from":[6.6559644,1.0472631,7.257143],"to":[7.25025,1.7901206,7.702857],"rotation":{"angle":0.0,"axis":"y","origin":[7.482137,8.678614,7.777143]},"faces":{"east":{"uv":[15.25,12.5375,15.6,12.8875],"rotation":90,"texture":"#0","tintindex":0},"south":{"uv":[15.25,12.5375,15.6,12.8875],"rotation":90,"texture":"#0","tintindex":0},"north":{"uv":[15.25,12.5375,15.6,12.8875],"rotation":90,"texture":"#0","tintindex":0},"west":{"uv":[15.25,12.5375,15.6,12.8875],"rotation":90,"texture":"#0","tintindex":0},"up":{"uv":[15.25,12.5375,15.6,12.8875],"rotation":90,"texture":"#0","tintindex":0},"down":{"uv":[15.25,12.5375,15.6,12.8875],"rotation":90,"texture":"#0","tintindex":0}}},{"from":[6.6559644,0.30440617,7.257143],"to":[7.25025,1.0472631,7.702857],"rotation":{"angle":0.0,"axis":"y","origin":[6.4421372,-1.9442444,7.48]},"faces":{"east":{"uv":[15.25,12.5375,15.6,12.8875],"rotation":90,"texture":"#0","tintindex":0},"south":{"uv":[15.25,12.5375,15.6,12.8875],"rotation":90,"texture":"#0","tintindex":0},"north":{"uv":[15.25,12.5375,15.6,12.8875],"rotation":90,"texture":"#0","tintindex":0},"west":{"uv":[15.25,12.5375,15.6,12.8875],"rotation":90,"texture":"#0","tintindex":0},"up":{"uv":[15.25,12.5375,15.6,12.8875],"rotation":90,"texture":"#0","tintindex":0},"down":{"uv":[15.25,12.5375,15.6,12.8875],"rotation":90,"texture":"#0","tintindex":0}}},{"from":[5.7339287,1.6442332,7.257143],"to":[6.3282146,2.3870907,7.702857],"rotation":{"angle":-22.5,"axis":"z","origin":[6.5616584,-0.60051537,7.48]},"faces":{"east":{"uv":[15.25,12.5375,15.6,12.8875],"rotation":90,"texture":"#0","tintindex":0},"south":{"uv":[15.25,12.5375,15.6,12.8875],"rotation":90,"texture":"#0","tintindex":0},"north":{"uv":[15.25,12.5375,15.6,12.8875],"rotation":90,"texture":"#0","tintindex":0},"west":{"uv":[15.25,12.5375,15.6,12.8875],"rotation":90,"texture":"#0","tintindex":0},"up":{"uv":[15.25,12.5375,15.6,12.8875],"rotation":90,"texture":"#0","tintindex":0},"down":{"uv":[15.25,12.5375,15.6,12.8875],"rotation":90,"texture":"#0","tintindex":0}}}],"display":{"head":{"translation":[0.0,-6.4,0.0],"scale":[4.0,4.0,4.0]}}}