{"textures":{"0":"modelengine:entity/chaine"},"elements":[{"from":[9.112144,7.86176,8.668571],"to":[9.70643,8.307474,9.114285],"rotation":{"angle":22.5,"axis":"z","origin":[8.878701,5.319869,8.0]},"faces":{"east":{"uv":[15.25,12.5375,15.6,12.8875],"rotation":90,"texture":"#0","tintindex":0},"south":{"uv":[15.25,12.5375,15.6,12.8875],"rotation":90,"texture":"#0","tintindex":0},"north":{"uv":[15.25,12.5375,15.6,12.8875],"rotation":90,"texture":"#0","tintindex":0},"west":{"uv":[15.25,12.5375,15.6,12.8875],"rotation":90,"texture":"#0","tintindex":0},"up":{"uv":[15.25,12.5375,15.6,12.8875],"rotation":90,"texture":"#0","tintindex":0},"down":{"uv":[15.25,12.5375,15.6,12.8875],"rotation":90,"texture":"#0","tintindex":0}}},{"from":[9.112144,7.7874746,8.0742855],"to":[9.70643,8.307474,8.52],"rotation":{"angle":22.5,"axis":"z","origin":[8.878701,5.319869,8.0]},"faces":{"east":{"uv":[15.25,12.5375,15.6,12.8875],"rotation":90,"texture":"#0","tintindex":0},"south":{"uv":[15.25,12.5375,15.6,12.8875],"rotation":90,"texture":"#0","tintindex":0},"north":{"uv":[15.25,12.5375,15.6,12.8875],"rotation":90,"texture":"#0","tintindex":0},"west":{"uv":[15.25,12.5375,15.6,12.8875],"rotation":90,"texture":"#0","tintindex":0},"up":{"uv":[15.25,12.5375,15.6,12.8875],"rotation":90,"texture":"#0","tintindex":0},"down":{"uv":[15.25,12.5375,15.6,12.8875],"rotation":90,"texture":"#0","tintindex":0}}},{"from":[9.112144,7.564617,7.48],"to":[9.70643,8.307474,7.9257145],"rotation":{"angle":22.5,"axis":"z","origin":[8.878701,5.319869,8.0]},"faces":{"east":{"uv":[15.25,12.5375,15.6,12.8875],"rotation":90,"texture":"#0","tintindex":0},"south":{"uv":[15.25,12.5375,15.6,12.8875],"rotation":90,"texture":"#0","tintindex":0},"north":{"uv":[15.25,12.5375,15.6,12.8875],"rotation":90,"texture":"#0","tintindex":0},"west":{"uv":[15.25,12.5375,15.6,12.8875],"rotation":90,"texture":"#0","tintindex":0},"up":{"uv":[15.25,12.5375,15.6,12.8875],"rotation":90,"texture":"#0","tintindex":0},"down":{"uv":[15.25,12.5375,15.6,12.8875],"rotation":90,"texture":"#0","tintindex":0}}},{"from":[9.112144,7.564617,6.885714],"to":[9.70643,8.307474,7.3314285],"rotation":{"angle":22.5,"axis":"z","origin":[8.878701,5.319869,8.0]},"faces":{"east":{"uv":[15.25,12.5375,15.6,12.8875],"rotation":90,"texture":"#0","tintindex":0},"south":{"uv":[15.25,12.5375,15.6,12.8875],"rotation":90,"texture":"#0","tintindex":0},"north":{"uv":[15.25,12.5375,15.6,12.8875],"rotation":90,"texture":"#0","tintindex":0},"west":{"uv":[15.25,12.5375,15.6,12.8875],"rotation":90,"texture":"#0","tintindex":0},"up":{"uv":[15.25,12.5375,15.6,12.8875],"rotation":90,"texture":"#0","tintindex":0},"down":{"uv":[15.25,12.5375,15.6,12.8875],"rotation":90,"texture":"#0","tintindex":0}}}],"display":{"head":{"translation":[0.0,-6.4,0.0],"scale":[4.0,4.0,4.0]}}}