{"textures":{"0":"modelengine:entity/chaine"},"elements":[{"from":[4.878623,7.0736837,6.142857],"to":[7.7757654,10.416541,9.857143],"rotation":{"angle":0.0,"axis":"y","origin":[7.098164,4.4536047,8.0]},"faces":{"east":{"uv":[15.0,15.0625,15.875,16.0],"rotation":180,"texture":"#0","tintindex":0},"south":{"uv":[15.0,15.0625,15.875,16.0],"rotation":180,"texture":"#0","tintindex":0},"north":{"uv":[15.0,15.0625,15.875,16.0],"rotation":180,"texture":"#0","tintindex":0},"west":{"uv":[15.0,15.0625,15.875,16.0],"rotation":180,"texture":"#0","tintindex":0},"up":{"uv":[15.0,15.0625,15.875,16.0],"rotation":180,"texture":"#0","tintindex":0},"down":{"uv":[15.0,15.0625,15.875,16.0],"rotation":180,"texture":"#0","tintindex":0}}},{"from":[4.9529085,4.6222553,6.5885715],"to":[7.70148,7.1479697,9.411428],"rotation":{"angle":0.0,"axis":"y","origin":[7.098164,4.899319,8.0]},"faces":{"east":{"uv":[14.125,0.0,16.0,2.0],"rotation":0,"texture":"#0","tintindex":0},"south":{"uv":[14.125,0.0,16.0,2.0],"rotation":0,"texture":"#0","tintindex":0},"north":{"uv":[14.125,0.0,16.0,2.0],"rotation":0,"texture":"#0","tintindex":0},"west":{"uv":[14.125,0.0,16.0,2.0],"rotation":0,"texture":"#0","tintindex":0},"up":{"uv":[14.125,0.0,16.0,2.0],"rotation":0,"texture":"#0","tintindex":0},"down":{"uv":[14.125,0.0,16.0,2.0],"rotation":0,"texture":"#0","tintindex":0}}},{"from":[5.3532147,10.138806,5.92],"to":[8.993215,11.253092,10.08],"rotation":{"angle":22.5,"axis":"z","origin":[7.3112,7.7826295,8.0]},"faces":{"east":{"uv":[14.125,11.9375,14.875,12.8],"rotation":90,"texture":"#0","tintindex":0},"south":{"uv":[14.125,11.9375,14.875,12.8],"rotation":90,"texture":"#0","tintindex":0},"north":{"uv":[14.125,11.9375,14.875,12.8],"rotation":90,"texture":"#0","tintindex":0},"west":{"uv":[14.125,11.9375,14.3125,12.55],"rotation":90,"texture":"#0","tintindex":0},"up":{"uv":[14.125,11.9375,14.825,12.55],"rotation":90,"texture":"#0","tintindex":0},"down":{"uv":[14.125,11.9375,14.3125,12.55],"rotation":90,"texture":"#0","tintindex":0}}},{"from":[7.573304,10.839022,6.217143],"to":[8.019018,12.176165,9.782857],"rotation":{"angle":22.5,"axis":"z","origin":[7.934147,7.851416,8.0]},"faces":{"east":{"uv":[14.625,12.6875,15.225,12.7625],"rotation":90,"texture":"#0","tintindex":0},"south":{"uv":[14.625,12.6875,15.225,12.7625],"rotation":90,"texture":"#0","tintindex":0},"north":{"uv":[14.625,12.6875,15.225,12.7625],"rotation":90,"texture":"#0","tintindex":0},"west":{"uv":[14.625,12.6875,15.225,12.7625],"rotation":90,"texture":"#0","tintindex":0},"up":{"uv":[14.625,12.6875,15.225,12.7625],"rotation":90,"texture":"#0","tintindex":0},"down":{"uv":[14.625,12.6875,15.225,12.7625],"rotation":90,"texture":"#0","tintindex":0}}},{"from":[6.4590187,10.096165,6.5885715],"to":[6.9047327,11.879022,9.411428],"rotation":{"angle":22.5,"axis":"z","origin":[7.934147,7.851416,8.0]},"faces":{"east":{"uv":[14.625,12.6875,15.1,12.7625],"rotation":90,"texture":"#0","tintindex":0},"south":{"uv":[14.625,12.6875,15.1,12.7625],"rotation":90,"texture":"#0","tintindex":0},"north":{"uv":[14.625,12.6875,15.1,12.7625],"rotation":90,"texture":"#0","tintindex":0},"west":{"uv":[14.625,12.6875,15.1,12.7625],"rotation":90,"texture":"#0","tintindex":0},"up":{"uv":[14.625,12.6875,15.1,12.7625],"rotation":90,"texture":"#0","tintindex":0},"down":{"uv":[14.625,12.6875,15.1,12.7625],"rotation":90,"texture":"#0","tintindex":0}}},{"from":[4.582959,8.046549,5.9942856],"to":[8.742959,8.71512,10.005714],"rotation":{"angle":45.0,"axis":"z","origin":[5.1715937,6.166848,8.0]},"faces":{"east":{"uv":[14.125,11.9375,14.4375,12.8],"rotation":270,"texture":"#0","tintindex":0},"south":{"uv":[14.125,11.9375,14.4375,12.8],"rotation":270,"texture":"#0","tintindex":0},"north":{"uv":[14.125,11.9375,14.4375,12.8],"rotation":270,"texture":"#0","tintindex":0},"west":{"uv":[14.125,11.9375,14.4375,12.8],"rotation":270,"texture":"#0","tintindex":0},"up":{"uv":[14.125,11.9375,14.4375,12.8],"rotation":270,"texture":"#0","tintindex":0},"down":{"uv":[14.125,11.9375,14.4375,12.8],"rotation":270,"texture":"#0","tintindex":0}}},{"from":[3.5153704,5.686792,6.068571],"to":[3.9610844,9.252506,9.931429],"rotation":{"angle":-22.5,"axis":"z","origin":[5.212963,5.2445517,8.0]},"faces":{"east":{"uv":[9.0,7.125,9.625,7.75],"rotation":0,"texture":"#0","tintindex":0},"south":{"uv":[1.0,13.0,1.0625,13.625],"rotation":0,"texture":"#0","tintindex":0},"north":{"uv":[14.125,11.9375,14.725,12.0125],"rotation":90,"texture":"#0","tintindex":0},"west":{"uv":[9.0,7.875,9.625,8.5],"rotation":0,"texture":"#0","tintindex":0},"up":{"uv":[1.3125,13.625,1.25,13.0],"rotation":0,"texture":"#0","tintindex":0},"down":{"uv":[2.0625,13.0,2.0,13.625],"rotation":0,"texture":"#0","tintindex":0}}}],"display":{"head":{"translation":[0.0,-6.4,0.0],"scale":[4.0,4.0,4.0]}}}