{"textures":{"0":"modelengine:entity/chaine"},"elements":[{"from":[6.228326,0.19193411,7.5064187],"to":[9.942612,7.5462203,10.849276],"rotation":{"angle":0.0,"axis":"y","origin":[6.5997543,8.511934,9.140704]},"faces":{"east":{"uv":[0.1875,8.6875,2.0,11.25],"rotation":0,"texture":"#0","tintindex":0},"south":{"uv":[0.1875,8.6875,2.0,11.25],"rotation":0,"texture":"#0","tintindex":0},"north":{"uv":[0.1875,8.6875,2.0,11.25],"rotation":0,"texture":"#0","tintindex":0},"west":{"uv":[0.1875,8.6875,2.0,11.25],"rotation":0,"texture":"#0","tintindex":0},"up":{"uv":[0.1875,8.6875,2.0,11.25],"rotation":0,"texture":"#0","tintindex":0},"down":{"uv":[2.9375,10.6875,3.4375,11.4375],"rotation":0,"texture":"#0","tintindex":0}}},{"from":[6.4809446,0.97413015,6.966136],"to":[8.502375,3.828041,8.8117895],"rotation":{"angle":22.5,"axis":"y","origin":[7.49166,2.4010859,7.8889627]},"faces":{"east":{"uv":[10.9375,4.875,12.75,8.1875],"rotation":0,"texture":"#0","tintindex":0},"south":{"uv":[10.9375,4.875,12.75,8.1875],"rotation":0,"texture":"#0","tintindex":0},"north":{"uv":[10.9375,4.875,12.75,8.1875],"rotation":0,"texture":"#0","tintindex":0},"west":{"uv":[10.9375,4.875,12.75,8.1875],"rotation":0,"texture":"#0","tintindex":0},"up":{"uv":[0.625,0.625,1.3125,2.3125],"rotation":0,"texture":"#0","tintindex":0},"down":{"uv":[0.625,0.625,1.3125,2.3125],"rotation":0,"texture":"#0","tintindex":0}}},{"from":[7.474035,0.97413015,6.9326854],"to":[9.495465,3.828041,8.778339],"rotation":{"angle":-22.5,"axis":"y","origin":[8.48475,2.4010859,8.294953]},"faces":{"east":{"uv":[0.0,0.25,1.8125,3.5625],"rotation":0,"texture":"#0","tintindex":0},"south":{"uv":[0.0,0.25,1.8125,3.5625],"rotation":0,"texture":"#0","tintindex":0},"north":{"uv":[0.0,0.25,1.8125,3.5625],"rotation":0,"texture":"#0","tintindex":0},"west":{"uv":[0.0,0.25,1.8125,3.5625],"rotation":0,"texture":"#0","tintindex":0},"up":{"uv":[0.625,0.625,1.3125,2.3125],"rotation":0,"texture":"#0","tintindex":0},"down":{"uv":[0.625,0.625,1.3125,2.3125],"rotation":0,"texture":"#0","tintindex":0}}},{"from":[6.376897,0.3405056,7.5807047],"to":[9.79404,6.803363,10.700705],"rotation":{"angle":0.0,"axis":"y","origin":[6.5997543,8.511934,9.140704]},"faces":{"east":{"uv":[8.125,4.8125,9.8875,6.65],"rotation":0,"texture":"#0","tintindex":0},"south":{"uv":[8.125,4.8125,9.8875,6.65],"rotation":0,"texture":"#0","tintindex":0},"north":{"uv":[8.125,4.8125,9.8875,6.65],"rotation":0,"texture":"#0","tintindex":0},"west":{"uv":[8.125,4.8125,9.8875,6.65],"rotation":0,"texture":"#0","tintindex":0},"up":{"uv":[8.125,4.8125,9.8875,6.65],"rotation":0,"texture":"#0","tintindex":0},"down":{"uv":[8.125,4.8125,9.8875,6.65],"rotation":0,"texture":"#0","tintindex":0}}},{"from":[5.485469,4.203363,7.432133],"to":[9.199755,7.323363,7.432133],"rotation":{"angle":0.0,"axis":"y","origin":[9.348326,8.58622,9.140705]},"faces":{"east":{"uv":[11.0,12.125,11.0,12.625],"rotation":0,"texture":"#0","tintindex":0},"south":{"uv":[7.75,10.1875,8.375,10.6875],"rotation":0,"texture":"#0","tintindex":0},"north":{"uv":[14.25,8.625,15.5625,9.425],"rotation":0,"texture":"#0","tintindex":0},"west":{"uv":[6.875,13.0,6.875,13.5],"rotation":0,"texture":"#0","tintindex":0},"up":{"uv":[8.875,8.125,8.25,8.125],"rotation":0,"texture":"#0","tintindex":0},"down":{"uv":[9.125,2.625,8.5,2.625],"rotation":0,"texture":"#0","tintindex":0}}}],"display":{"head":{"translation":[0.0,-6.4,0.0],"scale":[4.0,4.0,4.0]}}}