{"textures":{"0":"modelengine:entity/chaine"},"elements":[{"from":[14.718209,-16.0,8.0],"to":[17.83821,-12.211428,8.0],"rotation":{"angle":-45.0,"axis":"z","origin":[44.061066,7.065716,8.0]},"faces":{"east":{"uv":[2.375,9.05625,3.0875,10.8125],"rotation":0,"texture":"#0","tintindex":0},"south":{"uv":[2.41875,9.05,3.13125,10.80625],"rotation":0,"texture":"#0","tintindex":0},"north":{"uv":[2.375,9.05625,3.0875,10.8125],"rotation":0,"texture":"#0","tintindex":0},"west":{"uv":[2.375,9.05625,3.0875,10.8125],"rotation":0,"texture":"#0","tintindex":0},"up":{"uv":[2.375,9.05625,3.0875,10.8125],"rotation":0,"texture":"#0","tintindex":0},"down":{"uv":[2.375,9.05625,3.0875,10.8125],"rotation":0,"texture":"#0","tintindex":0}}},{"from":[16.352495,-14.068571,6.44],"to":[16.352495,-10.279999,9.56],"rotation":{"angle":-45.0,"axis":"z","origin":[44.061066,7.065716,8.0]},"faces":{"east":{"uv":[2.41875,9.05,3.13125,10.80625],"rotation":0,"texture":"#0","tintindex":0},"south":{"uv":[3.4375,8.61875,3.65,8.875],"rotation":0,"texture":"#0","tintindex":0},"north":{"uv":[3.4375,8.61875,3.65,8.875],"rotation":0,"texture":"#0","tintindex":0},"west":{"uv":[2.375,9.05625,3.0875,10.8125],"rotation":0,"texture":"#0","tintindex":0},"up":{"uv":[3.4375,8.61875,3.65,8.875],"rotation":0,"texture":"#0","tintindex":0},"down":{"uv":[3.4375,8.61875,3.65,8.875],"rotation":0,"texture":"#0","tintindex":0}}}],"display":{"head":{"translation":[0.0,-15.669203,0.0],"scale":[4.0,4.0,4.0]}}}