{"textures":{"0":"modelengine:entity/chaine"},"elements":[{"from":[10.18178,7.310634,8.668571],"to":[10.776065,7.9792056,9.114285],"rotation":{"angle":45.0,"axis":"z","origin":[8.987556,5.393791,8.0]},"faces":{"east":{"uv":[15.25,12.5375,15.6,12.8875],"rotation":90,"texture":"#0","tintindex":0},"south":{"uv":[15.25,12.5375,15.6,12.8875],"rotation":90,"texture":"#0","tintindex":0},"north":{"uv":[15.25,12.5375,15.6,12.8875],"rotation":90,"texture":"#0","tintindex":0},"west":{"uv":[15.25,12.5375,15.6,12.8875],"rotation":90,"texture":"#0","tintindex":0},"up":{"uv":[15.25,12.5375,15.6,12.8875],"rotation":90,"texture":"#0","tintindex":0},"down":{"uv":[15.25,12.5375,15.6,12.8875],"rotation":90,"texture":"#0","tintindex":0}}},{"from":[10.210207,7.1677175,8.0742855],"to":[10.804493,7.9105744,8.52],"rotation":{"angle":45.0,"axis":"z","origin":[9.015985,5.32516,8.0]},"faces":{"east":{"uv":[15.25,12.5375,15.6,12.8875],"rotation":90,"texture":"#0","tintindex":0},"south":{"uv":[15.25,12.5375,15.6,12.8875],"rotation":90,"texture":"#0","tintindex":0},"north":{"uv":[15.25,12.5375,15.6,12.8875],"rotation":90,"texture":"#0","tintindex":0},"west":{"uv":[15.25,12.5375,15.6,12.8875],"rotation":90,"texture":"#0","tintindex":0},"up":{"uv":[15.25,12.5375,15.6,12.8875],"rotation":90,"texture":"#0","tintindex":0},"down":{"uv":[15.25,12.5375,15.6,12.8875],"rotation":90,"texture":"#0","tintindex":0}}},{"from":[10.295491,6.9618244,7.48],"to":[10.889776,7.7046814,7.9257145],"rotation":{"angle":45.0,"axis":"z","origin":[9.101269,5.119267,8.0]},"faces":{"east":{"uv":[15.25,12.5375,15.6,12.8875],"rotation":90,"texture":"#0","tintindex":0},"south":{"uv":[15.25,12.5375,15.6,12.8875],"rotation":90,"texture":"#0","tintindex":0},"north":{"uv":[15.25,12.5375,15.6,12.8875],"rotation":90,"texture":"#0","tintindex":0},"west":{"uv":[15.25,12.5375,15.6,12.8875],"rotation":90,"texture":"#0","tintindex":0},"up":{"uv":[15.25,12.5375,15.6,12.8875],"rotation":90,"texture":"#0","tintindex":0},"down":{"uv":[15.25,12.5375,15.6,12.8875],"rotation":90,"texture":"#0","tintindex":0}}},{"from":[10.295491,7.1846814,6.885714],"to":[10.889776,7.7046814,7.3314285],"rotation":{"angle":45.0,"axis":"z","origin":[9.101269,5.119267,8.0]},"faces":{"east":{"uv":[15.25,12.5375,15.6,12.8875],"rotation":90,"texture":"#0","tintindex":0},"south":{"uv":[15.25,12.5375,15.6,12.8875],"rotation":90,"texture":"#0","tintindex":0},"north":{"uv":[15.25,12.5375,15.6,12.8875],"rotation":90,"texture":"#0","tintindex":0},"west":{"uv":[15.25,12.5375,15.6,12.8875],"rotation":90,"texture":"#0","tintindex":0},"up":{"uv":[15.25,12.5375,15.6,12.8875],"rotation":90,"texture":"#0","tintindex":0},"down":{"uv":[15.25,12.5375,15.6,12.8875],"rotation":90,"texture":"#0","tintindex":0}}}],"display":{"head":{"translation":[0.0,-6.4,0.0],"scale":[4.0,4.0,4.0]}}}