{"textures":{"0":"modelengine:entity/chaine"},"elements":[{"from":[5.4082413,7.007341,6.885714],"to":[6.002527,7.750198,7.3314285],"rotation":{"angle":-45.0,"axis":"z","origin":[7.1967497,5.1647835,8.0]},"faces":{"east":{"uv":[15.25,12.5375,15.625,12.8875],"rotation":90,"texture":"#0","tintindex":0},"south":{"uv":[15.25,12.5375,15.625,12.8875],"rotation":90,"texture":"#0","tintindex":0},"north":{"uv":[15.25,12.5375,15.625,12.8875],"rotation":90,"texture":"#0","tintindex":0},"west":{"uv":[15.25,12.5375,15.625,12.8875],"rotation":90,"texture":"#0","tintindex":0},"up":{"uv":[15.25,12.5375,15.625,12.8875],"rotation":90,"texture":"#0","tintindex":0},"down":{"uv":[15.25,12.5375,15.625,12.8875],"rotation":90,"texture":"#0","tintindex":0}}},{"from":[5.351386,6.8700786,7.48],"to":[5.945671,7.612936,7.9257145],"rotation":{"angle":-45.0,"axis":"z","origin":[7.139894,5.027521,8.0]},"faces":{"east":{"uv":[15.25,12.5375,15.625,12.8875],"rotation":90,"texture":"#0","tintindex":0},"south":{"uv":[15.25,12.5375,15.625,12.8875],"rotation":90,"texture":"#0","tintindex":0},"north":{"uv":[15.25,12.5375,15.625,12.8875],"rotation":90,"texture":"#0","tintindex":0},"west":{"uv":[15.25,12.5375,15.625,12.8875],"rotation":90,"texture":"#0","tintindex":0},"up":{"uv":[15.25,12.5375,15.625,12.8875],"rotation":90,"texture":"#0","tintindex":0},"down":{"uv":[15.25,12.5375,15.625,12.8875],"rotation":90,"texture":"#0","tintindex":0}}},{"from":[5.4366693,7.0759716,8.0742855],"to":[6.0309553,7.818829,8.52],"rotation":{"angle":-45.0,"axis":"z","origin":[7.225178,5.2334146,8.0]},"faces":{"east":{"uv":[15.25,12.5375,15.625,12.8875],"rotation":90,"texture":"#0","tintindex":0},"south":{"uv":[15.25,12.5375,15.625,12.8875],"rotation":90,"texture":"#0","tintindex":0},"north":{"uv":[15.25,12.5375,15.625,12.8875],"rotation":90,"texture":"#0","tintindex":0},"west":{"uv":[15.25,12.5375,15.625,12.8875],"rotation":90,"texture":"#0","tintindex":0},"up":{"uv":[15.25,12.5375,15.625,12.8875],"rotation":90,"texture":"#0","tintindex":0},"down":{"uv":[15.25,12.5375,15.625,12.8875],"rotation":90,"texture":"#0","tintindex":0}}},{"from":[5.4366693,7.298829,8.668571],"to":[6.0309553,7.9674006,9.114285],"rotation":{"angle":-45.0,"axis":"z","origin":[7.225178,5.381986,8.0]},"faces":{"east":{"uv":[15.25,12.5375,15.6125,12.8875],"rotation":90,"texture":"#0","tintindex":0},"south":{"uv":[15.25,12.5375,15.6125,12.8875],"rotation":90,"texture":"#0","tintindex":0},"north":{"uv":[15.25,12.5375,15.6125,12.8875],"rotation":90,"texture":"#0","tintindex":0},"west":{"uv":[15.25,12.5375,15.6125,12.8875],"rotation":90,"texture":"#0","tintindex":0},"up":{"uv":[15.25,12.5375,15.6125,12.8875],"rotation":90,"texture":"#0","tintindex":0},"down":{"uv":[15.25,12.5375,15.6125,12.8875],"rotation":90,"texture":"#0","tintindex":0}}}],"display":{"head":{"translation":[0.0,-6.4,0.0],"scale":[4.0,4.0,4.0]}}}