{"textures":{"0":"modelengine:entity/chaine"},"elements":[{"from":[7.702857,7.267143,6.885714],"to":[8.297143,8.01,7.3314285],"rotation":{"angle":0.0,"axis":"y","origin":[6.9690304,15.418493,8.0]},"faces":{"east":{"uv":[15.25,12.5375,15.625,12.8875],"rotation":90,"texture":"#0","tintindex":0},"south":{"uv":[15.25,12.5375,15.625,12.8875],"rotation":90,"texture":"#0","tintindex":0},"north":{"uv":[15.25,12.5375,15.625,12.8875],"rotation":90,"texture":"#0","tintindex":0},"west":{"uv":[15.25,12.5375,15.625,12.8875],"rotation":90,"texture":"#0","tintindex":0},"up":{"uv":[15.25,12.5375,15.625,12.8875],"rotation":90,"texture":"#0","tintindex":0},"down":{"uv":[15.25,12.5375,15.625,12.8875],"rotation":90,"texture":"#0","tintindex":0}}},{"from":[7.702857,7.267143,7.48],"to":[8.297143,8.01,7.9257145],"rotation":{"angle":0.0,"axis":"y","origin":[6.9690304,15.418493,8.0]},"faces":{"east":{"uv":[15.25,12.5375,15.625,12.8875],"rotation":90,"texture":"#0","tintindex":0},"south":{"uv":[15.25,12.5375,15.625,12.8875],"rotation":90,"texture":"#0","tintindex":0},"north":{"uv":[15.25,12.5375,15.625,12.8875],"rotation":90,"texture":"#0","tintindex":0},"west":{"uv":[15.25,12.5375,15.625,12.8875],"rotation":90,"texture":"#0","tintindex":0},"up":{"uv":[15.25,12.5375,15.625,12.8875],"rotation":90,"texture":"#0","tintindex":0},"down":{"uv":[15.25,12.5375,15.625,12.8875],"rotation":90,"texture":"#0","tintindex":0}}},{"from":[7.702857,7.267143,8.0742855],"to":[8.297143,8.01,8.52],"rotation":{"angle":0.0,"axis":"y","origin":[6.9690304,15.418493,8.0]},"faces":{"east":{"uv":[15.25,12.5375,15.625,12.8875],"rotation":90,"texture":"#0","tintindex":0},"south":{"uv":[15.25,12.5375,15.625,12.8875],"rotation":90,"texture":"#0","tintindex":0},"north":{"uv":[15.25,12.5375,15.625,12.8875],"rotation":90,"texture":"#0","tintindex":0},"west":{"uv":[15.25,12.5375,15.625,12.8875],"rotation":90,"texture":"#0","tintindex":0},"up":{"uv":[15.25,12.5375,15.625,12.8875],"rotation":90,"texture":"#0","tintindex":0},"down":{"uv":[15.25,12.5375,15.625,12.8875],"rotation":90,"texture":"#0","tintindex":0}}},{"from":[7.702857,7.4157143,8.668571],"to":[8.297143,8.01,9.114285],"rotation":{"angle":0.0,"axis":"y","origin":[6.9690304,15.418493,8.0]},"faces":{"east":{"uv":[15.25,12.5375,15.6,12.8875],"rotation":90,"texture":"#0","tintindex":0},"south":{"uv":[15.25,12.5375,15.6,12.8875],"rotation":90,"texture":"#0","tintindex":0},"north":{"uv":[15.25,12.5375,15.6,12.8875],"rotation":90,"texture":"#0","tintindex":0},"west":{"uv":[15.25,12.5375,15.6,12.8875],"rotation":90,"texture":"#0","tintindex":0},"up":{"uv":[15.25,12.5375,15.6,12.8875],"rotation":90,"texture":"#0","tintindex":0},"down":{"uv":[15.25,12.5375,15.6,12.8875],"rotation":90,"texture":"#0","tintindex":0}}}],"display":{"head":{"translation":[0.0,-6.4,0.0],"scale":[4.0,4.0,4.0]}}}