{"textures":{"0":"modelengine:entity/chaine"},"elements":[{"from":[8.202099,7.069591,6.142857],"to":[11.099242,10.412448,9.857143],"rotation":{"angle":0.0,"axis":"y","origin":[9.399701,4.4495115,8.0]},"faces":{"east":{"uv":[13.875,15.0625,14.75,16.0],"rotation":180,"texture":"#0","tintindex":0},"south":{"uv":[13.875,15.0625,14.75,16.0],"rotation":180,"texture":"#0","tintindex":0},"north":{"uv":[13.875,15.0625,14.75,16.0],"rotation":180,"texture":"#0","tintindex":0},"west":{"uv":[13.875,15.0625,14.75,16.0],"rotation":180,"texture":"#0","tintindex":0},"up":{"uv":[13.875,15.0625,14.75,16.0],"rotation":180,"texture":"#0","tintindex":0},"down":{"uv":[13.875,15.0625,14.75,16.0],"rotation":180,"texture":"#0","tintindex":0}}},{"from":[8.276385,4.618162,6.5885715],"to":[11.024957,7.1438766,9.411428],"rotation":{"angle":0.0,"axis":"y","origin":[9.399701,4.8952265,8.0]},"faces":{"east":{"uv":[14.125,0.0,16.0,2.0],"rotation":0,"texture":"#0","tintindex":0},"south":{"uv":[14.125,0.0,16.0,2.0],"rotation":0,"texture":"#0","tintindex":0},"north":{"uv":[14.125,0.0,16.0,2.0],"rotation":0,"texture":"#0","tintindex":0},"west":{"uv":[14.125,0.0,16.0,2.0],"rotation":0,"texture":"#0","tintindex":0},"up":{"uv":[14.125,0.0,16.0,2.0],"rotation":0,"texture":"#0","tintindex":0},"down":{"uv":[14.125,0.0,16.0,2.0],"rotation":0,"texture":"#0","tintindex":0}}},{"from":[7.225395,9.652789,5.92],"to":[10.865396,10.767075,10.08],"rotation":{"angle":-22.5,"axis":"z","origin":[10.058839,7.593755,8.0]},"faces":{"east":{"uv":[14.125,11.9375,14.875,12.8],"rotation":90,"texture":"#0","tintindex":0},"south":{"uv":[14.125,11.9375,14.875,12.8],"rotation":90,"texture":"#0","tintindex":0},"north":{"uv":[14.125,11.9375,14.875,12.8],"rotation":90,"texture":"#0","tintindex":0},"west":{"uv":[14.125,11.9375,14.825,12.55],"rotation":90,"texture":"#0","tintindex":0},"up":{"uv":[14.125,11.9375,14.825,12.55],"rotation":90,"texture":"#0","tintindex":0},"down":{"uv":[14.125,11.9375,14.825,12.55],"rotation":90,"texture":"#0","tintindex":0}}},{"from":[9.48224,9.794929,6.5885715],"to":[9.927955,11.1320715,9.411428],"rotation":{"angle":-22.5,"axis":"z","origin":[10.235683,7.847323,8.0]},"faces":{"east":{"uv":[14.625,12.6875,15.1,12.7625],"rotation":90,"texture":"#0","tintindex":0},"south":{"uv":[14.625,12.6875,15.1,12.7625],"rotation":90,"texture":"#0","tintindex":0},"north":{"uv":[14.625,12.6875,15.1,12.7625],"rotation":90,"texture":"#0","tintindex":0},"west":{"uv":[14.625,12.6875,15.1,12.7625],"rotation":90,"texture":"#0","tintindex":0},"up":{"uv":[14.625,12.6875,15.1,12.7625],"rotation":90,"texture":"#0","tintindex":0},"down":{"uv":[14.625,12.6875,15.1,12.7625],"rotation":90,"texture":"#0","tintindex":0}}},{"from":[8.367954,9.794929,6.217143],"to":[8.813668,11.5777855,9.782857],"rotation":{"angle":-22.5,"axis":"z","origin":[10.235683,7.847323,8.0]},"faces":{"east":{"uv":[14.625,12.6875,15.225,12.7625],"rotation":90,"texture":"#0","tintindex":0},"south":{"uv":[14.625,12.6875,15.225,12.7625],"rotation":90,"texture":"#0","tintindex":0},"north":{"uv":[14.625,12.6875,15.225,12.7625],"rotation":90,"texture":"#0","tintindex":0},"west":{"uv":[14.625,12.6875,15.225,12.7625],"rotation":90,"texture":"#0","tintindex":0},"up":{"uv":[14.625,12.6875,15.225,12.7625],"rotation":90,"texture":"#0","tintindex":0},"down":{"uv":[14.625,12.6875,15.225,12.7625],"rotation":90,"texture":"#0","tintindex":0}}},{"from":[7.5274734,8.879169,5.9942856],"to":[11.687473,9.547741,10.005714],"rotation":{"angle":-45.0,"axis":"z","origin":[9.761696,7.370898,8.0]},"faces":{"east":{"uv":[14.125,11.9375,14.4375,12.8],"rotation":90,"texture":"#0","tintindex":0},"south":{"uv":[14.125,11.9375,14.4375,12.8],"rotation":90,"texture":"#0","tintindex":0},"north":{"uv":[14.125,11.9375,14.4375,12.8],"rotation":90,"texture":"#0","tintindex":0},"west":{"uv":[14.125,11.9375,14.4375,12.8],"rotation":90,"texture":"#0","tintindex":0},"up":{"uv":[14.125,11.9375,14.4375,12.8],"rotation":90,"texture":"#0","tintindex":0},"down":{"uv":[14.125,11.9375,14.4375,12.8],"rotation":90,"texture":"#0","tintindex":0}}},{"from":[12.007872,5.7364187,6.068571],"to":[12.453587,9.302133,9.931429],"rotation":{"angle":22.5,"axis":"z","origin":[10.755994,4.588464,8.0]},"faces":{"east":{"uv":[14.125,11.9375,14.725,12.0125],"rotation":90,"texture":"#0","tintindex":0},"south":{"uv":[14.125,11.9375,14.725,12.0125],"rotation":90,"texture":"#0","tintindex":0},"north":{"uv":[14.125,11.9375,14.725,12.0125],"rotation":90,"texture":"#0","tintindex":0},"west":{"uv":[14.125,11.9375,14.725,12.0125],"rotation":90,"texture":"#0","tintindex":0},"up":{"uv":[14.125,11.9375,14.725,12.0125],"rotation":90,"texture":"#0","tintindex":0},"down":{"uv":[14.125,11.9375,14.725,12.0125],"rotation":90,"texture":"#0","tintindex":0}}}],"display":{"head":{"translation":[0.0,-6.4,0.0],"scale":[4.0,4.0,4.0]}}}