{"textures":{"0":"modelengine:entity/chaine"},"elements":[{"from":[5.1028566,8.037143,8.891429],"to":[8.222857,11.825714,8.891429],"rotation":{"angle":45.0,"axis":"z","origin":[7.182857,9.931429,8.0]},"faces":{"east":{"uv":[2.375,9.05625,3.0875,10.8125],"rotation":0,"texture":"#0","tintindex":0},"south":{"uv":[2.41875,9.05,3.13125,10.80625],"rotation":0,"texture":"#0","tintindex":0},"north":{"uv":[2.375,9.05625,3.0875,10.8125],"rotation":0,"texture":"#0","tintindex":0},"west":{"uv":[2.375,9.05625,3.0875,10.8125],"rotation":0,"texture":"#0","tintindex":0},"up":{"uv":[2.375,9.05625,3.0875,10.8125],"rotation":0,"texture":"#0","tintindex":0},"down":{"uv":[2.375,9.05625,3.0875,10.8125],"rotation":0,"texture":"#0","tintindex":0}}},{"from":[6.662857,10.414286,7.3314285],"to":[6.662857,14.202857,10.451428],"rotation":{"angle":45.0,"axis":"z","origin":[7.182857,9.931429,8.0]},"faces":{"east":{"uv":[2.41875,9.05,3.13125,10.80625],"rotation":0,"texture":"#0","tintindex":0},"south":{"uv":[2.8125,8.68125,3.775,8.8125],"rotation":0,"texture":"#0","tintindex":0},"north":{"uv":[2.8125,8.68125,3.775,8.8125],"rotation":0,"texture":"#0","tintindex":0},"west":{"uv":[2.8125,8.68125,3.775,8.8125],"rotation":0,"texture":"#0","tintindex":0},"up":{"uv":[2.8125,8.68125,3.775,8.8125],"rotation":0,"texture":"#0","tintindex":0},"down":{"uv":[2.8125,8.68125,3.775,8.8125],"rotation":0,"texture":"#0","tintindex":0}}}],"display":{"head":{"translation":[0.0,-6.4,0.0],"scale":[4.0,4.0,4.0]}}}