{"textures":{"0":"modelengine:entity/chaine"},"elements":[{"from":[5.67358,10.978064,7.661709],"to":[6.293373,11.357483,8.18972],"rotation":{"angle":-22.5,"axis":"z","origin":[4.1263337,11.167773,7.8142858]},"faces":{"east":{"uv":[13.75,1.375,13.875,1.4375],"rotation":0,"texture":"#0","tintindex":0},"south":{"uv":[13.75,1.375,13.875,1.4375],"rotation":0,"texture":"#0","tintindex":0},"north":{"uv":[13.75,1.375,13.875,1.4375],"rotation":0,"texture":"#0","tintindex":0},"west":{"uv":[13.75,1.375,13.875,1.4375],"rotation":0,"texture":"#0","tintindex":0},"up":{"uv":[13.75,1.375,13.875,1.4375],"rotation":0,"texture":"#0","tintindex":0},"down":{"uv":[13.75,1.375,13.875,1.4375],"rotation":0,"texture":"#0","tintindex":0}}},{"from":[9.847994,10.267366,7.661709],"to":[10.467787,10.646786,8.18972],"rotation":{"angle":22.5,"axis":"z","origin":[10.15789,10.457076,7.8142858]},"faces":{"east":{"uv":[13.75,6.875,13.8125,6.9375],"rotation":0,"texture":"#0","tintindex":0},"south":{"uv":[2.75,13.75,2.875,13.8125],"rotation":0,"texture":"#0","tintindex":0},"north":{"uv":[13.75,2.625,13.875,2.6875],"rotation":0,"texture":"#0","tintindex":0},"west":{"uv":[13.75,7.125,13.8125,7.1875],"rotation":0,"texture":"#0","tintindex":0},"up":{"uv":[13.875,2.9375,13.75,2.875],"rotation":0,"texture":"#0","tintindex":0},"down":{"uv":[3.125,13.75,3.0,13.8125],"rotation":0,"texture":"#0","tintindex":0}}},{"from":[5.981532,10.460358,12.638852],"to":[10.018468,10.839777,13.315434],"rotation":{"angle":0.0,"axis":"y","origin":[7.257143,8.012924,7.8142858]},"faces":{"east":{"uv":[12.75,12.375,13.625,12.4375],"rotation":0,"texture":"#0","tintindex":0},"south":{"uv":[12.75,12.375,13.625,12.4375],"rotation":0,"texture":"#0","tintindex":0},"north":{"uv":[12.75,12.375,13.625,12.4375],"rotation":0,"texture":"#0","tintindex":0},"west":{"uv":[12.75,12.375,13.625,12.4375],"rotation":0,"texture":"#0","tintindex":0},"up":{"uv":[12.75,12.375,13.625,12.4375],"rotation":0,"texture":"#0","tintindex":0},"down":{"uv":[12.75,12.375,13.625,12.4375],"rotation":0,"texture":"#0","tintindex":0}}},{"from":[5.981532,10.839777,13.084566],"to":[10.018468,11.739197,13.084566],"rotation":{"angle":0.0,"axis":"y","origin":[7.257143,7.649487,7.8142858]},"faces":{"east":{"uv":[7.375,5.5,7.375,5.625],"rotation":0,"texture":"#0","tintindex":0},"south":{"uv":[12.25,1.75,12.875,1.9375],"rotation":0,"texture":"#0","tintindex":0},"north":{"uv":[15.3125,9.625,16.0,10.25],"rotation":0,"texture":"#0","tintindex":0},"west":{"uv":[10.625,3.25,10.625,3.375],"rotation":0,"texture":"#0","tintindex":0},"up":{"uv":[14.4375,11.875,13.75,11.875],"rotation":0,"texture":"#0","tintindex":0},"down":{"uv":[14.4375,12.0,13.75,12.0],"rotation":0,"texture":"#0","tintindex":0}}},{"from":[6.055818,10.163215,7.661709],"to":[9.944182,10.542634,8.338291],"rotation":{"angle":0.0,"axis":"y","origin":[7.257143,8.012924,7.8142858]},"faces":{"east":{"uv":[12.75,12.375,13.625,12.4375],"rotation":0,"texture":"#0","tintindex":0},"south":{"uv":[12.75,12.375,13.625,12.4375],"rotation":0,"texture":"#0","tintindex":0},"north":{"uv":[12.75,12.375,13.625,12.4375],"rotation":0,"texture":"#0","tintindex":0},"west":{"uv":[12.75,12.375,13.625,12.4375],"rotation":0,"texture":"#0","tintindex":0},"up":{"uv":[12.75,12.375,13.625,12.4375],"rotation":0,"texture":"#0","tintindex":0},"down":{"uv":[12.75,12.375,13.625,12.4375],"rotation":0,"texture":"#0","tintindex":0}}},{"from":[9.773708,10.564508,7.8925767],"to":[10.467787,11.538214,7.8925767],"rotation":{"angle":22.5,"axis":"z","origin":[10.15789,10.754219,7.8142858]},"faces":{"east":{"uv":[3.0,11.5,3.0,11.6875],"rotation":0,"texture":"#0","tintindex":0},"south":{"uv":[15.0,9.6875,15.6875,10.125],"rotation":0,"texture":"#0","tintindex":0},"north":{"uv":[11.125,13.0,11.25,13.1875],"rotation":0,"texture":"#0","tintindex":0},"west":{"uv":[11.125,11.5,11.125,11.6875],"rotation":0,"texture":"#0","tintindex":0},"up":{"uv":[5.875,2.0,5.75,2.0],"rotation":0,"texture":"#0","tintindex":0},"down":{"uv":[7.0,1.875,6.875,1.875],"rotation":0,"texture":"#0","tintindex":0}}},{"from":[6.055818,10.460358,8.041148],"to":[9.944182,11.434063,8.041148],"rotation":{"angle":0.0,"axis":"y","origin":[7.257143,8.310067,7.8142858]},"faces":{"east":{"uv":[7.625,11.25,7.625,11.4375],"rotation":0,"texture":"#0","tintindex":0},"south":{"uv":[14.9375,5.6875,15.4375,5.75],"rotation":0,"texture":"#0","tintindex":0},"north":{"uv":[12.25,1.75,12.875,1.9375],"rotation":0,"texture":"#0","tintindex":0},"west":{"uv":[5.0,11.375,5.0,11.5625],"rotation":0,"texture":"#0","tintindex":0},"up":{"uv":[14.375,10.5,13.75,10.5],"rotation":0,"texture":"#0","tintindex":0},"down":{"uv":[12.25,13.75,11.625,13.75],"rotation":0,"texture":"#0","tintindex":0}}},{"from":[5.67358,11.275207,7.8925767],"to":[6.3676586,12.248912,7.8925767],"rotation":{"angle":-22.5,"axis":"z","origin":[4.1263337,11.464916,7.8142858]},"faces":{"east":{"uv":[10.0,2.625,10.0,2.8125],"rotation":0,"texture":"#0","tintindex":0},"south":{"uv":[15.875,8.75,16.0,9.375],"rotation":0,"texture":"#0","tintindex":0},"north":{"uv":[8.25,13.0,8.375,13.1875],"rotation":0,"texture":"#0","tintindex":0},"west":{"uv":[3.125,10.25,3.125,10.4375],"rotation":0,"texture":"#0","tintindex":0},"up":{"uv":[3.75,2.625,3.625,2.625],"rotation":0,"texture":"#0","tintindex":0},"down":{"uv":[4.0,2.625,3.875,2.625],"rotation":0,"texture":"#0","tintindex":0}}},{"from":[7.318675,10.163215,7.5131373],"to":[8.681325,10.9140625,8.486862],"rotation":{"angle":0.0,"axis":"y","origin":[7.257143,8.012924,7.8142858]},"faces":{"east":{"uv":[11.875,12.375,12.125,12.5],"rotation":0,"texture":"#0","tintindex":0},"south":{"uv":[11.875,12.375,12.125,12.5],"rotation":0,"texture":"#0","tintindex":0},"north":{"uv":[11.875,12.375,12.125,12.5],"rotation":0,"texture":"#0","tintindex":0},"west":{"uv":[11.875,12.375,12.125,12.5],"rotation":0,"texture":"#0","tintindex":0},"up":{"uv":[11.875,12.375,12.125,12.5],"rotation":0,"texture":"#0","tintindex":0},"down":{"uv":[11.875,12.375,12.125,12.5],"rotation":0,"texture":"#0","tintindex":0}}}],"display":{"head":{"translation":[0.0,-6.4,0.0],"scale":[4.0,4.0,4.0]}}}