{"textures":{"0":"modelengine:entity/chaine"},"elements":[{"from":[6.1617613,7.8296413,10.265337],"to":[9.827269,12.0719185,6.707633],"rotation":{"angle":0.0,"axis":"y","origin":[7.7963824,-0.07182121,6.1053367]},"faces":{"east":{"uv":[4.625,7.0,5.3125,7.75],"rotation":0,"texture":"#0","tintindex":0},"south":{"uv":[4.625,7.0,5.3125,7.75],"rotation":0,"texture":"#0","tintindex":0},"north":{"uv":[4.625,7.0,5.3125,7.75],"rotation":0,"texture":"#0","tintindex":0},"west":{"uv":[4.625,7.0,5.3125,7.75],"rotation":0,"texture":"#0","tintindex":0},"up":{"uv":[4.625,7.0,5.3125,7.75],"rotation":0,"texture":"#0","tintindex":0},"down":{"uv":[4.625,7.0,5.3125,7.75],"rotation":0,"texture":"#0","tintindex":0}}},{"from":[6.087476,7.978213,6.3281937],"to":[9.97584,12.0719185,10.719062],"rotation":{"angle":0.0,"axis":"y","origin":[7.7963824,-0.07182121,6.1053367]},"faces":{"east":{"uv":[6.75,14.25,8.75,16.0],"rotation":0,"texture":"#0","tintindex":0},"south":{"uv":[0.6875,14.0625,2.6875,16.0],"rotation":0,"texture":"#0","tintindex":0},"north":{"uv":[4.625,7.0,5.3125,7.75],"rotation":0,"texture":"#0","tintindex":0},"west":{"uv":[6.75,14.25,8.75,16.0],"rotation":0,"texture":"#0","tintindex":0},"up":{"uv":[4.625,7.0,5.3125,7.75],"rotation":0,"texture":"#0","tintindex":0},"down":{"uv":[4.625,7.0,5.3125,7.75],"rotation":0,"texture":"#0","tintindex":0}}},{"from":[5.558863,11.920776,5.898509],"to":[6.030084,12.374481,10.957949],"rotation":{"angle":0.0,"axis":"y","origin":[5.7944736,12.110486,8.428229]},"faces":{"east":{"uv":[12.75,12.125,13.625,12.1875],"rotation":0,"texture":"#0","tintindex":0},"south":{"uv":[12.75,12.125,13.625,12.1875],"rotation":0,"texture":"#0","tintindex":0},"north":{"uv":[12.75,12.125,13.625,12.1875],"rotation":0,"texture":"#0","tintindex":0},"west":{"uv":[12.75,12.125,13.625,12.1875],"rotation":0,"texture":"#0","tintindex":0},"up":{"uv":[12.75,12.125,13.625,12.1875],"rotation":0,"texture":"#0","tintindex":0},"down":{"uv":[12.75,12.125,13.625,12.1875],"rotation":0,"texture":"#0","tintindex":0}}},{"from":[9.941721,11.920776,5.898509],"to":[10.412942,12.374481,10.957949],"rotation":{"angle":0.0,"axis":"y","origin":[5.7944736,12.110486,8.428229]},"faces":{"east":{"uv":[12.75,12.375,13.625,12.4375],"rotation":0,"texture":"#0","tintindex":0},"south":{"uv":[12.75,12.375,13.625,12.4375],"rotation":0,"texture":"#0","tintindex":0},"north":{"uv":[12.75,12.375,13.625,12.4375],"rotation":0,"texture":"#0","tintindex":0},"west":{"uv":[12.75,12.375,13.625,12.4375],"rotation":0,"texture":"#0","tintindex":0},"up":{"uv":[12.75,12.375,13.625,12.4375],"rotation":0,"texture":"#0","tintindex":0},"down":{"uv":[12.75,12.375,13.625,12.4375],"rotation":0,"texture":"#0","tintindex":0}}},{"from":[10.1645775,12.292205,5.898509],"to":[10.1645775,13.340196,10.957949],"rotation":{"angle":0.0,"axis":"y","origin":[5.7944736,12.110486,8.428229]},"faces":{"east":{"uv":[12.25,1.75,12.875,1.9375],"rotation":0,"texture":"#0","tintindex":0},"south":{"uv":[3.25,9.5,3.25,9.6875],"rotation":0,"texture":"#0","tintindex":0},"north":{"uv":[8.875,9.0,8.875,9.1875],"rotation":0,"texture":"#0","tintindex":0},"west":{"uv":[16.0,6.625,16.0,6.5],"rotation":0,"texture":"#0","tintindex":0},"up":{"uv":[10.75,14.625,10.75,13.75],"rotation":0,"texture":"#0","tintindex":0},"down":{"uv":[10.875,13.75,10.875,14.625],"rotation":0,"texture":"#0","tintindex":0}}},{"from":[5.78172,12.292205,5.898509],"to":[5.78172,13.340196,10.957949],"rotation":{"angle":0.0,"axis":"y","origin":[5.7944736,12.110486,8.428229]},"faces":{"east":{"uv":[14.5,9.875,15.0,10.375],"rotation":0,"texture":"#0","tintindex":0},"south":{"uv":[5.625,5.125,5.625,5.3125],"rotation":0,"texture":"#0","tintindex":0},"north":{"uv":[5.5,3.625,5.5,3.8125],"rotation":0,"texture":"#0","tintindex":0},"west":{"uv":[12.25,1.75,12.875,1.9375],"rotation":0,"texture":"#0","tintindex":0},"up":{"uv":[10.0,14.625,10.0,13.75],"rotation":0,"texture":"#0","tintindex":0},"down":{"uv":[10.125,13.75,10.125,14.625],"rotation":0,"texture":"#0","tintindex":0}}},{"from":[7.109926,7.755356,5.388719],"to":[9.215433,12.0719185,6.4367304],"rotation":{"angle":-22.5,"axis":"y","origin":[7.234108,9.913637,7.769868]},"faces":{"east":{"uv":[14.45,2.18125,14.6875,2.6875],"rotation":0,"texture":"#0","tintindex":0},"south":{"uv":[15.7,2.24375,15.9375,2.75],"rotation":0,"texture":"#0","tintindex":0},"north":{"uv":[3.8875,13.86875,4.875,16.0],"rotation":0,"texture":"#0","tintindex":0},"west":{"uv":[15.0125,2.24375,15.25,2.75],"rotation":0,"texture":"#0","tintindex":0},"up":{"uv":[15.45,2.24375,15.6875,2.75],"rotation":0,"texture":"#0","tintindex":0},"down":{"uv":[14.7,2.11875,14.9375,2.625],"rotation":0,"texture":"#0","tintindex":0}}},{"from":[6.2057624,7.755356,5.885435],"to":[8.31127,12.0719185,6.933446],"rotation":{"angle":22.5,"axis":"y","origin":[7.258516,9.913637,6.4094405]},"faces":{"east":{"uv":[14.95,2.18125,15.1875,2.6875],"rotation":0,"texture":"#0","tintindex":0},"south":{"uv":[15.2,2.18125,15.4375,2.6875],"rotation":0,"texture":"#0","tintindex":0},"north":{"uv":[4.8875,13.86875,5.875,16.0],"rotation":0,"texture":"#0","tintindex":0},"west":{"uv":[15.1875,10.6875,15.5625,11.4375],"rotation":0,"texture":"#0","tintindex":0},"up":{"uv":[15.1875,10.6875,15.5625,11.4375],"rotation":0,"texture":"#0","tintindex":0},"down":{"uv":[14.825,2.18125,15.0625,2.6875],"rotation":0,"texture":"#0","tintindex":0}}},{"from":[6.1075387,7.37796,6.712637],"to":[9.881491,10.646203,10.203543],"rotation":{"angle":0.0,"axis":"y","origin":[7.7963824,-0.07182121,6.476765]},"faces":{"east":{"uv":[4.625,7.0,5.3125,7.75],"rotation":0,"texture":"#0","tintindex":0},"south":{"uv":[4.625,7.0,5.3125,7.75],"rotation":0,"texture":"#0","tintindex":0},"north":{"uv":[4.625,7.0,5.3125,7.75],"rotation":0,"texture":"#0","tintindex":0},"west":{"uv":[4.625,7.0,5.3125,7.75],"rotation":0,"texture":"#0","tintindex":0},"up":{"uv":[4.625,7.0,5.3125,7.75],"rotation":0,"texture":"#0","tintindex":0},"down":{"uv":[4.625,7.0,5.3125,7.75],"rotation":0,"texture":"#0","tintindex":0}}}],"display":{"head":{"translation":[0.0,-6.4,0.0],"scale":[4.0,4.0,4.0]}}}