{"textures":{"0":"modelengine:entity/chaine"},"elements":[{"from":[4.9542856,2.4285712,9.931429],"to":[13.571428,9.411428,9.931429],"rotation":{"angle":0.0,"axis":"y","origin":[8.0,8.0,8.0]},"faces":{"east":{"uv":[7.625,9.875,7.625,11.0625],"rotation":0,"texture":"#0","tintindex":0},"south":{"uv":[14.0,5.8125,16.0,7.0],"rotation":0,"texture":"#0","tintindex":0},"north":{"uv":[9.5,14.5625,9.9375,15.0],"rotation":0,"texture":"#0","tintindex":0},"west":{"uv":[11.5,13.375,11.5,14.5625],"rotation":0,"texture":"#0","tintindex":0},"up":{"uv":[15.1875,5.5,13.75,5.5],"rotation":0,"texture":"#0","tintindex":0},"down":{"uv":[15.1875,10.125,13.75,10.125],"rotation":0,"texture":"#0","tintindex":0}}},{"from":[6.150342,6.598627,6.217143],"to":[12.241771,10.610056,9.782857],"rotation":{"angle":0.0,"axis":"y","origin":[9.196056,8.6043415,8.0]},"faces":{"east":{"uv":[14.5,3.375,16.0,4.8],"rotation":180,"texture":"#0","tintindex":0},"south":{"uv":[14.5,3.375,16.0,4.8],"rotation":180,"texture":"#0","tintindex":0},"north":{"uv":[14.5,3.375,16.0,4.8],"rotation":180,"texture":"#0","tintindex":0},"west":{"uv":[14.5,3.375,16.0,4.8],"rotation":180,"texture":"#0","tintindex":0},"up":{"uv":[14.5,3.375,16.0,4.8],"rotation":180,"texture":"#0","tintindex":0},"down":{"uv":[14.5,3.375,16.0,4.8],"rotation":180,"texture":"#0","tintindex":0}}},{"from":[5.829486,5.3030252,6.068571],"to":[6.7209144,9.314454,9.931429],"rotation":{"angle":-22.5,"axis":"z","origin":[9.618057,11.0230255,8.0]},"faces":{"east":{"uv":[14.125,11.9375,14.725,12.0125],"rotation":90,"texture":"#0","tintindex":0},"south":{"uv":[14.125,11.9375,14.725,12.0125],"rotation":90,"texture":"#0","tintindex":0},"north":{"uv":[14.125,11.9375,14.725,12.0125],"rotation":90,"texture":"#0","tintindex":0},"west":{"uv":[14.25,7.36875,15.5625,8.5375],"rotation":0,"texture":"#0","tintindex":0},"up":{"uv":[14.125,11.9375,14.725,12.0125],"rotation":90,"texture":"#0","tintindex":0},"down":{"uv":[11.0,15.55625,11.54375,15.8125],"rotation":90,"texture":"#0","tintindex":0}}},{"from":[5.9037714,5.3030252,5.92],"to":[6.4980574,9.017311,10.08],"rotation":{"angle":-22.5,"axis":"z","origin":[9.618057,11.0230255,8.0]},"faces":{"east":{"uv":[14.125,11.9375,14.725,12.0125],"rotation":90,"texture":"#0","tintindex":0},"south":{"uv":[14.125,11.9375,14.725,12.0125],"rotation":90,"texture":"#0","tintindex":0},"north":{"uv":[14.125,11.9375,14.725,12.0125],"rotation":90,"texture":"#0","tintindex":0},"west":{"uv":[14.125,11.9375,14.725,12.0125],"rotation":90,"texture":"#0","tintindex":0},"up":{"uv":[14.125,11.9375,14.725,12.0125],"rotation":90,"texture":"#0","tintindex":0},"down":{"uv":[14.125,11.9375,14.725,12.0125],"rotation":90,"texture":"#0","tintindex":0}}},{"from":[13.08206,6.1607485,6.068571],"to":[13.899202,10.172177,9.931429],"rotation":{"angle":22.5,"axis":"z","origin":[11.967774,8.017891,8.148571]},"faces":{"east":{"uv":[14.25,7.36875,15.5625,8.5375],"rotation":0,"texture":"#0","tintindex":0},"south":{"uv":[14.125,11.9375,14.725,12.0125],"rotation":90,"texture":"#0","tintindex":0},"north":{"uv":[14.125,11.9375,14.725,12.0125],"rotation":90,"texture":"#0","tintindex":0},"west":{"uv":[14.125,11.9375,14.725,12.0125],"rotation":90,"texture":"#0","tintindex":0},"up":{"uv":[14.125,11.9375,14.725,12.0125],"rotation":90,"texture":"#0","tintindex":0},"down":{"uv":[14.125,11.9375,14.725,12.0125],"rotation":90,"texture":"#0","tintindex":0}}},{"from":[14.394248,3.0013838,6.2171426],"to":[14.394248,7.0128126,10.08],"rotation":{"angle":0.0,"axis":"y","origin":[11.868534,7.978527,8.148571]},"faces":{"east":{"uv":[14.25,8.55625,15.5625,9.725],"rotation":0,"texture":"#0","tintindex":0},"south":{"uv":[4.5,13.75,4.5,14.4375],"rotation":0,"texture":"#0","tintindex":0},"north":{"uv":[6.125,2.75,6.125,3.4375],"rotation":0,"texture":"#0","tintindex":0},"west":{"uv":[10.375,8.9375,11.0,9.625],"rotation":0,"texture":"#0","tintindex":0},"up":{"uv":[7.375,8.125,7.375,7.5],"rotation":0,"texture":"#0","tintindex":0},"down":{"uv":[5.375,7.875,5.375,8.5],"rotation":0,"texture":"#0","tintindex":0}}},{"from":[3.9968128,3.1484013,6.2171426],"to":[3.9968128,7.15983,10.08],"rotation":{"angle":0.0,"axis":"y","origin":[11.7225275,8.125545,8.0742855]},"faces":{"east":{"uv":[3.375,8.6875,3.5625,8.9375],"rotation":0,"texture":"#0","tintindex":0},"south":{"uv":[9.75,13.75,9.75,14.4375],"rotation":0,"texture":"#0","tintindex":0},"north":{"uv":[8.125,13.75,8.125,14.4375],"rotation":0,"texture":"#0","tintindex":0},"west":{"uv":[14.25,8.55625,15.5625,9.725],"rotation":0,"texture":"#0","tintindex":0},"up":{"uv":[1.375,10.875,1.375,10.25],"rotation":0,"texture":"#0","tintindex":0},"down":{"uv":[9.875,13.75,9.875,14.375],"rotation":0,"texture":"#0","tintindex":0}}},{"from":[13.304917,6.1607485,5.9199996],"to":[13.824917,9.94932,10.08],"rotation":{"angle":22.5,"axis":"z","origin":[11.967774,8.017891,8.148571]},"faces":{"east":{"uv":[14.125,11.9375,14.725,12.0125],"rotation":90,"texture":"#0","tintindex":0},"south":{"uv":[14.125,11.9375,14.725,12.0125],"rotation":90,"texture":"#0","tintindex":0},"north":{"uv":[14.125,11.9375,14.725,12.0125],"rotation":90,"texture":"#0","tintindex":0},"west":{"uv":[14.125,11.9375,14.725,12.0125],"rotation":90,"texture":"#0","tintindex":0},"up":{"uv":[14.125,11.9375,14.725,12.0125],"rotation":90,"texture":"#0","tintindex":0},"down":{"uv":[14.125,11.9375,14.725,12.0125],"rotation":90,"texture":"#0","tintindex":0}}},{"from":[4.1371427,5.9942856,6.142857],"to":[14.24,10.302857,6.142857],"rotation":{"angle":0.0,"axis":"y","origin":[8.0,8.0,8.0]},"faces":{"east":{"uv":[4.5,0.0,4.5,0.75],"rotation":0,"texture":"#0","tintindex":0},"south":{"uv":[9.25,14.8125,9.75,15.0625],"rotation":0,"texture":"#0","tintindex":0},"north":{"uv":[2.3125,2.75,4.25,3.5],"rotation":0,"texture":"#0","tintindex":0},"west":{"uv":[5.375,2.125,5.375,2.875],"rotation":0,"texture":"#0","tintindex":0},"up":{"uv":[14.8125,1.0,13.375,1.0],"rotation":0,"texture":"#0","tintindex":0},"down":{"uv":[15.1875,3.125,13.75,3.125],"rotation":0,"texture":"#0","tintindex":0}}},{"from":[4.6571426,5.9942856,10.005714],"to":[13.274286,10.302857,10.005714],"rotation":{"angle":0.0,"axis":"y","origin":[8.0,8.0,8.0]},"faces":{"east":{"uv":[4.5,0.0,4.5,0.75],"rotation":0,"texture":"#0","tintindex":0},"south":{"uv":[2.5,2.75,3.9375,3.5],"rotation":0,"texture":"#0","tintindex":0},"north":{"uv":[9.125,14.5,9.5,14.8125],"rotation":0,"texture":"#0","tintindex":0},"west":{"uv":[5.375,2.125,5.375,2.875],"rotation":0,"texture":"#0","tintindex":0},"up":{"uv":[14.8125,1.0,13.375,1.0],"rotation":0,"texture":"#0","tintindex":0},"down":{"uv":[15.1875,3.125,13.75,3.125],"rotation":0,"texture":"#0","tintindex":0}}}],"display":{"head":{"translation":[0.0,-6.4,0.0],"scale":[4.0,4.0,4.0]}}}