{"textures":{"0":"modelengine:entity/chaine"},"elements":[{"from":[4.2114286,7.527595,6.467054],"to":[11.788571,14.510452,9.735625],"rotation":{"angle":0.0,"axis":"y","origin":[7.6285715,4.853309,4.609911]},"faces":{"east":{"uv":[10.25,14.375,12.25625,15.85625],"rotation":0,"texture":"#0","tintindex":0},"south":{"uv":[10.25,14.375,12.25625,15.85625],"rotation":0,"texture":"#0","tintindex":0},"north":{"uv":[10.25,14.375,12.25625,15.85625],"rotation":0,"texture":"#0","tintindex":0},"west":{"uv":[10.25,14.375,12.25625,15.85625],"rotation":0,"texture":"#0","tintindex":0},"up":{"uv":[5.25,2.9375,4.125,2.25],"rotation":0,"texture":"#0","tintindex":0},"down":{"uv":[5.375,3.125,4.25,3.8125],"rotation":0,"texture":"#0","tintindex":0}}},{"from":[3.8399997,12.281881,6.0213394],"to":[12.16,16.813309,10.181339],"rotation":{"angle":0.0,"axis":"y","origin":[7.6285715,4.853309,4.609911]},"faces":{"east":{"uv":[13.875,14.8125,15.875,16.0],"rotation":0,"texture":"#0","tintindex":0},"south":{"uv":[13.875,14.8125,15.875,16.0],"rotation":0,"texture":"#0","tintindex":0},"north":{"uv":[13.875,14.8125,15.875,16.0],"rotation":180,"texture":"#0","tintindex":0},"west":{"uv":[13.875,14.8125,15.875,16.0],"rotation":0,"texture":"#0","tintindex":0},"up":{"uv":[11.625,15.375,10.875,15.0],"rotation":0,"texture":"#0","tintindex":0},"down":{"uv":[15.3125,10.0,14.8125,10.3125],"rotation":0,"texture":"#0","tintindex":0}}},{"from":[4.2114286,14.510452,6.467054],"to":[11.788571,17.036167,9.735625],"rotation":{"angle":0.0,"axis":"y","origin":[7.6285715,4.4075947,4.609911]},"faces":{"east":{"uv":[0.9375,14.1875,2.2125,14.6125],"rotation":0,"texture":"#0","tintindex":0},"south":{"uv":[0.9375,14.1875,2.2125,14.6125],"rotation":0,"texture":"#0","tintindex":0},"north":{"uv":[0.9375,14.1875,2.2125,14.6125],"rotation":0,"texture":"#0","tintindex":0},"west":{"uv":[0.9375,14.1875,2.2125,14.6125],"rotation":0,"texture":"#0","tintindex":0},"up":{"uv":[0.9375,14.1875,2.2125,14.6125],"rotation":0,"texture":"#0","tintindex":0},"down":{"uv":[0.9375,14.1875,2.2125,14.6125],"rotation":0,"texture":"#0","tintindex":0}}},{"from":[4.7314286,14.7214985,6.8472953],"to":[11.268572,17.321499,8.704438],"rotation":{"angle":-45.0,"axis":"x","origin":[8.0,16.17007,7.1444383]},"faces":{"east":{"uv":[11.99375,2.175,8.88125,0.0],"rotation":0,"texture":"#0","tintindex":0},"south":{"uv":[11.99375,2.175,8.88125,0.0],"rotation":0,"texture":"#0","tintindex":0},"north":{"uv":[11.99375,2.175,8.88125,0.0],"rotation":0,"texture":"#0","tintindex":0},"west":{"uv":[11.99375,2.175,8.88125,0.0],"rotation":0,"texture":"#0","tintindex":0},"up":{"uv":[11.99375,2.175,8.88125,0.0],"rotation":0,"texture":"#0","tintindex":0},"down":{"uv":[11.99375,2.175,8.88125,0.0],"rotation":0,"texture":"#0","tintindex":0}}}],"display":{"head":{"translation":[0.0,-6.4,0.0],"scale":[4.0,4.0,4.0]}}}