{"textures":{"0":"modelengine:entity/em_bandit_b1"},"elements":[{"from":[5.7691517,8.137143,5.6481795],"to":[10.340581,12.708571,10.219608],"rotation":{"angle":0.0,"axis":"y","origin":[8.0,8.08,7.7665267]},"faces":{"east":{"uv":[0.0,3.5,1.0,4.5],"rotation":0,"texture":"#0","tintindex":0},"south":{"uv":[1.125,3.75,2.125,4.75],"rotation":0,"texture":"#0","tintindex":0},"north":{"uv":[3.25,0.875,4.25,1.875],"rotation":0,"texture":"#0","tintindex":0},"west":{"uv":[2.25,3.75,3.25,4.75],"rotation":0,"texture":"#0","tintindex":0},"up":{"uv":[4.375,4.75,3.375,3.75],"rotation":0,"texture":"#0","tintindex":0},"down":{"uv":[4.875,2.0,3.875,3.0],"rotation":0,"texture":"#0","tintindex":0}}},{"from":[7.4834375,11.994286,10.456302],"to":[7.4834375,14.280001,12.742016],"rotation":{"angle":-45.0,"axis":"y","origin":[8.054866,13.137143,11.027731]},"faces":{"east":{"uv":[7.625,8.0,8.125,8.5],"rotation":0,"texture":"#0","tintindex":0},"south":{"uv":[5.875,0.0,5.875,0.5],"rotation":0,"texture":"#0","tintindex":0},"north":{"uv":[4.375,4.875,4.375,5.375],"rotation":0,"texture":"#0","tintindex":0},"west":{"uv":[8.25,1.75,8.75,2.25],"rotation":0,"texture":"#0","tintindex":0},"up":{"uv":[5.5,8.25,5.5,7.75],"rotation":0,"texture":"#0","tintindex":0},"down":{"uv":[7.875,10.625,7.875,11.125],"rotation":0,"texture":"#0","tintindex":0}}},{"from":[8.626295,11.994286,10.456302],"to":[8.626295,14.280001,12.742016],"rotation":{"angle":45.0,"axis":"y","origin":[8.054866,13.137143,11.027731]},"faces":{"east":{"uv":[2.0,8.25,2.5,8.75],"rotation":0,"texture":"#0","tintindex":0},"south":{"uv":[4.25,10.75,4.25,11.25],"rotation":0,"texture":"#0","tintindex":0},"north":{"uv":[4.125,10.75,4.125,11.25],"rotation":0,"texture":"#0","tintindex":0},"west":{"uv":[8.25,3.5,8.75,4.0],"rotation":0,"texture":"#0","tintindex":0},"up":{"uv":[4.375,11.25,4.375,10.75],"rotation":0,"texture":"#0","tintindex":0},"down":{"uv":[4.5,10.75,4.5,11.25],"rotation":0,"texture":"#0","tintindex":0}}},{"from":[5.7120085,10.937143,5.591037],"to":[10.397723,13.337143,10.2767515],"rotation":{"angle":0.0,"axis":"y","origin":[8.0,10.937143,7.7665267]},"faces":{"east":{"uv":[4.5,6.375,5.5,6.875],"rotation":0,"texture":"#0","tintindex":0},"south":{"uv":[2.625,6.5,3.625,7.0],"rotation":0,"texture":"#0","tintindex":0},"north":{"uv":[6.375,3.375,7.375,3.875],"rotation":0,"texture":"#0","tintindex":0},"west":{"uv":[6.5,4.0,7.5,4.5],"rotation":0,"texture":"#0","tintindex":0},"up":{"uv":[2.625,3.625,1.625,2.625],"rotation":0,"texture":"#0","tintindex":0},"down":{"uv":[3.75,2.625,2.75,3.625],"rotation":0,"texture":"#0","tintindex":0}}}],"display":{"head":{"translation":[0.0,-6.4,0.0],"scale":[4.0,4.0,4.0]}}}