{"textures":{"0":"modelengine:entity/em_bandit_b1"},"elements":[{"from":[4.554494,11.473719,6.913265],"to":[11.411636,14.90229,9.770409],"rotation":{"angle":0.0,"axis":"y","origin":[9.411636,11.473719,7.770408]},"faces":{"east":{"uv":[6.5,4.625,7.125,5.375],"rotation":0,"texture":"#0","tintindex":0},"south":{"uv":[0.0,2.625,1.5,3.375],"rotation":0,"texture":"#0","tintindex":0},"north":{"uv":[2.0,0.0,3.5,0.75],"rotation":0,"texture":"#0","tintindex":0},"west":{"uv":[6.5,5.5,7.125,6.25],"rotation":0,"texture":"#0","tintindex":0},"up":{"uv":[5.125,0.625,3.625,0.0],"rotation":0,"texture":"#0","tintindex":0},"down":{"uv":[5.875,0.75,4.375,1.375],"rotation":0,"texture":"#0","tintindex":0}}},{"from":[7.3567705,6.9022903,6.913265],"to":[8.499628,8.045148,9.198979],"rotation":{"angle":0.0,"axis":"y","origin":[9.3567705,6.9022903,7.770408]},"faces":{"east":{"uv":[10.0,1.0,10.5,1.25],"rotation":0,"texture":"#0","tintindex":0},"south":{"uv":[10.5,7.875,10.75,8.125],"rotation":0,"texture":"#0","tintindex":0},"north":{"uv":[7.0,10.5,7.25,10.75],"rotation":0,"texture":"#0","tintindex":0},"west":{"uv":[10.0,1.375,10.5,1.625],"rotation":0,"texture":"#0","tintindex":0},"up":{"uv":[8.375,10.375,8.125,9.875],"rotation":0,"texture":"#0","tintindex":0},"down":{"uv":[1.75,10.0,1.5,10.5],"rotation":0,"texture":"#0","tintindex":0}}},{"from":[7.3567705,7.616576,6.484694],"to":[8.499628,8.759433,6.770408],"rotation":{"angle":0.0,"axis":"y","origin":[9.3567705,6.4737186,7.0561223]},"faces":{"east":{"uv":[6.0,1.125,6.125,1.375],"rotation":0,"texture":"#0","tintindex":0},"south":{"uv":[10.5,6.75,10.75,7.0],"rotation":0,"texture":"#0","tintindex":0},"north":{"uv":[10.5,6.375,10.75,6.625],"rotation":0,"texture":"#0","tintindex":0},"west":{"uv":[1.75,9.125,1.875,9.375],"rotation":0,"texture":"#0","tintindex":0},"up":{"uv":[3.625,10.875,3.375,10.75],"rotation":0,"texture":"#0","tintindex":0},"down":{"uv":[4.0,10.75,3.75,10.875],"rotation":0,"texture":"#0","tintindex":0}}},{"from":[5.271056,7.959433,6.827551],"to":[10.585342,8.702291,9.284694],"rotation":{"angle":0.0,"axis":"y","origin":[9.3567705,6.9022903,7.770408]},"faces":{"east":{"uv":[10.5,4.625,11.0,4.75],"rotation":0,"texture":"#0","tintindex":0},"south":{"uv":[9.375,3.75,10.5,3.875],"rotation":0,"texture":"#0","tintindex":0},"north":{"uv":[7.25,0.75,8.375,0.875],"rotation":0,"texture":"#0","tintindex":0},"west":{"uv":[5.625,10.5,6.125,10.625],"rotation":0,"texture":"#0","tintindex":0},"up":{"uv":[6.125,2.0,5.0,1.5],"rotation":0,"texture":"#0","tintindex":0},"down":{"uv":[6.125,2.125,5.0,2.625],"rotation":0,"texture":"#0","tintindex":0}}},{"from":[6.2139134,9.1880045,9.770409],"to":[6.785342,9.759434,9.913265],"rotation":{"angle":0.0,"axis":"y","origin":[9.3567705,8.045148,7.770408]},"faces":{"east":{"uv":[0.5,8.875,0.625,9.0],"rotation":0,"texture":"#0","tintindex":0},"south":{"uv":[3.0,9.125,3.125,9.25],"rotation":0,"texture":"#0","tintindex":0},"north":{"uv":[5.625,6.375,5.75,6.5],"rotation":0,"texture":"#0","tintindex":0},"west":{"uv":[2.25,9.5,2.375,9.625],"rotation":0,"texture":"#0","tintindex":0},"up":{"uv":[5.875,9.625,5.75,9.5],"rotation":0,"texture":"#0","tintindex":0},"down":{"uv":[1.625,9.625,1.5,9.75],"rotation":0,"texture":"#0","tintindex":0}}},{"from":[5.6424847,8.045148,9.198979],"to":[7.3567705,10.330862,9.770409],"rotation":{"angle":0.0,"axis":"y","origin":[9.3567705,8.045148,7.770408]},"faces":{"east":{"uv":[1.875,10.5,2.0,11.0],"rotation":0,"texture":"#0","tintindex":0},"south":{"uv":[4.75,9.0,5.125,9.5],"rotation":0,"texture":"#0","tintindex":0},"north":{"uv":[4.25,9.0,4.625,9.5],"rotation":0,"texture":"#0","tintindex":0},"west":{"uv":[5.375,10.5,5.5,11.0],"rotation":0,"texture":"#0","tintindex":0},"up":{"uv":[8.75,10.75,8.375,10.625],"rotation":0,"texture":"#0","tintindex":0},"down":{"uv":[0.375,10.75,0.0,10.875],"rotation":0,"texture":"#0","tintindex":0}}},{"from":[10.571056,8.045148,6.913265],"to":[11.142485,9.759434,9.198979],"rotation":{"angle":0.0,"axis":"y","origin":[9.713914,8.045148,7.770408]},"faces":{"east":{"uv":[4.375,1.5,4.875,1.875],"rotation":0,"texture":"#0","tintindex":0},"south":{"uv":[7.625,4.125,7.75,4.5],"rotation":0,"texture":"#0","tintindex":0},"north":{"uv":[6.0,7.5,6.125,7.875],"rotation":0,"texture":"#0","tintindex":0},"west":{"uv":[8.875,8.5,9.375,8.875],"rotation":0,"texture":"#0","tintindex":0},"up":{"uv":[6.375,7.125,6.25,6.625],"rotation":0,"texture":"#0","tintindex":0},"down":{"uv":[1.375,10.5,1.25,11.0],"rotation":0,"texture":"#0","tintindex":0}}},{"from":[5.4116364,8.045148,6.913265],"to":[10.554494,11.473719,9.198979],"rotation":{"angle":0.0,"axis":"y","origin":[9.411636,8.045148,7.770408]},"faces":{"east":{"uv":[5.625,6.625,6.125,7.375],"rotation":0,"texture":"#0","tintindex":0},"south":{"uv":[1.875,4.875,3.0,5.625],"rotation":0,"texture":"#0","tintindex":0},"north":{"uv":[0.625,4.875,1.75,5.625],"rotation":0,"texture":"#0","tintindex":0},"west":{"uv":[0.625,6.75,1.125,7.5],"rotation":0,"texture":"#0","tintindex":0},"up":{"uv":[3.125,1.375,2.0,0.875],"rotation":0,"texture":"#0","tintindex":0},"down":{"uv":[4.25,4.875,3.125,5.375],"rotation":0,"texture":"#0","tintindex":0}}}],"display":{"head":{"translation":[0.0,-6.4,0.0],"scale":[4.0,4.0,4.0]}}}