{"textures":{"0":"modelengine:entity/em_bandit_b1"},"elements":[{"from":[6.857143,4.214286,7.0714283],"to":[9.142858,8.785714,9.357143],"rotation":{"angle":0.0,"axis":"y","origin":[8.0,8.5,8.214286]},"faces":{"east":{"uv":[6.0,0.0,6.5,1.0],"rotation":0,"texture":"#0","tintindex":0},"south":{"uv":[6.25,1.125,6.75,2.125],"rotation":0,"texture":"#0","tintindex":0},"north":{"uv":[5.875,5.5,6.375,6.5],"rotation":0,"texture":"#0","tintindex":0},"west":{"uv":[6.25,2.25,6.75,3.25],"rotation":0,"texture":"#0","tintindex":0},"up":{"uv":[8.25,7.875,7.75,7.375],"rotation":0,"texture":"#0","tintindex":0},"down":{"uv":[8.375,0.0,7.875,0.5],"rotation":0,"texture":"#0","tintindex":0}}},{"from":[7.142857,-1.5,6.214286],"to":[8.857143,-0.3571434,9.071428],"rotation":{"angle":0.0,"axis":"y","origin":[9.142858,13.357143,7.928571]},"faces":{"east":{"uv":[9.25,1.375,9.875,1.625],"rotation":0,"texture":"#0","tintindex":0},"south":{"uv":[10.125,6.0,10.5,6.25],"rotation":0,"texture":"#0","tintindex":0},"north":{"uv":[10.125,5.625,10.5,5.875],"rotation":0,"texture":"#0","tintindex":0},"west":{"uv":[9.25,2.875,9.875,3.125],"rotation":0,"texture":"#0","tintindex":0},"up":{"uv":[8.25,9.25,7.875,8.625],"rotation":0,"texture":"#0","tintindex":0},"down":{"uv":[8.75,8.625,8.375,9.25],"rotation":0,"texture":"#0","tintindex":0}}},{"from":[7.1457143,2.3482294,8.019018],"to":[8.854286,4.056801,9.15616],"rotation":{"angle":22.5,"axis":"x","origin":[8.0,3.4882298,8.444733]},"faces":{"east":{"uv":[1.875,10.0,2.125,10.375],"rotation":0,"texture":"#0","tintindex":0},"south":{"uv":[1.0,9.625,1.375,10.0],"rotation":0,"texture":"#0","tintindex":0},"north":{"uv":[0.5,9.625,0.875,10.0],"rotation":0,"texture":"#0","tintindex":0},"west":{"uv":[10.125,4.375,10.375,4.75],"rotation":0,"texture":"#0","tintindex":0},"up":{"uv":[10.5,5.125,10.125,4.875],"rotation":0,"texture":"#0","tintindex":0},"down":{"uv":[10.5,5.25,10.125,5.5],"rotation":0,"texture":"#0","tintindex":0}}},{"from":[7.142857,3.642857,7.0714283],"to":[8.857143,4.214286,9.357143],"rotation":{"angle":0.0,"axis":"y","origin":[8.0,7.928571,8.214286]},"faces":{"east":{"uv":[10.375,7.625,10.875,7.75],"rotation":0,"texture":"#0","tintindex":0},"south":{"uv":[7.375,10.625,7.75,10.75],"rotation":0,"texture":"#0","tintindex":0},"north":{"uv":[7.25,6.125,7.625,6.25],"rotation":0,"texture":"#0","tintindex":0},"west":{"uv":[8.5,10.375,9.0,10.5],"rotation":0,"texture":"#0","tintindex":0},"up":{"uv":[4.125,9.375,3.75,8.875],"rotation":0,"texture":"#0","tintindex":0},"down":{"uv":[9.25,7.875,8.875,8.375],"rotation":0,"texture":"#0","tintindex":0}}},{"from":[7.142857,1.9285712,7.0714283],"to":[8.857143,3.642857,8.785714],"rotation":{"angle":0.0,"axis":"y","origin":[9.142858,14.5,7.928571]},"faces":{"east":{"uv":[9.5,8.375,9.875,8.75],"rotation":0,"texture":"#0","tintindex":0},"south":{"uv":[8.625,9.5,9.0,9.875],"rotation":0,"texture":"#0","tintindex":0},"north":{"uv":[5.25,9.5,5.625,9.875],"rotation":0,"texture":"#0","tintindex":0},"west":{"uv":[9.5,8.875,9.875,9.25],"rotation":0,"texture":"#0","tintindex":0},"up":{"uv":[9.5,9.875,9.125,9.5],"rotation":0,"texture":"#0","tintindex":0},"down":{"uv":[0.375,9.625,0.0,10.0],"rotation":0,"texture":"#0","tintindex":0}}},{"from":[6.8,1.871428,7.0],"to":[9.2,2.5571427,9.4],"rotation":{"angle":0.0,"axis":"y","origin":[9.142858,13.357143,8.2]},"faces":{"east":{"uv":[10.375,3.5,10.875,3.625],"rotation":0,"texture":"#0","tintindex":0},"south":{"uv":[4.75,10.375,5.25,10.5],"rotation":0,"texture":"#0","tintindex":0},"north":{"uv":[10.375,3.25,10.875,3.375],"rotation":0,"texture":"#0","tintindex":0},"west":{"uv":[10.375,7.375,10.875,7.5],"rotation":0,"texture":"#0","tintindex":0},"up":{"uv":[3.125,8.375,2.625,7.875],"rotation":0,"texture":"#0","tintindex":0},"down":{"uv":[8.375,4.125,7.875,4.625],"rotation":0,"texture":"#0","tintindex":0}}},{"from":[7.142857,0.78571415,7.0714283],"to":[8.857143,1.9285712,9.357143],"rotation":{"angle":0.0,"axis":"y","origin":[9.142858,13.357143,7.928571]},"faces":{"east":{"uv":[9.875,7.875,10.375,8.125],"rotation":0,"texture":"#0","tintindex":0},"south":{"uv":[4.25,10.125,4.625,10.375],"rotation":0,"texture":"#0","tintindex":0},"north":{"uv":[10.125,4.0,10.5,4.25],"rotation":0,"texture":"#0","tintindex":0},"west":{"uv":[9.625,9.875,10.125,10.125],"rotation":0,"texture":"#0","tintindex":0},"up":{"uv":[3.625,9.375,3.25,8.875],"rotation":0,"texture":"#0","tintindex":0},"down":{"uv":[9.25,3.5,8.875,4.0],"rotation":0,"texture":"#0","tintindex":0}}},{"from":[7.142857,-0.3571434,7.0714283],"to":[8.857143,0.78571415,8.785714],"rotation":{"angle":0.0,"axis":"y","origin":[9.142858,13.357143,7.928571]},"faces":{"east":{"uv":[0.5,10.125,0.875,10.375],"rotation":0,"texture":"#0","tintindex":0},"south":{"uv":[1.0,10.125,1.375,10.375],"rotation":0,"texture":"#0","tintindex":0},"north":{"uv":[0.0,10.125,0.375,10.375],"rotation":0,"texture":"#0","tintindex":0},"west":{"uv":[3.75,10.125,4.125,10.375],"rotation":0,"texture":"#0","tintindex":0},"up":{"uv":[3.375,9.875,3.0,9.5],"rotation":0,"texture":"#0","tintindex":0},"down":{"uv":[3.875,9.5,3.5,9.875],"rotation":0,"texture":"#0","tintindex":0}}},{"from":[6.8,0.72857094,7.0142856],"to":[9.2,1.4142857,9.414286],"rotation":{"angle":-22.5,"axis":"z","origin":[8.0,1.0714283,8.214286]},"faces":{"east":{"uv":[3.5,10.5,4.0,10.625],"rotation":0,"texture":"#0","tintindex":0},"south":{"uv":[4.125,10.5,4.625,10.625],"rotation":0,"texture":"#0","tintindex":0},"north":{"uv":[10.5,2.75,11.0,2.875],"rotation":0,"texture":"#0","tintindex":0},"west":{"uv":[10.5,4.375,11.0,4.5],"rotation":0,"texture":"#0","tintindex":0},"up":{"uv":[7.5,8.375,7.0,7.875],"rotation":0,"texture":"#0","tintindex":0},"down":{"uv":[6.5,8.0,6.0,8.5],"rotation":0,"texture":"#0","tintindex":0}}},{"from":[6.7714286,0.6999998,6.985714],"to":[9.228572,1.4428568,9.442858],"rotation":{"angle":22.5,"axis":"z","origin":[8.0,1.0714283,8.214286]},"faces":{"east":{"uv":[0.625,10.5,1.125,10.625],"rotation":0,"texture":"#0","tintindex":0},"south":{"uv":[10.5,2.25,11.0,2.375],"rotation":0,"texture":"#0","tintindex":0},"north":{"uv":[0.0,10.5,0.5,10.625],"rotation":0,"texture":"#0","tintindex":0},"west":{"uv":[10.5,2.5,11.0,2.625],"rotation":0,"texture":"#0","tintindex":0},"up":{"uv":[8.375,5.25,7.875,4.75],"rotation":0,"texture":"#0","tintindex":0},"down":{"uv":[8.375,5.375,7.875,5.875],"rotation":0,"texture":"#0","tintindex":0}}}],"display":{"head":{"translation":[0.0,-6.4,0.0],"scale":[4.0,4.0,4.0]}}}