{"textures":{"0":"modelengine:entity/em_bandit_b1"},"elements":[{"from":[6.399732,2.962449,6.84],"to":[8.719732,3.5681634,9.16],"rotation":{"angle":0.0,"axis":"y","origin":[4.702589,1.265306,7.428571]},"faces":{"east":{"uv":[10.625,4.0,11.125,4.125],"rotation":0,"texture":"#0","tintindex":0},"south":{"uv":[4.75,10.625,5.25,10.75],"rotation":0,"texture":"#0","tintindex":0},"north":{"uv":[10.625,3.75,11.125,3.875],"rotation":0,"texture":"#0","tintindex":0},"west":{"uv":[10.625,4.875,11.125,5.0],"rotation":0,"texture":"#0","tintindex":0},"up":{"uv":[6.5,9.125,6.0,8.625],"rotation":0,"texture":"#0","tintindex":0},"down":{"uv":[7.75,8.625,7.25,9.125],"rotation":0,"texture":"#0","tintindex":0}}},{"from":[6.3311605,1.7510204,6.7714286],"to":[8.788303,2.493877,9.228572],"rotation":{"angle":0.0,"axis":"y","origin":[4.702589,1.265306,7.428571]},"faces":{"east":{"uv":[10.625,1.5,11.125,1.625],"rotation":0,"texture":"#0","tintindex":0},"south":{"uv":[2.125,10.625,2.625,10.75],"rotation":0,"texture":"#0","tintindex":0},"north":{"uv":[10.625,1.25,11.125,1.375],"rotation":0,"texture":"#0","tintindex":0},"west":{"uv":[2.75,10.625,3.25,10.75],"rotation":0,"texture":"#0","tintindex":0},"up":{"uv":[9.0,5.875,8.5,5.375],"rotation":0,"texture":"#0","tintindex":0},"down":{"uv":[7.125,8.5,6.625,9.0],"rotation":0,"texture":"#0","tintindex":0}}},{"from":[6.416875,4.693877,6.5714283],"to":[8.702589,8.693877,9.428572],"rotation":{"angle":0.0,"axis":"y","origin":[4.416875,5.265306,7.428571]},"faces":{"east":{"uv":[3.125,5.5,3.75,6.375],"rotation":0,"texture":"#0","tintindex":0},"south":{"uv":[3.75,6.625,4.25,7.5],"rotation":0,"texture":"#0","tintindex":0},"north":{"uv":[6.625,0.0,7.125,0.875],"rotation":0,"texture":"#0","tintindex":0},"west":{"uv":[0.625,5.75,1.25,6.625],"rotation":0,"texture":"#0","tintindex":0},"up":{"uv":[7.75,5.25,7.25,4.625],"rotation":0,"texture":"#0","tintindex":0},"down":{"uv":[7.75,5.375,7.25,6.0],"rotation":0,"texture":"#0","tintindex":0}}},{"from":[6.359732,0.06530571,6.8],"to":[8.759732,1.8938775,9.2],"rotation":{"angle":0.0,"axis":"y","origin":[4.988303,-1.5918379,7.428571]},"faces":{"east":{"uv":[0.5,9.125,1.0,9.5],"rotation":0,"texture":"#0","tintindex":0},"south":{"uv":[9.125,0.5,9.625,0.875],"rotation":0,"texture":"#0","tintindex":0},"north":{"uv":[9.125,0.0,9.625,0.375],"rotation":0,"texture":"#0","tintindex":0},"west":{"uv":[1.125,9.125,1.625,9.5],"rotation":0,"texture":"#0","tintindex":0},"up":{"uv":[9.0,4.625,8.5,4.125],"rotation":0,"texture":"#0","tintindex":0},"down":{"uv":[9.0,4.75,8.5,5.25],"rotation":0,"texture":"#0","tintindex":0}}},{"from":[6.416875,1.8367343,6.857143],"to":[8.702589,4.693877,9.142858],"rotation":{"angle":0.0,"axis":"y","origin":[4.702589,1.265306,7.428571]},"faces":{"east":{"uv":[7.125,6.375,7.625,7.0],"rotation":0,"texture":"#0","tintindex":0},"south":{"uv":[7.125,7.125,7.625,7.75],"rotation":0,"texture":"#0","tintindex":0},"north":{"uv":[2.625,7.125,3.125,7.75],"rotation":0,"texture":"#0","tintindex":0},"west":{"uv":[7.25,0.0,7.75,0.625],"rotation":0,"texture":"#0","tintindex":0},"up":{"uv":[1.875,9.0,1.375,8.5],"rotation":0,"texture":"#0","tintindex":0},"down":{"uv":[3.125,8.5,2.625,9.0],"rotation":0,"texture":"#0","tintindex":0}}}],"display":{"head":{"translation":[0.0,-6.4,0.0],"scale":[4.0,4.0,4.0]}}}