{"textures":{"0":"modelengine:entity/em_bandit_b1"},"elements":[{"from":[7.7834377,-2.3179417,-5.7338676],"to":[9.497724,-0.032227516,-4.019582],"rotation":{"angle":0.0,"axis":"y","origin":[8.926294,-1.4607983,-6.876725]},"faces":{"east":{"uv":[9.125,4.125,9.5,4.625],"rotation":0,"texture":"#0","tintindex":0},"south":{"uv":[9.125,4.75,9.5,5.25],"rotation":0,"texture":"#0","tintindex":0},"north":{"uv":[2.5,9.125,2.875,9.625],"rotation":0,"texture":"#0","tintindex":0},"west":{"uv":[9.125,5.375,9.5,5.875],"rotation":0,"texture":"#0","tintindex":0},"up":{"uv":[10.25,2.125,9.875,1.75],"rotation":0,"texture":"#0","tintindex":0},"down":{"uv":[10.25,3.25,9.875,3.625],"rotation":0,"texture":"#0","tintindex":0}}},{"from":[8.354866,3.3963442,-5.1624393],"to":[8.926294,3.9677725,-4.59101],"rotation":{"angle":0.0,"axis":"y","origin":[8.926294,5.396344,-6.876725]},"faces":{"east":{"uv":[2.75,9.75,2.875,9.875],"rotation":0,"texture":"#0","tintindex":0},"south":{"uv":[6.25,9.75,6.375,9.875],"rotation":0,"texture":"#0","tintindex":0},"north":{"uv":[5.0,9.625,5.125,9.75],"rotation":0,"texture":"#0","tintindex":0},"west":{"uv":[5.5,10.0,5.625,10.125],"rotation":0,"texture":"#0","tintindex":0},"up":{"uv":[4.875,10.25,4.75,10.125],"rotation":0,"texture":"#0","tintindex":0},"down":{"uv":[1.125,10.75,1.0,10.875],"rotation":0,"texture":"#0","tintindex":0}}},{"from":[8.069152,1.6820583,-5.4481535],"to":[9.212009,3.3963442,-4.305296],"rotation":{"angle":0.0,"axis":"y","origin":[8.926294,2.5392013,-6.876725]},"faces":{"east":{"uv":[10.125,6.375,10.375,6.75],"rotation":0,"texture":"#0","tintindex":0},"south":{"uv":[6.625,10.125,6.875,10.5],"rotation":0,"texture":"#0","tintindex":0},"north":{"uv":[6.25,10.125,6.5,10.5],"rotation":0,"texture":"#0","tintindex":0},"west":{"uv":[10.125,6.875,10.375,7.25],"rotation":0,"texture":"#0","tintindex":0},"up":{"uv":[6.5,10.875,6.25,10.625],"rotation":0,"texture":"#0","tintindex":0},"down":{"uv":[6.875,10.625,6.625,10.875],"rotation":0,"texture":"#0","tintindex":0}}},{"from":[7.2114377,0.53862953,-6.305867],"to":[10.069723,1.1112013,-4.0190105],"rotation":{"angle":0.0,"axis":"y","origin":[9.497724,0.8249154,-6.876725]},"faces":{"east":{"uv":[10.625,5.875,11.125,6.0],"rotation":0,"texture":"#0","tintindex":0},"south":{"uv":[10.125,9.375,10.75,9.5],"rotation":0,"texture":"#0","tintindex":0},"north":{"uv":[10.0,3.0,10.625,3.125],"rotation":0,"texture":"#0","tintindex":0},"west":{"uv":[10.625,6.125,11.125,6.25],"rotation":0,"texture":"#0","tintindex":0},"up":{"uv":[6.875,7.875,6.25,7.375],"rotation":0,"texture":"#0","tintindex":0},"down":{"uv":[8.125,1.75,7.5,2.25],"rotation":0,"texture":"#0","tintindex":0}}},{"from":[7.7834377,-0.032227516,-6.876725],"to":[9.497724,1.6820583,-4.019582],"rotation":{"angle":0.0,"axis":"y","origin":[8.926294,0.8249154,-6.876725]},"faces":{"east":{"uv":[8.5,1.25,9.125,1.625],"rotation":0,"texture":"#0","tintindex":0},"south":{"uv":[7.0,9.75,7.375,10.125],"rotation":0,"texture":"#0","tintindex":0},"north":{"uv":[5.75,9.75,6.125,10.125],"rotation":0,"texture":"#0","tintindex":0},"west":{"uv":[8.75,2.375,9.375,2.75],"rotation":0,"texture":"#0","tintindex":0},"up":{"uv":[5.875,9.375,5.5,8.75],"rotation":0,"texture":"#0","tintindex":0},"down":{"uv":[0.375,8.875,0.0,9.5],"rotation":0,"texture":"#0","tintindex":0}}},{"from":[7.7834377,-0.032227516,-4.019582],"to":[9.497724,1.6820583,-2.305296],"rotation":{"angle":0.0,"axis":"y","origin":[8.926294,0.8249154,-5.1624393]},"faces":{"east":{"uv":[9.625,7.0,10.0,7.375],"rotation":0,"texture":"#0","tintindex":0},"south":{"uv":[9.625,9.375,10.0,9.75],"rotation":0,"texture":"#0","tintindex":0},"north":{"uv":[9.625,6.5,10.0,6.875],"rotation":0,"texture":"#0","tintindex":0},"west":{"uv":[9.75,0.0,10.125,0.375],"rotation":0,"texture":"#0","tintindex":0},"up":{"uv":[10.125,0.875,9.75,0.5],"rotation":0,"texture":"#0","tintindex":0},"down":{"uv":[2.625,9.75,2.25,10.125],"rotation":0,"texture":"#0","tintindex":0}}},{"from":[8.069152,0.25348663,-2.305296],"to":[9.212009,1.3963442,4.5518465],"rotation":{"angle":0.0,"axis":"y","origin":[8.926294,0.8249154,1.6947036]},"faces":{"east":{"uv":[6.875,1.0,8.375,1.25],"rotation":0,"texture":"#0","tintindex":0},"south":{"uv":[10.625,5.5,10.875,5.75],"rotation":0,"texture":"#0","tintindex":0},"north":{"uv":[10.625,5.125,10.875,5.375],"rotation":0,"texture":"#0","tintindex":0},"west":{"uv":[6.875,1.375,8.375,1.625],"rotation":0,"texture":"#0","tintindex":0},"up":{"uv":[1.5,8.375,1.25,6.875],"rotation":0,"texture":"#0","tintindex":0},"down":{"uv":[1.875,6.875,1.625,8.375],"rotation":0,"texture":"#0","tintindex":0}}},{"from":[8.069152,0.25348663,4.5518465],"to":[9.212009,1.3963442,9.694704],"rotation":{"angle":0.0,"axis":"y","origin":[8.926294,0.8249154,6.837561]},"faces":{"east":{"uv":[7.5,2.75,8.625,3.0],"rotation":0,"texture":"#0","tintindex":0},"south":{"uv":[1.5,10.625,1.75,10.875],"rotation":0,"texture":"#0","tintindex":0},"north":{"uv":[8.0,10.5,8.25,10.75],"rotation":0,"texture":"#0","tintindex":0},"west":{"uv":[7.5,3.125,8.625,3.375],"rotation":0,"texture":"#0","tintindex":0},"up":{"uv":[5.875,8.625,5.625,7.5],"rotation":0,"texture":"#0","tintindex":0},"down":{"uv":[0.625,7.625,0.375,8.75],"rotation":0,"texture":"#0","tintindex":0}}},{"from":[7.4685717,2.8077726,6.677561],"to":[9.788571,3.413487,8.997561],"rotation":{"angle":0.0,"axis":"y","origin":[11.485714,1.1106296,7.2661324]},"faces":{"east":{"uv":[9.5,10.5,10.0,10.625],"rotation":0,"texture":"#0","tintindex":0},"south":{"uv":[10.125,10.5,10.625,10.625],"rotation":0,"texture":"#0","tintindex":0},"north":{"uv":[10.5,9.0,11.0,9.125],"rotation":0,"texture":"#0","tintindex":0},"west":{"uv":[10.625,1.0,11.125,1.125],"rotation":0,"texture":"#0","tintindex":0},"up":{"uv":[8.875,7.75,8.375,7.25],"rotation":0,"texture":"#0","tintindex":0},"down":{"uv":[9.0,0.0,8.5,0.5],"rotation":0,"texture":"#0","tintindex":0}}},{"from":[7.4,1.5963445,6.6089897],"to":[9.857143,2.339201,9.066133],"rotation":{"angle":0.0,"axis":"y","origin":[11.485714,1.1106296,7.2661324]},"faces":{"east":{"uv":[10.5,8.25,11.0,8.375],"rotation":0,"texture":"#0","tintindex":0},"south":{"uv":[10.5,8.5,11.0,8.625],"rotation":0,"texture":"#0","tintindex":0},"north":{"uv":[10.5,7.125,11.0,7.25],"rotation":0,"texture":"#0","tintindex":0},"west":{"uv":[10.5,8.75,11.0,8.875],"rotation":0,"texture":"#0","tintindex":0},"up":{"uv":[8.875,6.5,8.375,6.0],"rotation":0,"texture":"#0","tintindex":0},"down":{"uv":[8.875,6.625,8.375,7.125],"rotation":0,"texture":"#0","tintindex":0}}},{"from":[7.4857144,4.5392013,6.4089894],"to":[9.771429,8.539202,9.266132],"rotation":{"angle":0.0,"axis":"y","origin":[11.771429,5.11063,7.2661324]},"faces":{"east":{"uv":[5.125,4.375,5.75,5.25],"rotation":0,"texture":"#0","tintindex":0},"south":{"uv":[6.5,6.375,7.0,7.25],"rotation":0,"texture":"#0","tintindex":0},"north":{"uv":[0.0,6.5,0.5,7.375],"rotation":0,"texture":"#0","tintindex":0},"west":{"uv":[5.125,5.375,5.75,6.25],"rotation":0,"texture":"#0","tintindex":0},"up":{"uv":[4.875,7.625,4.375,7.0],"rotation":0,"texture":"#0","tintindex":0},"down":{"uv":[5.5,7.0,5.0,7.625],"rotation":0,"texture":"#0","tintindex":0}}},{"from":[7.428571,-0.08937073,6.637561],"to":[9.828571,1.7392015,9.037561],"rotation":{"angle":0.0,"axis":"y","origin":[11.2,-1.7465124,7.2661324]},"faces":{"east":{"uv":[9.0,6.5,9.5,6.875],"rotation":0,"texture":"#0","tintindex":0},"south":{"uv":[9.0,7.0,9.5,7.375],"rotation":0,"texture":"#0","tintindex":0},"north":{"uv":[9.0,6.0,9.5,6.375],"rotation":0,"texture":"#0","tintindex":0},"west":{"uv":[8.875,9.0,9.375,9.375],"rotation":0,"texture":"#0","tintindex":0},"up":{"uv":[4.75,8.875,4.25,8.375],"rotation":0,"texture":"#0","tintindex":0},"down":{"uv":[5.375,8.375,4.875,8.875],"rotation":0,"texture":"#0","tintindex":0}}},{"from":[7.4857144,1.6820583,6.694704],"to":[9.771429,4.5392013,8.980418],"rotation":{"angle":0.0,"axis":"y","origin":[11.485714,1.1106296,7.2661324]},"faces":{"east":{"uv":[6.875,1.75,7.375,2.375],"rotation":0,"texture":"#0",