{"textures":{"0":"modelengine:entity/em_bandit_b1"},"elements":[{"from":[8.054866,0.25348663,3.9804182],"to":[9.197723,1.3963442,9.123276],"rotation":{"angle":0.0,"axis":"y","origin":[8.34058,0.8249154,6.2661324]},"faces":{"east":{"uv":[5.0,2.75,6.125,3.0],"rotation":0,"texture":"#0","tintindex":0},"south":{"uv":[9.125,10.375,9.375,10.625],"rotation":0,"texture":"#0","tintindex":0},"north":{"uv":[7.625,10.25,7.875,10.5],"rotation":0,"texture":"#0","tintindex":0},"west":{"uv":[7.5,2.375,8.625,2.625],"rotation":0,"texture":"#0","tintindex":0},"up":{"uv":[3.5,8.25,3.25,7.125],"rotation":0,"texture":"#0","tintindex":0},"down":{"uv":[0.25,7.5,0.0,8.625],"rotation":0,"texture":"#0","tintindex":0}}},{"from":[7.4834375,-0.31794167,-5.7338676],"to":[9.769152,1.9677725,2.2661319],"rotation":{"angle":0.0,"axis":"y","origin":[8.34058,0.8249154,-0.59101105]},"faces":{"east":{"uv":[3.875,3.125,5.625,3.625],"rotation":0,"texture":"#0","tintindex":0},"south":{"uv":[0.75,8.5,1.25,9.0],"rotation":0,"texture":"#0","tintindex":0},"north":{"uv":[8.5,0.625,9.0,1.125],"rotation":0,"texture":"#0","tintindex":0},"west":{"uv":[4.5,3.75,6.25,4.25],"rotation":0,"texture":"#0","tintindex":0},"up":{"uv":[5.0,6.125,4.5,4.375],"rotation":0,"texture":"#0","tintindex":0},"down":{"uv":[0.5,4.625,0.0,6.375],"rotation":0,"texture":"#0","tintindex":0}}},{"from":[8.626295,-2.6036558,-5.7338676],"to":[8.626295,4.253487,-1.7338676],"rotation":{"angle":0.0,"axis":"y","origin":[8.626295,0.8249154,-3.7338676]},"faces":{"east":{"uv":[0.0,0.0,0.875,1.5],"rotation":0,"texture":"#0","tintindex":0},"south":{"uv":[5.625,10.75,5.625,12.25],"rotation":0,"texture":"#0","tintindex":0},"north":{"uv":[4.625,10.75,4.625,12.25],"rotation":0,"texture":"#0","tintindex":0},"west":{"uv":[1.0,0.0,1.875,1.5],"rotation":0,"texture":"#0","tintindex":0},"up":{"uv":[5.75,11.625,5.75,10.75],"rotation":0,"texture":"#0","tintindex":0},"down":{"uv":[5.875,10.75,5.875,11.625],"rotation":0,"texture":"#0","tintindex":0}}},{"from":[5.1977234,0.8249154,-5.7338676],"to":[12.054867,0.8249154,-1.7338676],"rotation":{"angle":0.0,"axis":"y","origin":[8.626295,0.8249154,-3.7338676]},"faces":{"east":{"uv":[2.0,1.5,2.875,1.5],"rotation":0,"texture":"#0","tintindex":0},"south":{"uv":[10.5,9.25,12.0,9.25],"rotation":0,"texture":"#0","tintindex":0},"north":{"uv":[10.25,10.125,11.75,10.125],"rotation":0,"texture":"#0","tintindex":0},"west":{"uv":[10.625,4.25,11.5,4.25],"rotation":0,"texture":"#0","tintindex":0},"up":{"uv":[1.5,2.5,0.0,1.625],"rotation":0,"texture":"#0","tintindex":0},"down":{"uv":[3.125,1.625,1.625,2.5],"rotation":0,"texture":"#0","tintindex":0}}},{"from":[7.7691517,-0.032227516,2.2661319],"to":[9.483438,1.6820583,3.9804182],"rotation":{"angle":0.0,"axis":"y","origin":[8.34058,0.8249154,1.1232748]},"faces":{"east":{"uv":[9.625,4.5,10.0,4.875],"rotation":0,"texture":"#0","tintindex":0},"south":{"uv":[9.625,5.0,10.0,5.375],"rotation":0,"texture":"#0","tintindex":0},"north":{"uv":[4.5,9.625,4.875,10.0],"rotation":0,"texture":"#0","tintindex":0},"west":{"uv":[9.625,5.5,10.0,5.875],"rotation":0,"texture":"#0","tintindex":0},"up":{"uv":[10.0,6.375,9.625,6.0],"rotation":0,"texture":"#0","tintindex":0},"down":{"uv":[6.875,9.625,6.5,10.0],"rotation":0,"texture":"#0","tintindex":0}}},{"from":[7.7691517,-0.032227516,9.123276],"to":[9.483438,1.6820583,9.694704],"rotation":{"angle":0.0,"axis":"y","origin":[8.34058,0.8249154,8.5518465]},"faces":{"east":{"uv":[5.25,9.0,5.375,9.375],"rotation":0,"texture":"#0","tintindex":0},"south":{"uv":[9.625,4.0,10.0,4.375],"rotation":0,"texture":"#0","tintindex":0},"north":{"uv":[4.0,9.625,4.375,10.0],"rotation":0,"texture":"#0","tintindex":0},"west":{"uv":[8.875,10.625,9.0,11.0],"rotation":0,"texture":"#0","tintindex":0},"up":{"uv":[0.875,10.875,0.5,10.75],"rotation":0,"texture":"#0","tintindex":0},"down":{"uv":[11.125,3.0,10.75,3.125],"rotation":0,"texture":"#0","tintindex":0}}},{"from":[7.4685717,2.8077726,6.677561],"to":[9.788571,3.413487,8.997561],"rotation":{"angle":0.0,"axis":"y","origin":[11.485714,1.1106296,7.2661324]},"faces":{"east":{"uv":[9.5,10.5,10.0,10.625],"rotation":0,"texture":"#0","tintindex":0},"south":{"uv":[10.125,10.5,10.625,10.625],"rotation":0,"texture":"#0","tintindex":0},"north":{"uv":[10.5,9.0,11.0,9.125],"rotation":0,"texture":"#0","tintindex":0},"west":{"uv":[10.625,1.0,11.125,1.125],"rotation":0,"texture":"#0","tintindex":0},"up":{"uv":[8.875,7.75,8.375,7.25],"rotation":0,"texture":"#0","tintindex":0},"down":{"uv":[9.0,0.0,8.5,0.5],"rotation":0,"texture":"#0","tintindex":0}}},{"from":[7.4,1.5963445,6.6089897],"to":[9.857143,2.339201,9.066133],"rotation":{"angle":0.0,"axis":"y","origin":[11.485714,1.1106296,7.2661324]},"faces":{"east":{"uv":[10.5,8.25,11.0,8.375],"rotation":0,"texture":"#0","tintindex":0},"south":{"uv":[10.5,8.5,11.0,8.625],"rotation":0,"texture":"#0","tintindex":0},"north":{"uv":[10.5,7.125,11.0,7.25],"rotation":0,"texture":"#0","tintindex":0},"west":{"uv":[10.5,8.75,11.0,8.875],"rotation":0,"texture":"#0","tintindex":0},"up":{"uv":[8.875,6.5,8.375,6.0],"rotation":0,"texture":"#0","tintindex":0},"down":{"uv":[8.875,6.625,8.375,7.125],"rotation":0,"texture":"#0","tintindex":0}}},{"from":[7.4857144,4.5392013,6.4089894],"to":[9.771429,8.539202,9.266132],"rotation":{"angle":0.0,"axis":"y","origin":[11.771429,5.11063,7.2661324]},"faces":{"east":{"uv":[5.125,4.375,5.75,5.25],"rotation":0,"texture":"#0","tintindex":0},"south":{"uv":[6.5,6.375,7.0,7.25],"rotation":0,"texture":"#0","tintindex":0},"north":{"uv":[0.0,6.5,0.5,7.375],"rotation":0,"texture":"#0","tintindex":0},"west":{"uv":[5.125,5.375,5.75,6.25],"rotation":0,"texture":"#0","tintindex":0},"up":{"uv":[4.875,7.625,4.375,7.0],"rotation":0,"texture":"#0","tintindex":0},"down":{"uv":[5.5,7.0,5.0,7.625],"rotation":0,"texture":"#0","tintindex":0}}},{"from":[7.428571,-0.08937073,6.637561],"to":[9.828571,1.7392015,9.037561],"rotation":{"angle":0.0,"axis":"y","origin":[11.2,-1.7465124,7.2661324]},"faces":{"east":{"uv":[9.0,6.5,9.5,6.875],"rotation":0,"texture":"#0","tintindex":0},"south":{"uv":[9.0,7.0,9.5,7.375],"rotation":0,"texture":"#0","tintindex":0},"north":{"uv":[9.0,6.0,9.5,6.375],"rotation":0,"texture":"#0","tintindex":0},"west":{"uv":[8.875,9.0,9.375,9.375],"rotation":0,"texture":"#0","tintindex":0},"up":{"uv":[4.75,8.875,4.25,8.375],"rotation":0,"texture":"#0","tintindex":0},"down":{"uv":[5.375,8.375,4.875,8.875],"rotation":0,"texture":"#0","tintindex":0}}},{"from":[7.4857144,1.6820583,6.694704],"to":[9.771429,4.5392013,8.980418],"rotation":{"angle":0.0,"axis":"y","origin":[11.485714,1.1106296,7.2661324]},"faces":{"east":{"uv":[6.875,1.75,7.375,2.375],"rotation":0,"texture":"#0","tintindex":0},"south":{"uv":[2.0,6.875,2.5,7.5],"rotation":0,"texture":"#0","tintindex":0},"north":{"uv":[5.25,0.0,5.75,0.625],"rotation":0,"texture":"#0","tintindex":0},"west":{"uv":[6.875,2.5,7.375,3.125],"rotation":0,"texture":"#0","tintindex":0},"up":{"uv":[4.125,8.75,3.625,8.25],"rotation":0,"texture":"#0","tintindex":0},"down":{"uv":[8.75,8.0,8.25,8.5],"rotation":0,"texture":"#0","tintindex":0}}}],"display":{"head":{"translation":[0.0,-6.4,0.0],"scale":[4.0,4.0,4.0]}}}