{"textures":{"0":"modelengine:entity/em_bandit_b1"},"elements":[{"from":[6.857143,4.214286,7.0714283],"to":[9.142858,8.785714,9.357143],"rotation":{"angle":0.0,"axis":"y","origin":[8.0,6.785714,8.214286]},"faces":{"east":{"uv":[1.375,5.75,1.875,6.75],"rotation":0,"texture":"#0","tintindex":0},"south":{"uv":[2.0,5.75,2.5,6.75],"rotation":0,"texture":"#0","tintindex":0},"north":{"uv":[3.875,5.5,4.375,6.5],"rotation":0,"texture":"#0","tintindex":0},"west":{"uv":[5.875,4.375,6.375,5.375],"rotation":0,"texture":"#0","tintindex":0},"up":{"uv":[3.75,2.5,3.25,2.0],"rotation":0,"texture":"#0","tintindex":0},"down":{"uv":[2.5,7.625,2.0,8.125],"rotation":0,"texture":"#0","tintindex":0}}},{"from":[7.142857,-1.5,6.214286],"to":[8.857143,-0.3571434,9.071428],"rotation":{"angle":0.0,"axis":"y","origin":[6.857143,13.357143,7.928571]},"faces":{"east":{"uv":[9.0,7.5,9.625,7.75],"rotation":0,"texture":"#0","tintindex":0},"south":{"uv":[10.0,2.625,10.375,2.875],"rotation":0,"texture":"#0","tintindex":0},"north":{"uv":[10.0,2.25,10.375,2.5],"rotation":0,"texture":"#0","tintindex":0},"west":{"uv":[9.25,1.0,9.875,1.25],"rotation":0,"texture":"#0","tintindex":0},"up":{"uv":[3.0,6.375,2.625,5.75],"rotation":0,"texture":"#0","tintindex":0},"down":{"uv":[1.125,7.625,0.75,8.25],"rotation":0,"texture":"#0","tintindex":0}}},{"from":[7.1457143,2.3482294,8.019018],"to":[8.854286,4.056801,9.15616],"rotation":{"angle":22.5,"axis":"x","origin":[8.0,3.4882298,8.444733]},"faces":{"east":{"uv":[6.625,8.0,6.875,8.375],"rotation":0,"texture":"#0","tintindex":0},"south":{"uv":[6.0,9.25,6.375,9.625],"rotation":0,"texture":"#0","tintindex":0},"north":{"uv":[6.625,9.125,7.0,9.5],"rotation":0,"texture":"#0","tintindex":0},"west":{"uv":[3.25,8.375,3.5,8.75],"rotation":0,"texture":"#0","tintindex":0},"up":{"uv":[3.125,10.25,2.75,10.0],"rotation":0,"texture":"#0","tintindex":0},"down":{"uv":[3.625,10.0,3.25,10.25],"rotation":0,"texture":"#0","tintindex":0}}},{"from":[7.142857,3.642857,7.0714283],"to":[8.857143,4.214286,9.357143],"rotation":{"angle":0.0,"axis":"y","origin":[6.857143,15.071428,7.928571]},"faces":{"east":{"uv":[10.125,9.625,10.625,9.75],"rotation":0,"texture":"#0","tintindex":0},"south":{"uv":[0.625,4.625,1.0,4.75],"rotation":0,"texture":"#0","tintindex":0},"north":{"uv":[1.125,3.5,1.5,3.625],"rotation":0,"texture":"#0","tintindex":0},"west":{"uv":[10.25,0.0,10.75,0.125],"rotation":0,"texture":"#0","tintindex":0},"up":{"uv":[6.125,3.625,5.75,3.125],"rotation":0,"texture":"#0","tintindex":0},"down":{"uv":[9.125,2.875,8.75,3.375],"rotation":0,"texture":"#0","tintindex":0}}},{"from":[7.142857,1.9285712,7.0714283],"to":[8.857143,3.642857,8.785714],"rotation":{"angle":0.0,"axis":"y","origin":[6.857143,14.5,7.928571]},"faces":{"east":{"uv":[9.375,1.75,9.75,2.125],"rotation":0,"texture":"#0","tintindex":0},"south":{"uv":[9.375,3.25,9.75,3.625],"rotation":0,"texture":"#0","tintindex":0},"north":{"uv":[7.125,9.25,7.5,9.625],"rotation":0,"texture":"#0","tintindex":0},"west":{"uv":[7.625,9.375,8.0,9.75],"rotation":0,"texture":"#0","tintindex":0},"up":{"uv":[9.75,8.25,9.375,7.875],"rotation":0,"texture":"#0","tintindex":0},"down":{"uv":[8.5,9.375,8.125,9.75],"rotation":0,"texture":"#0","tintindex":0}}},{"from":[6.8,1.871428,7.0],"to":[9.2,2.5571427,9.4],"rotation":{"angle":0.0,"axis":"y","origin":[6.857143,13.357143,8.2]},"faces":{"east":{"uv":[10.25,0.5,10.75,0.625],"rotation":0,"texture":"#0","tintindex":0},"south":{"uv":[10.25,0.75,10.75,0.875],"rotation":0,"texture":"#0","tintindex":0},"north":{"uv":[10.25,0.25,10.75,0.375],"rotation":0,"texture":"#0","tintindex":0},"west":{"uv":[5.5,10.25,6.0,10.375],"rotation":0,"texture":"#0","tintindex":0},"up":{"uv":[8.125,4.0,7.625,3.5],"rotation":0,"texture":"#0","tintindex":0},"down":{"uv":[4.125,7.625,3.625,8.125],"rotation":0,"texture":"#0","tintindex":0}}},{"from":[7.142857,0.78571415,7.0714283],"to":[8.857143,1.9285712,9.357143],"rotation":{"angle":0.0,"axis":"y","origin":[6.857143,13.357143,7.928571]},"faces":{"east":{"uv":[9.75,7.5,10.25,7.75],"rotation":0,"texture":"#0","tintindex":0},"south":{"uv":[10.0,8.25,10.375,8.5],"rotation":0,"texture":"#0","tintindex":0},"north":{"uv":[5.0,10.0,5.375,10.25],"rotation":0,"texture":"#0","tintindex":0},"west":{"uv":[7.5,9.875,8.0,10.125],"rotation":0,"texture":"#0","tintindex":0},"up":{"uv":[9.25,2.25,8.875,1.75],"rotation":0,"texture":"#0","tintindex":0},"down":{"uv":[2.375,8.875,2.0,9.375],"rotation":0,"texture":"#0","tintindex":0}}},{"from":[6.8,0.72857094,7.0142856],"to":[9.2,1.4142857,9.414286],"rotation":{"angle":22.5,"axis":"z","origin":[8.0,1.0714283,8.214286]},"faces":{"east":{"uv":[9.5,10.25,10.0,10.375],"rotation":0,"texture":"#0","tintindex":0},"south":{"uv":[10.25,9.875,10.75,10.0],"rotation":0,"texture":"#0","tintindex":0},"north":{"uv":[7.0,10.25,7.5,10.375],"rotation":0,"texture":"#0","tintindex":0},"west":{"uv":[10.125,10.25,10.625,10.375],"rotation":0,"texture":"#0","tintindex":0},"up":{"uv":[4.75,8.25,4.25,7.75],"rotation":0,"texture":"#0","tintindex":0},"down":{"uv":[5.375,7.75,4.875,8.25],"rotation":0,"texture":"#0","tintindex":0}}},{"from":[6.7714286,0.6999998,6.985714],"to":[9.228572,1.4428568,9.442858],"rotation":{"angle":-22.5,"axis":"z","origin":[8.0,1.0714283,8.214286]},"faces":{"east":{"uv":[10.375,2.0,10.875,2.125],"rotation":0,"texture":"#0","tintindex":0},"south":{"uv":[2.25,10.375,2.75,10.5],"rotation":0,"texture":"#0","tintindex":0},"north":{"uv":[10.375,1.75,10.875,1.875],"rotation":0,"texture":"#0","tintindex":0},"west":{"uv":[2.875,10.375,3.375,10.5],"rotation":0,"texture":"#0","tintindex":0},"up":{"uv":[8.25,6.625,7.75,6.125],"rotation":0,"texture":"#0","tintindex":0},"down":{"uv":[8.25,6.75,7.75,7.25],"rotation":0,"texture":"#0","tintindex":0}}},{"from":[7.142857,-0.3571434,7.0714283],"to":[8.857143,0.78571415,8.785714],"rotation":{"angle":0.0,"axis":"y","origin":[6.857143,13.357143,7.928571]},"faces":{"east":{"uv":[10.0,8.625,10.375,8.875],"rotation":0,"texture":"#0","tintindex":0},"south":{"uv":[9.0,10.0,9.375,10.25],"rotation":0,"texture":"#0","tintindex":0},"north":{"uv":[8.5,10.0,8.875,10.25],"rotation":0,"texture":"#0","tintindex":0},"west":{"uv":[10.0,9.0,10.375,9.25],"rotation":0,"texture":"#0","tintindex":0},"up":{"uv":[2.125,9.875,1.75,9.5],"rotation":0,"texture":"#0","tintindex":0},"down":{"uv":[9.875,2.25,9.5,2.625],"rotation":0,"texture":"#0","tintindex":0}}}],"display":{"head":{"translation":[0.0,-6.4,0.0],"scale":[4.0,4.0,4.0]}}}