{"textures":{"1":"modelengine:entity/em_bandit_c3"},"elements":[{"from":[6.857143,4.785714,7.0714283],"to":[9.142858,8.785714,9.357143],"rotation":{"angle":0.0,"axis":"y","origin":[8.0,8.5,8.214286]},"faces":{"east":{"uv":[0.0,7.0,0.5,7.875],"rotation":0,"texture":"#1","tintindex":0},"south":{"uv":[3.125,7.0,3.625,7.875],"rotation":0,"texture":"#1","tintindex":0},"north":{"uv":[6.875,1.5,7.375,2.375],"rotation":0,"texture":"#1","tintindex":0},"west":{"uv":[3.75,7.0,4.25,7.875],"rotation":0,"texture":"#1","tintindex":0},"up":{"uv":[8.75,6.5,8.25,6.0],"rotation":0,"texture":"#1","tintindex":0},"down":{"uv":[8.75,6.625,8.25,7.125],"rotation":0,"texture":"#1","tintindex":0}}},{"from":[7.142857,-0.3571434,6.214286],"to":[8.857143,0.78571415,9.071428],"rotation":{"angle":0.0,"axis":"y","origin":[9.142858,14.5,7.928571]},"faces":{"east":{"uv":[9.125,5.5,9.75,5.75],"rotation":0,"texture":"#1","tintindex":0},"south":{"uv":[0.0,9.875,0.375,10.125],"rotation":0,"texture":"#1","tintindex":0},"north":{"uv":[9.75,9.75,10.125,10.0],"rotation":0,"texture":"#1","tintindex":0},"west":{"uv":[9.375,5.875,10.0,6.125],"rotation":0,"texture":"#1","tintindex":0},"up":{"uv":[5.5,9.375,5.125,8.75],"rotation":0,"texture":"#1","tintindex":0},"down":{"uv":[9.125,8.5,8.75,9.125],"rotation":0,"texture":"#1","tintindex":0}}},{"from":[7.428571,-0.12857246,5.55],"to":[8.571428,1.0142851,6.6928573],"rotation":{"angle":22.5,"axis":"x","origin":[7.714286,0.4428568,6.1214285]},"faces":{"east":{"uv":[0.0,10.25,0.25,10.5],"rotation":0,"texture":"#1","tintindex":0},"south":{"uv":[10.25,0.75,10.5,1.0],"rotation":0,"texture":"#1","tintindex":0},"north":{"uv":[10.0,10.125,10.25,10.375],"rotation":0,"texture":"#1","tintindex":0},"west":{"uv":[1.125,10.25,1.375,10.5],"rotation":0,"texture":"#1","tintindex":0},"up":{"uv":[1.75,10.5,1.5,10.25],"rotation":0,"texture":"#1","tintindex":0},"down":{"uv":[2.125,10.25,1.875,10.5],"rotation":0,"texture":"#1","tintindex":0}}},{"from":[7.1457143,2.9196577,8.019018],"to":[8.854286,4.6282296,9.15616],"rotation":{"angle":22.5,"axis":"x","origin":[8.0,4.059658,8.444733]},"faces":{"east":{"uv":[6.875,3.875,7.125,4.25],"rotation":0,"texture":"#1","tintindex":0},"south":{"uv":[1.625,9.5,2.0,9.875],"rotation":0,"texture":"#1","tintindex":0},"north":{"uv":[7.625,9.375,8.0,9.75],"rotation":0,"texture":"#1","tintindex":0},"west":{"uv":[2.5,8.75,2.75,9.125],"rotation":0,"texture":"#1","tintindex":0},"up":{"uv":[10.125,8.875,9.75,8.625],"rotation":0,"texture":"#1","tintindex":0},"down":{"uv":[9.625,9.75,9.25,10.0],"rotation":0,"texture":"#1","tintindex":0}}},{"from":[7.142857,4.214286,7.0714283],"to":[8.857143,4.785714,9.357143],"rotation":{"angle":0.0,"axis":"y","origin":[8.0,8.5,8.214286]},"faces":{"east":{"uv":[9.875,9.5,10.375,9.625],"rotation":0,"texture":"#1","tintindex":0},"south":{"uv":[5.875,10.25,6.25,10.375],"rotation":0,"texture":"#1","tintindex":0},"north":{"uv":[4.5,10.25,4.875,10.375],"rotation":0,"texture":"#1","tintindex":0},"west":{"uv":[1.125,10.0,1.625,10.125],"rotation":0,"texture":"#1","tintindex":0},"up":{"uv":[9.5,4.125,9.125,3.625],"rotation":0,"texture":"#1","tintindex":0},"down":{"uv":[9.5,4.25,9.125,4.75],"rotation":0,"texture":"#1","tintindex":0}}},{"from":[6.8,3.5857143,7.0],"to":[9.2,4.271428,9.4],"rotation":{"angle":0.0,"axis":"y","origin":[9.142858,15.071428,8.2]},"faces":{"east":{"uv":[9.875,8.0,10.375,8.125],"rotation":0,"texture":"#1","tintindex":0},"south":{"uv":[9.875,8.25,10.375,8.375],"rotation":0,"texture":"#1","tintindex":0},"north":{"uv":[7.125,9.875,7.625,10.0],"rotation":0,"texture":"#1","tintindex":0},"west":{"uv":[9.875,9.25,10.375,9.375],"rotation":0,"texture":"#1","tintindex":0},"up":{"uv":[8.75,7.75,8.25,7.25],"rotation":0,"texture":"#1","tintindex":0},"down":{"uv":[9.0,2.125,8.5,2.625],"rotation":0,"texture":"#1","tintindex":0}}},{"from":[7.142857,0.78571415,7.0714283],"to":[8.857143,3.642857,8.785714],"rotation":{"angle":0.0,"axis":"y","origin":[9.142858,14.5,7.928571]},"faces":{"east":{"uv":[2.0,8.75,2.375,9.375],"rotation":0,"texture":"#1","tintindex":0},"south":{"uv":[4.125,8.75,4.5,9.375],"rotation":0,"texture":"#1","tintindex":0},"north":{"uv":[7.625,8.625,8.0,9.25],"rotation":0,"texture":"#1","tintindex":0},"west":{"uv":[4.625,8.75,5.0,9.375],"rotation":0,"texture":"#1","tintindex":0},"up":{"uv":[2.125,5.25,1.75,4.875],"rotation":0,"texture":"#1","tintindex":0},"down":{"uv":[7.375,8.125,7.0,8.5],"rotation":0,"texture":"#1","tintindex":0}}},{"from":[7.1257143,2.4828572,7.0542855],"to":[8.874286,3.088571,8.802857],"rotation":{"angle":0.0,"axis":"y","origin":[7.714286,2.7857141,8.214286]},"faces":{"east":{"uv":[10.25,8.75,10.625,8.875],"rotation":0,"texture":"#1","tintindex":0},"south":{"uv":[10.25,9.75,10.625,9.875],"rotation":0,"texture":"#1","tintindex":0},"north":{"uv":[10.25,8.5,10.625,8.625],"rotation":0,"texture":"#1","tintindex":0},"west":{"uv":[10.375,0.0,10.75,0.125],"rotation":0,"texture":"#1","tintindex":0},"up":{"uv":[4.375,9.875,4.0,9.5],"rotation":0,"texture":"#1","tintindex":0},"down":{"uv":[4.875,9.5,4.5,9.875],"rotation":0,"texture":"#1","tintindex":0}}}],"display":{"head":{"translation":[0.0,-6.4,0.0],"scale":[4.0,4.0,4.0]}}}