{"textures":{"0":"modelengine:entity/em_bandit_b3"},"elements":[{"from":[4.5579224,11.477148,6.9166937],"to":[11.408208,14.898863,9.766979],"rotation":{"angle":0.0,"axis":"y","origin":[9.411636,11.473719,7.770408]},"faces":{"east":{"uv":[5.754,2.629,6.371,3.371],"rotation":0,"texture":"#0","tintindex":0},"south":{"uv":[1.754,0.754,3.246,1.496],"rotation":0,"texture":"#0","tintindex":0},"north":{"uv":[1.754,0.004,3.246,0.746],"rotation":0,"texture":"#0","tintindex":0},"west":{"uv":[5.754,5.629,6.371,6.371],"rotation":0,"texture":"#0","tintindex":0},"up":{"uv":[4.496,4.121,3.004,3.504],"rotation":0,"texture":"#0","tintindex":0},"down":{"uv":[5.496,1.004,4.004,1.621],"rotation":0,"texture":"#0","tintindex":0}}},{"from":[6.2807884,10.330862,5.770408],"to":[6.2807884,13.759434,6.913265],"rotation":{"angle":22.5,"axis":"y","origin":[6.2807884,12.616576,6.913265]},"faces":{"east":{"uv":[0.879,8.504,1.121,9.246],"rotation":0,"texture":"#0","tintindex":0},"south":{"uv":[0.004,0.004,0.004,0.746],"rotation":0,"texture":"#0","tintindex":0},"north":{"uv":[0.004,0.004,0.004,0.746],"rotation":0,"texture":"#0","tintindex":0},"west":{"uv":[1.129,8.504,1.371,9.246],"rotation":0,"texture":"#0","tintindex":0},"up":{"uv":[0.004,0.246,0.004,0.004],"rotation":0,"texture":"#0","tintindex":0},"down":{"uv":[0.004,0.004,0.004,0.246],"rotation":0,"texture":"#0","tintindex":0}}},{"from":[10.256771,11.473719,5.770408],"to":[10.256771,13.188005,6.913265],"rotation":{"angle":-22.5,"axis":"y","origin":[10.256771,12.045148,6.913265]},"faces":{"east":{"uv":[3.879,9.254,4.121,9.621],"rotation":0,"texture":"#0","tintindex":0},"south":{"uv":[0.004,0.004,0.004,0.371],"rotation":0,"texture":"#0","tintindex":0},"north":{"uv":[0.004,0.004,0.004,0.371],"rotation":0,"texture":"#0","tintindex":0},"west":{"uv":[4.129,9.254,4.371,9.621],"rotation":0,"texture":"#0","tintindex":0},"up":{"uv":[0.004,0.246,0.004,0.004],"rotation":0,"texture":"#0","tintindex":0},"down":{"uv":[0.004,0.004,0.004,0.246],"rotation":0,"texture":"#0","tintindex":0}}},{"from":[7.3567705,6.9022903,6.913265],"to":[8.499628,8.045148,9.198979],"rotation":{"angle":0.0,"axis":"y","origin":[9.3567705,6.9022903,7.770408]},"faces":{"east":{"uv":[9.129,3.004,9.621,3.246],"rotation":0,"texture":"#0","tintindex":0},"south":{"uv":[2.629,9.379,2.871,9.621],"rotation":0,"texture":"#0","tintindex":0},"north":{"uv":[9.379,2.504,9.621,2.746],"rotation":0,"texture":"#0","tintindex":0},"west":{"uv":[9.129,3.754,9.621,3.996],"rotation":0,"texture":"#0","tintindex":0},"up":{"uv":[6.871,2.621,6.629,2.129],"rotation":0,"texture":"#0","tintindex":0},"down":{"uv":[5.746,8.754,5.504,9.246],"rotation":0,"texture":"#0","tintindex":0}}},{"from":[7.3567705,7.616576,6.484694],"to":[8.499628,8.759433,6.770408],"rotation":{"angle":0.0,"axis":"y","origin":[9.3567705,6.4737186,7.0561223]},"faces":{"east":{"uv":[7.004,0.629,7.121,0.871],"rotation":0,"texture":"#0","tintindex":0},"south":{"uv":[8.004,9.254,8.246,9.496],"rotation":0,"texture":"#0","tintindex":0},"north":{"uv":[6.379,9.254,6.621,9.496],"rotation":0,"texture":"#0","tintindex":0},"west":{"uv":[2.254,7.129,2.371,7.371],"rotation":0,"texture":"#0","tintindex":0},"up":{"uv":[5.246,4.871,5.004,4.754],"rotation":0,"texture":"#0","tintindex":0},"down":{"uv":[1.246,6.379,1.004,6.496],"rotation":0,"texture":"#0","tintindex":0}}},{"from":[5.271056,7.959433,6.827551],"to":[10.585342,8.702291,9.284694],"rotation":{"angle":0.0,"axis":"y","origin":[9.3567705,6.9022903,7.770408]},"faces":{"east":{"uv":[9.379,2.254,9.871,2.371],"rotation":0,"texture":"#0","tintindex":0},"south":{"uv":[8.879,1.379,9.996,1.496],"rotation":0,"texture":"#0","tintindex":0},"north":{"uv":[8.879,0.379,9.996,0.496],"rotation":0,"texture":"#0","tintindex":0},"west":{"uv":[9.379,2.379,9.871,2.496],"rotation":0,"texture":"#0","tintindex":0},"up":{"uv":[5.621,3.871,4.504,3.379],"rotation":0,"texture":"#0","tintindex":0},"down":{"uv":[1.121,4.629,0.004,5.121],"rotation":0,"texture":"#0","tintindex":0}}},{"from":[6.2139134,9.1880045,9.770409],"to":[6.785342,9.759434,9.913265],"rotation":{"angle":0.0,"axis":"y","origin":[9.3567705,8.045148,7.770408]},"faces":{"east":{"uv":[6.754,6.879,6.871,6.996],"rotation":0,"texture":"#0","tintindex":0},"south":{"uv":[5.129,7.129,5.246,7.246],"rotation":0,"texture":"#0","tintindex":0},"north":{"uv":[5.379,0.879,5.496,0.996],"rotation":0,"texture":"#0","tintindex":0},"west":{"uv":[6.129,7.254,6.246,7.371],"rotation":0,"texture":"#0","tintindex":0},"up":{"uv":[6.246,7.496,6.129,7.379],"rotation":0,"texture":"#0","tintindex":0},"down":{"uv":[7.621,0.504,7.504,0.621],"rotation":0,"texture":"#0","tintindex":0}}},{"from":[5.6424847,8.045148,9.198979],"to":[7.3567705,10.330862,9.770409],"rotation":{"angle":0.0,"axis":"y","origin":[9.3567705,8.045148,7.770408]},"faces":{"east":{"uv":[6.254,6.379,6.371,6.871],"rotation":0,"texture":"#0","tintindex":0},"south":{"uv":[4.379,8.379,4.746,8.871],"rotation":0,"texture":"#0","tintindex":0},"north":{"uv":[4.004,8.379,4.371,8.871],"rotation":0,"texture":"#0","tintindex":0},"west":{"uv":[2.254,6.629,2.371,7.121],"rotation":0,"texture":"#0","tintindex":0},"up":{"uv":[8.371,4.996,8.004,4.879],"rotation":0,"texture":"#0","tintindex":0},"down":{"uv":[8.496,2.004,8.129,2.121],"rotation":0,"texture":"#0","tintindex":0}}},{"from":[10.571056,8.045148,6.913265],"to":[11.142485,9.759434,9.198979],"rotation":{"angle":0.0,"axis":"y","origin":[9.713914,8.045148,7.770408]},"faces":{"east":{"uv":[0.629,5.129,1.121,5.496],"rotation":0,"texture":"#0","tintindex":0},"south":{"uv":[2.629,6.379,2.746,6.746],"rotation":0,"texture":"#0","tintindex":0},"north":{"uv":[0.504,6.004,0.621,6.371],"rotation":0,"texture":"#0","tintindex":0},"west":{"uv":[7.379,6.629,7.871,6.996],"rotation":0,"texture":"#0","tintindex":0},"up":{"uv":[3.996,1.496,3.879,1.004],"rotation":0,"texture":"#0","tintindex":0},"down":{"uv":[2.746,5.879,2.629,6.371],"rotation":0,"texture":"#0","tintindex":0}}},{"from":[5.4116364,8.045148,6.913265],"to":[10.554494,11.473719,9.198979],"rotation":{"angle":0.0,"axis":"y","origin":[9.411636,8.045148,7.770408]},"faces":{"east":{"uv":[6.379,2.629,6.871,3.371],"rotation":0,"texture":"#0","tintindex":0},"south":{"uv":[3.879,4.129,4.996,4.871],"rotation":0,"texture":"#0","tintindex":0},"north":{"uv":[2.754,4.129,3.871,4.871],"rotation":0,"texture":"#0","tintindex":0},"west":{"uv":[6.629,0.879,7.121,1.621],"rotation":0,"texture":"#0","tintindex":0},"up":{"uv":[5.371,0.496,4.254,0.004],"rotation":0,"texture":"#0","tintindex":0},"down":{"uv":[5.371,0.504,4.254,0.996],"rotation":0,"texture":"#0","tintindex":0}}}],"display":{"head":{"translation":[0.0,-6.4,0.0],"scale":[4.0,4.0,4.0]}}}