{"textures":{"0":"modelengine:entity/em_bandit_b3"},"elements":[{"from":[6.399732,2.962449,6.84],"to":[8.719732,3.5681634,9.16],"rotation":{"angle":0.0,"axis":"y","origin":[4.702589,1.265306,7.428571]},"faces":{"east":{"uv":[9.379,8.504,9.871,8.621],"rotation":0,"texture":"#0","tintindex":0},"south":{"uv":[9.379,8.629,9.871,8.746],"rotation":0,"texture":"#0","tintindex":0},"north":{"uv":[8.254,9.379,8.746,9.496],"rotation":0,"texture":"#0","tintindex":0},"west":{"uv":[8.754,9.379,9.246,9.496],"rotation":0,"texture":"#0","tintindex":0},"up":{"uv":[8.371,6.496,7.879,6.004],"rotation":0,"texture":"#0","tintindex":0},"down":{"uv":[8.371,6.504,7.879,6.996],"rotation":0,"texture":"#0","tintindex":0}}},{"from":[6.3311605,1.7510204,6.7714286],"to":[8.788303,2.493877,9.228572],"rotation":{"angle":0.0,"axis":"y","origin":[4.702589,1.265306,7.428571]},"faces":{"east":{"uv":[9.379,7.254,9.871,7.371],"rotation":0,"texture":"#0","tintindex":0},"south":{"uv":[9.379,7.379,9.871,7.496],"rotation":0,"texture":"#0","tintindex":0},"north":{"uv":[9.379,7.129,9.871,7.246],"rotation":0,"texture":"#0","tintindex":0},"west":{"uv":[9.379,7.504,9.871,7.621],"rotation":0,"texture":"#0","tintindex":0},"up":{"uv":[8.371,5.996,7.879,5.504],"rotation":0,"texture":"#0","tintindex":0},"down":{"uv":[6.121,7.879,5.629,8.371],"rotation":0,"texture":"#0","tintindex":0}}},{"from":[6.416875,4.693877,6.5714283],"to":[8.702589,8.693877,9.428572],"rotation":{"angle":0.0,"axis":"y","origin":[7.5597324,6.693877,8.0]},"faces":{"east":{"uv":[4.629,4.879,5.246,5.746],"rotation":0,"texture":"#0","tintindex":0},"south":{"uv":[0.504,6.379,0.996,7.246],"rotation":0,"texture":"#0","tintindex":0},"north":{"uv":[6.129,3.379,6.621,4.246],"rotation":0,"texture":"#0","tintindex":0},"west":{"uv":[5.004,3.879,5.621,4.746],"rotation":0,"texture":"#0","tintindex":0},"up":{"uv":[7.371,6.371,6.879,5.754],"rotation":0,"texture":"#0","tintindex":0},"down":{"uv":[6.746,6.879,6.254,7.496],"rotation":0,"texture":"#0","tintindex":0}}},{"from":[5.274018,5.265306,6.5714283],"to":[6.416875,8.693877,6.5714283],"rotation":{"angle":-45.0,"axis":"y","origin":[6.416875,7.5510206,6.5714283]},"faces":{"east":{"uv":[0.004,0.004,0.004,0.746],"rotation":0,"texture":"#0","tintindex":0},"south":{"uv":[7.254,8.379,7.496,9.121],"rotation":0,"texture":"#0","tintindex":0},"north":{"uv":[5.754,8.379,5.996,9.121],"rotation":0,"texture":"#0","tintindex":0},"west":{"uv":[0.004,0.004,0.004,0.746],"rotation":0,"texture":"#0","tintindex":0},"up":{"uv":[0.246,0.004,0.004,0.004],"rotation":0,"texture":"#0","tintindex":0},"down":{"uv":[0.246,0.004,0.004,0.004],"rotation":0,"texture":"#0","tintindex":0}}},{"from":[5.273799,8.69335,6.5714283],"to":[6.4166565,8.69335,9.428572],"rotation":{"angle":-22.5,"axis":"z","origin":[6.4166565,8.69335,7.714286]},"faces":{"east":{"uv":[0.004,0.004,0.621,0.004],"rotation":0,"texture":"#0","tintindex":0},"south":{"uv":[0.004,0.004,0.246,0.004],"rotation":0,"texture":"#0","tintindex":0},"north":{"uv":[0.004,0.004,0.246,0.004],"rotation":0,"texture":"#0","tintindex":0},"west":{"uv":[0.004,0.004,0.621,0.004],"rotation":0,"texture":"#0","tintindex":0},"up":{"uv":[3.621,9.121,3.379,8.504],"rotation":0,"texture":"#0","tintindex":0},"down":{"uv":[7.121,8.504,6.879,9.121],"rotation":0,"texture":"#0","tintindex":0}}},{"from":[5.274018,5.265306,9.428572],"to":[6.416875,8.693877,9.428572],"rotation":{"angle":45.0,"axis":"y","origin":[6.416875,7.5510206,9.428572]},"faces":{"east":{"uv":[0.004,0.004,0.004,0.746],"rotation":0,"texture":"#0","tintindex":0},"south":{"uv":[0.254,8.504,0.496,9.246],"rotation":0,"texture":"#0","tintindex":0},"north":{"uv":[0.004,8.504,0.246,9.246],"rotation":0,"texture":"#0","tintindex":0},"west":{"uv":[0.004,0.004,0.004,0.746],"rotation":0,"texture":"#0","tintindex":0},"up":{"uv":[0.246,0.004,0.004,0.004],"rotation":0,"texture":"#0","tintindex":0},"down":{"uv":[0.246,0.004,0.004,0.004],"rotation":0,"texture":"#0","tintindex":0}}},{"from":[6.420875,4.6978774,6.5754285],"to":[8.698589,8.6898775,9.424572],"rotation":{"angle":0.0,"axis":"y","origin":[7.5597324,6.693877,8.0]},"faces":{"east":{"uv":[3.379,4.879,3.996,5.746],"rotation":0,"texture":"#0","tintindex":0},"south":{"uv":[6.129,1.754,6.621,2.621],"rotation":0,"texture":"#0","tintindex":0},"north":{"uv":[6.129,0.879,6.621,1.746],"rotation":0,"texture":"#0","tintindex":0},"west":{"uv":[4.004,4.879,4.621,5.746],"rotation":0,"texture":"#0","tintindex":0},"up":{"uv":[7.371,3.371,6.879,2.754],"rotation":0,"texture":"#0","tintindex":0},"down":{"uv":[7.371,5.129,6.879,5.746],"rotation":0,"texture":"#0","tintindex":0}}},{"from":[6.359732,0.06530571,6.8],"to":[8.759732,1.8938775,9.2],"rotation":{"angle":0.0,"axis":"y","origin":[4.988303,-1.5918379,7.428571]},"faces":{"east":{"uv":[8.379,6.004,8.871,6.371],"rotation":0,"texture":"#0","tintindex":0},"south":{"uv":[8.379,6.379,8.871,6.746],"rotation":0,"texture":"#0","tintindex":0},"north":{"uv":[8.379,5.629,8.871,5.996],"rotation":0,"texture":"#0","tintindex":0},"west":{"uv":[8.379,6.754,8.871,7.121],"rotation":0,"texture":"#0","tintindex":0},"up":{"uv":[8.371,5.496,7.879,5.004],"rotation":0,"texture":"#0","tintindex":0},"down":{"uv":[5.621,7.879,5.129,8.371],"rotation":0,"texture":"#0","tintindex":0}}},{"from":[6.416875,1.8367343,6.857143],"to":[8.702589,4.693877,9.142858],"rotation":{"angle":0.0,"axis":"y","origin":[4.702589,1.265306,7.428571]},"faces":{"east":{"uv":[4.629,6.754,5.121,7.371],"rotation":0,"texture":"#0","tintindex":0},"south":{"uv":[0.004,6.879,0.496,7.496],"rotation":0,"texture":"#0","tintindex":0},"north":{"uv":[4.129,6.754,4.621,7.371],"rotation":0,"texture":"#0","tintindex":0},"west":{"uv":[6.879,2.129,7.371,2.746],"rotation":0,"texture":"#0","tintindex":0},"up":{"uv":[4.621,8.371,4.129,7.879],"rotation":0,"texture":"#0","tintindex":0},"down":{"uv":[5.121,7.879,4.629,8.371],"rotation":0,"texture":"#0","tintindex":0}}}],"display":{"head":{"translation":[0.0,-6.4,0.0],"scale":[4.0,4.0,4.0]}}}