{"textures":{"0":"modelengine:entity/em_bandit_b3"},"elements":[{"from":[6.857143,4.214286,7.0714283],"to":[9.142858,8.785714,9.357143],"rotation":{"angle":0.0,"axis":"y","origin":[8.0,8.5,8.214286]},"faces":{"east":{"uv":[5.629,3.379,6.121,4.371],"rotation":0,"texture":"#0","tintindex":0},"south":{"uv":[5.254,5.629,5.746,6.621],"rotation":0,"texture":"#0","tintindex":0},"north":{"uv":[1.254,5.504,1.746,6.496],"rotation":0,"texture":"#0","tintindex":0},"west":{"uv":[2.754,5.754,3.246,6.746],"rotation":0,"texture":"#0","tintindex":0},"up":{"uv":[6.371,5.621,5.879,5.129],"rotation":0,"texture":"#0","tintindex":0},"down":{"uv":[7.871,2.379,7.379,2.871],"rotation":0,"texture":"#0","tintindex":0}}},{"from":[7.142857,-1.5,6.214286],"to":[8.857143,-0.3571434,9.071428],"rotation":{"angle":0.0,"axis":"y","origin":[9.142858,13.357143,7.928571]},"faces":{"east":{"uv":[7.629,1.004,8.246,1.246],"rotation":0,"texture":"#0","tintindex":0},"south":{"uv":[0.004,9.254,0.371,9.496],"rotation":0,"texture":"#0","tintindex":0},"north":{"uv":[8.629,9.129,8.996,9.371],"rotation":0,"texture":"#0","tintindex":0},"west":{"uv":[8.504,7.879,9.121,8.121],"rotation":0,"texture":"#0","tintindex":0},"up":{"uv":[2.621,8.746,2.254,8.129],"rotation":0,"texture":"#0","tintindex":0},"down":{"uv":[2.996,8.129,2.629,8.746],"rotation":0,"texture":"#0","tintindex":0}}},{"from":[7.1457143,2.3482294,8.019018],"to":[8.854286,4.056801,9.15616],"rotation":{"angle":22.5,"axis":"x","origin":[8.0,3.4882298,8.444733]},"faces":{"east":{"uv":[5.629,4.379,5.871,4.746],"rotation":0,"texture":"#0","tintindex":0},"south":{"uv":[8.879,0.004,9.246,0.371],"rotation":0,"texture":"#0","tintindex":0},"north":{"uv":[8.629,8.754,8.996,9.121],"rotation":0,"texture":"#0","tintindex":0},"west":{"uv":[1.504,8.004,1.746,8.371],"rotation":0,"texture":"#0","tintindex":0},"up":{"uv":[9.496,8.121,9.129,7.879],"rotation":0,"texture":"#0","tintindex":0},"down":{"uv":[8.621,9.129,8.254,9.371],"rotation":0,"texture":"#0","tintindex":0}}},{"from":[7.142857,3.642857,7.0714283],"to":[8.857143,4.214286,9.357143],"rotation":{"angle":0.0,"axis":"y","origin":[8.0,7.928571,8.214286]},"faces":{"east":{"uv":[9.254,5.379,9.746,5.496],"rotation":0,"texture":"#0","tintindex":0},"south":{"uv":[7.504,5.004,7.871,5.121],"rotation":0,"texture":"#0","tintindex":0},"north":{"uv":[6.129,4.254,6.496,4.371],"rotation":0,"texture":"#0","tintindex":0},"west":{"uv":[9.254,5.504,9.746,5.621],"rotation":0,"texture":"#0","tintindex":0},"up":{"uv":[0.871,8.871,0.504,8.379],"rotation":0,"texture":"#0","tintindex":0},"down":{"uv":[1.871,8.379,1.504,8.871],"rotation":0,"texture":"#0","tintindex":0}}},{"from":[7.142857,1.9285712,7.0714283],"to":[8.857143,3.642857,8.785714],"rotation":{"angle":0.0,"axis":"y","origin":[9.142858,14.5,7.928571]},"faces":{"east":{"uv":[8.754,3.004,9.121,3.371],"rotation":0,"texture":"#0","tintindex":0},"south":{"uv":[8.754,3.879,9.121,4.246],"rotation":0,"texture":"#0","tintindex":0},"north":{"uv":[2.879,8.754,3.246,9.121],"rotation":0,"texture":"#0","tintindex":0},"west":{"uv":[4.754,8.754,5.121,9.121],"rotation":0,"texture":"#0","tintindex":0},"up":{"uv":[5.496,9.121,5.129,8.754],"rotation":0,"texture":"#0","tintindex":0},"down":{"uv":[8.621,8.754,8.254,9.121],"rotation":0,"texture":"#0","tintindex":0}}},{"from":[6.8,1.871428,7.0],"to":[9.2,2.5571427,9.4],"rotation":{"angle":0.0,"axis":"y","origin":[9.142858,13.357143,8.2]},"faces":{"east":{"uv":[9.254,1.254,9.746,1.371],"rotation":0,"texture":"#0","tintindex":0},"south":{"uv":[9.254,3.504,9.746,3.621],"rotation":0,"texture":"#0","tintindex":0},"north":{"uv":[4.004,3.379,4.496,3.496],"rotation":0,"texture":"#0","tintindex":0},"west":{"uv":[9.254,3.629,9.746,3.746],"rotation":0,"texture":"#0","tintindex":0},"up":{"uv":[7.871,3.371,7.379,2.879],"rotation":0,"texture":"#0","tintindex":0},"down":{"uv":[4.121,7.379,3.629,7.871],"rotation":0,"texture":"#0","tintindex":0}}},{"from":[7.142857,0.78571415,7.0714283],"to":[8.857143,1.9285712,9.357143],"rotation":{"angle":0.0,"axis":"y","origin":[9.142858,13.357143,7.928571]},"faces":{"east":{"uv":[4.504,3.879,4.996,4.121],"rotation":0,"texture":"#0","tintindex":0},"south":{"uv":[7.129,9.129,7.496,9.371],"rotation":0,"texture":"#0","tintindex":0},"north":{"uv":[6.754,9.129,7.121,9.371],"rotation":0,"texture":"#0","tintindex":0},"west":{"uv":[9.004,7.629,9.496,7.871],"rotation":0,"texture":"#0","tintindex":0},"up":{"uv":[8.621,1.496,8.254,1.004],"rotation":0,"texture":"#0","tintindex":0},"down":{"uv":[8.621,8.254,8.254,8.746],"rotation":0,"texture":"#0","tintindex":0}}},{"from":[7.142857,-0.3571434,7.0714283],"to":[8.857143,0.78571415,8.785714],"rotation":{"angle":0.0,"axis":"y","origin":[9.142858,13.357143,7.928571]},"faces":{"east":{"uv":[9.129,4.004,9.496,4.246],"rotation":0,"texture":"#0","tintindex":0},"south":{"uv":[4.754,9.129,5.121,9.371],"rotation":0,"texture":"#0","tintindex":0},"north":{"uv":[6.629,4.004,6.996,4.246],"rotation":0,"texture":"#0","tintindex":0},"west":{"uv":[5.129,9.129,5.496,9.371],"rotation":0,"texture":"#0","tintindex":0},"up":{"uv":[8.996,1.996,8.629,1.629],"rotation":0,"texture":"#0","tintindex":0},"down":{"uv":[2.871,8.754,2.504,9.121],"rotation":0,"texture":"#0","tintindex":0}}},{"from":[6.8,0.72857094,7.0142856],"to":[9.2,1.4142857,9.414286],"rotation":{"angle":-22.5,"axis":"z","origin":[8.0,1.0714283,8.214286]},"faces":{"east":{"uv":[9.379,2.004,9.871,2.121],"rotation":0,"texture":"#0","tintindex":0},"south":{"uv":[2.129,9.379,2.621,9.496],"rotation":0,"texture":"#0","tintindex":0},"north":{"uv":[9.379,1.879,9.871,1.996],"rotation":0,"texture":"#0","tintindex":0},"west":{"uv":[9.379,2.129,9.871,2.246],"rotation":0,"texture":"#0","tintindex":0},"up":{"uv":[8.121,0.996,7.629,0.504],"rotation":0,"texture":"#0","tintindex":0},"down":{"uv":[2.746,7.629,2.254,8.121],"rotation":0,"texture":"#0","tintindex":0}}},{"from":[6.7714286,0.6999998,6.985714],"to":[9.228572,1.4428568,9.442858],"rotation":{"angle":22.5,"axis":"z","origin":[8.0,1.0714283,8.214286]},"faces":{"east":{"uv":[9.379,1.504,9.871,1.621],"rotation":0,"texture":"#0","tintindex":0},"south":{"uv":[9.379,1.629,9.871,1.746],"rotation":0,"texture":"#0","tintindex":0},"north":{"uv":[9.004,9.254,9.496,9.371],"rotation":0,"texture":"#0","tintindex":0},"west":{"uv":[9.379,1.754,9.871,1.871],"rotation":0,"texture":"#0","tintindex":0},"up":{"uv":[6.621,7.996,6.129,7.504],"rotation":0,"texture":"#0","tintindex":0},"down":{"uv":[7.996,7.254,7.504,7.746],"rotation":0,"texture":"#0","tintindex":0}}}],"display":{"head":{"translation":[0.0,-6.4,0.0],"scale":[4.0,4.0,4.0]}}}