{"textures":{"0":"modelengine:entity/em_bandit_b3"},"elements":[{"from":[6.857143,4.214286,7.0714283],"to":[9.142858,8.785714,9.357143],"rotation":{"angle":0.0,"axis":"y","origin":[8.0,6.785714,8.214286]},"faces":{"east":{"uv":[3.754,5.754,4.246,6.746],"rotation":0,"texture":"#0","tintindex":0},"south":{"uv":[4.254,5.754,4.746,6.746],"rotation":0,"texture":"#0","tintindex":0},"north":{"uv":[3.254,5.754,3.746,6.746],"rotation":0,"texture":"#0","tintindex":0},"west":{"uv":[4.754,5.754,5.246,6.746],"rotation":0,"texture":"#0","tintindex":0},"up":{"uv":[4.621,7.871,4.129,7.379],"rotation":0,"texture":"#0","tintindex":0},"down":{"uv":[5.121,7.379,4.629,7.871],"rotation":0,"texture":"#0","tintindex":0}}},{"from":[7.142857,-1.5,6.214286],"to":[8.857143,-0.3571434,9.071428],"rotation":{"angle":0.0,"axis":"y","origin":[6.857143,13.357143,7.928571]},"faces":{"east":{"uv":[8.629,0.504,9.246,0.746],"rotation":0,"texture":"#0","tintindex":0},"south":{"uv":[3.504,9.254,3.871,9.496],"rotation":0,"texture":"#0","tintindex":0},"north":{"uv":[9.254,3.254,9.621,3.496],"rotation":0,"texture":"#0","tintindex":0},"west":{"uv":[8.629,0.754,9.246,0.996],"rotation":0,"texture":"#0","tintindex":0},"up":{"uv":[3.371,8.746,3.004,8.129],"rotation":0,"texture":"#0","tintindex":0},"down":{"uv":[8.496,3.379,8.129,3.996],"rotation":0,"texture":"#0","tintindex":0}}},{"from":[7.1457143,2.3482294,8.019018],"to":[8.854286,4.056801,9.15616],"rotation":{"angle":22.5,"axis":"x","origin":[8.0,3.4882298,8.444733]},"faces":{"east":{"uv":[5.754,9.129,5.996,9.496],"rotation":0,"texture":"#0","tintindex":0},"south":{"uv":[8.879,4.629,9.246,4.996],"rotation":0,"texture":"#0","tintindex":0},"north":{"uv":[4.379,8.879,4.746,9.246],"rotation":0,"texture":"#0","tintindex":0},"west":{"uv":[1.129,9.254,1.371,9.621],"rotation":0,"texture":"#0","tintindex":0},"up":{"uv":[1.746,9.496,1.379,9.254],"rotation":0,"texture":"#0","tintindex":0},"down":{"uv":[2.121,9.254,1.754,9.496],"rotation":0,"texture":"#0","tintindex":0}}},{"from":[7.142857,3.642857,7.0714283],"to":[8.857143,4.214286,9.357143],"rotation":{"angle":0.0,"axis":"y","origin":[6.857143,15.071428,7.928571]},"faces":{"east":{"uv":[9.254,6.129,9.746,6.246],"rotation":0,"texture":"#0","tintindex":0},"south":{"uv":[7.754,1.504,8.121,1.621],"rotation":0,"texture":"#0","tintindex":0},"north":{"uv":[7.629,4.379,7.996,4.496],"rotation":0,"texture":"#0","tintindex":0},"west":{"uv":[9.254,6.254,9.746,6.371],"rotation":0,"texture":"#0","tintindex":0},"up":{"uv":[8.746,3.371,8.379,2.879],"rotation":0,"texture":"#0","tintindex":0},"down":{"uv":[3.996,8.379,3.629,8.871],"rotation":0,"texture":"#0","tintindex":0}}},{"from":[7.142857,1.9285712,7.0714283],"to":[8.857143,3.642857,8.785714],"rotation":{"angle":0.0,"axis":"y","origin":[6.857143,14.5,7.928571]},"faces":{"east":{"uv":[1.754,8.879,2.121,9.246],"rotation":0,"texture":"#0","tintindex":0},"south":{"uv":[8.879,3.379,9.246,3.746],"rotation":0,"texture":"#0","tintindex":0},"north":{"uv":[1.379,8.879,1.746,9.246],"rotation":0,"texture":"#0","tintindex":0},"west":{"uv":[3.629,8.879,3.996,9.246],"rotation":0,"texture":"#0","tintindex":0},"up":{"uv":[4.371,9.246,4.004,8.879],"rotation":0,"texture":"#0","tintindex":0},"down":{"uv":[9.246,4.254,8.879,4.621],"rotation":0,"texture":"#0","tintindex":0}}},{"from":[6.8,1.871428,7.0],"to":[9.2,2.5571427,9.4],"rotation":{"angle":0.0,"axis":"y","origin":[6.857143,13.357143,8.2]},"faces":{"east":{"uv":[9.254,5.754,9.746,5.871],"rotation":0,"texture":"#0","tintindex":0},"south":{"uv":[9.254,5.879,9.746,5.996],"rotation":0,"texture":"#0","tintindex":0},"north":{"uv":[9.254,5.629,9.746,5.746],"rotation":0,"texture":"#0","tintindex":0},"west":{"uv":[9.254,6.004,9.746,6.121],"rotation":0,"texture":"#0","tintindex":0},"up":{"uv":[7.871,5.621,7.379,5.129],"rotation":0,"texture":"#0","tintindex":0},"down":{"uv":[7.871,5.629,7.379,6.121],"rotation":0,"texture":"#0","tintindex":0}}},{"from":[7.142857,0.78571415,7.0714283],"to":[8.857143,1.9285712,9.357143],"rotation":{"angle":0.0,"axis":"y","origin":[6.857143,13.357143,7.928571]},"faces":{"east":{"uv":[2.504,9.129,2.996,9.371],"rotation":0,"texture":"#0","tintindex":0},"south":{"uv":[9.254,1.004,9.621,1.246],"rotation":0,"texture":"#0","tintindex":0},"north":{"uv":[9.254,0.754,9.621,0.996],"rotation":0,"texture":"#0","tintindex":0},"west":{"uv":[3.004,9.129,3.496,9.371],"rotation":0,"texture":"#0","tintindex":0},"up":{"uv":[2.246,8.871,1.879,8.379],"rotation":0,"texture":"#0","tintindex":0},"down":{"uv":[8.746,2.379,8.379,2.871],"rotation":0,"texture":"#0","tintindex":0}}},{"from":[6.8,0.72857094,7.0142856],"to":[9.2,1.4142857,9.414286],"rotation":{"angle":22.5,"axis":"z","origin":[8.0,1.0714283,8.214286]},"faces":{"east":{"uv":[9.254,6.504,9.746,6.621],"rotation":0,"texture":"#0","tintindex":0},"south":{"uv":[9.254,6.629,9.746,6.746],"rotation":0,"texture":"#0","tintindex":0},"north":{"uv":[9.254,6.379,9.746,6.496],"rotation":0,"texture":"#0","tintindex":0},"west":{"uv":[9.254,6.754,9.746,6.871],"rotation":0,"texture":"#0","tintindex":0},"up":{"uv":[7.871,6.621,7.379,6.129],"rotation":0,"texture":"#0","tintindex":0},"down":{"uv":[0.496,7.504,0.004,7.996],"rotation":0,"texture":"#0","tintindex":0}}},{"from":[6.7714286,0.6999998,6.985714],"to":[9.228572,1.4428568,9.442858],"rotation":{"angle":-22.5,"axis":"z","origin":[8.0,1.0714283,8.214286]},"faces":{"east":{"uv":[9.254,8.129,9.746,8.246],"rotation":0,"texture":"#0","tintindex":0},"south":{"uv":[9.254,8.254,9.746,8.371],"rotation":0,"texture":"#0","tintindex":0},"north":{"uv":[7.504,9.254,7.996,9.371],"rotation":0,"texture":"#0","tintindex":0},"west":{"uv":[9.254,8.379,9.746,8.496],"rotation":0,"texture":"#0","tintindex":0},"up":{"uv":[7.996,0.496,7.504,0.004],"rotation":0,"texture":"#0","tintindex":0},"down":{"uv":[7.996,4.504,7.504,4.996],"rotation":0,"texture":"#0","tintindex":0}}},{"from":[7.142857,-0.3571434,7.0714283],"to":[8.857143,0.78571415,8.785714],"rotation":{"angle":0.0,"axis":"y","origin":[6.857143,13.357143,7.928571]},"faces":{"east":{"uv":[0.379,9.254,0.746,9.496],"rotation":0,"texture":"#0","tintindex":0},"south":{"uv":[9.254,0.504,9.621,0.746],"rotation":0,"texture":"#0","tintindex":0},"north":{"uv":[9.254,0.004,9.621,0.246],"rotation":0,"texture":"#0","tintindex":0},"west":{"uv":[0.754,9.254,1.121,9.496],"rotation":0,"texture":"#0","tintindex":0},"up":{"uv":[0.871,9.246,0.504,8.879],"rotation":0,"texture":"#0","tintindex":0},"down":{"uv":[9.246,1.004,8.879,1.371],"rotation":0,"texture":"#0","tintindex":0}}}],"display":{"head":{"translation":[0.0,-6.4,0.0],"scale":[4.0,4.0,4.0]}}}