{"textures":{"0":"modelengine:entity/em_bandit_b3"},"elements":[{"from":[8.054866,0.25348663,3.9804182],"to":[9.197723,1.3963442,9.123276],"rotation":{"angle":0.0,"axis":"y","origin":[8.34058,0.8249154,6.2661324]},"faces":{"east":{"uv":[7.129,1.254,8.246,1.496],"rotation":0,"texture":"#0","tintindex":0},"south":{"uv":[5.504,9.254,5.746,9.496],"rotation":0,"texture":"#0","tintindex":0},"north":{"uv":[5.504,2.629,5.746,2.871],"rotation":0,"texture":"#0","tintindex":0},"west":{"uv":[7.254,7.004,8.371,7.246],"rotation":0,"texture":"#0","tintindex":0},"up":{"uv":[7.496,8.371,7.254,7.254],"rotation":0,"texture":"#0","tintindex":0},"down":{"uv":[1.246,7.379,1.004,8.496],"rotation":0,"texture":"#0","tintindex":0}}},{"from":[7.4834375,-0.31794167,-5.7338676],"to":[9.769152,1.9677725,2.2661319],"rotation":{"angle":0.0,"axis":"y","origin":[8.34058,0.8249154,-0.59101105]},"faces":{"east":{"uv":[4.004,2.879,5.746,3.371],"rotation":0,"texture":"#0","tintindex":0},"south":{"uv":[3.629,7.879,4.121,8.371],"rotation":0,"texture":"#0","tintindex":0},"north":{"uv":[7.879,2.879,8.371,3.371],"rotation":0,"texture":"#0","tintindex":0},"west":{"uv":[0.004,4.129,1.746,4.621],"rotation":0,"texture":"#0","tintindex":0},"up":{"uv":[2.246,5.871,1.754,4.129],"rotation":0,"texture":"#0","tintindex":0},"down":{"uv":[2.746,4.129,2.254,5.871],"rotation":0,"texture":"#0","tintindex":0}}},{"from":[8.626295,-2.6036558,-5.7338676],"to":[8.626295,4.253487,-1.7338676],"rotation":{"angle":0.0,"axis":"y","origin":[8.626295,0.8249154,-3.7338676]},"faces":{"east":{"uv":[0.004,0.004,0.871,1.496],"rotation":0,"texture":"#0","tintindex":0},"south":{"uv":[0.004,0.004,0.004,1.496],"rotation":0,"texture":"#0","tintindex":0},"north":{"uv":[0.004,0.004,0.004,1.496],"rotation":0,"texture":"#0","tintindex":0},"west":{"uv":[0.879,0.004,1.746,1.496],"rotation":0,"texture":"#0","tintindex":0},"up":{"uv":[0.004,0.871,0.004,0.004],"rotation":0,"texture":"#0","tintindex":0},"down":{"uv":[0.004,0.004,0.004,0.871],"rotation":0,"texture":"#0","tintindex":0}}},{"from":[5.1977234,0.8249154,-5.7338676],"to":[12.054867,0.8249154,-1.7338676],"rotation":{"angle":0.0,"axis":"y","origin":[8.626295,0.8249154,-3.7338676]},"faces":{"east":{"uv":[0.004,0.004,0.871,0.004],"rotation":0,"texture":"#0","tintindex":0},"south":{"uv":[0.004,0.004,1.496,0.004],"rotation":0,"texture":"#0","tintindex":0},"north":{"uv":[0.004,0.004,1.496,0.004],"rotation":0,"texture":"#0","tintindex":0},"west":{"uv":[0.004,0.004,0.871,0.004],"rotation":0,"texture":"#0","tintindex":0},"up":{"uv":[1.496,2.371,0.004,1.504],"rotation":0,"texture":"#0","tintindex":0},"down":{"uv":[2.996,1.504,1.504,2.371],"rotation":0,"texture":"#0","tintindex":0}}},{"from":[7.7691517,-0.032227516,2.2661319],"to":[9.483438,1.6820583,3.9804182],"rotation":{"angle":0.0,"axis":"y","origin":[8.34058,0.8249154,1.1232748]},"faces":{"east":{"uv":[8.879,6.129,9.246,6.496],"rotation":0,"texture":"#0","tintindex":0},"south":{"uv":[6.379,8.879,6.746,9.246],"rotation":0,"texture":"#0","tintindex":0},"north":{"uv":[8.879,5.754,9.246,6.121],"rotation":0,"texture":"#0","tintindex":0},"west":{"uv":[8.879,6.504,9.246,6.871],"rotation":0,"texture":"#0","tintindex":0},"up":{"uv":[7.871,9.246,7.504,8.879],"rotation":0,"texture":"#0","tintindex":0},"down":{"uv":[8.246,8.879,7.879,9.246],"rotation":0,"texture":"#0","tintindex":0}}},{"from":[7.7691517,-0.032227516,9.123276],"to":[9.483438,1.6820583,9.694704],"rotation":{"angle":0.0,"axis":"y","origin":[8.34058,0.8249154,8.5518465]},"faces":{"east":{"uv":[5.129,6.754,5.246,7.121],"rotation":0,"texture":"#0","tintindex":0},"south":{"uv":[8.879,5.379,9.246,5.746],"rotation":0,"texture":"#0","tintindex":0},"north":{"uv":[8.879,5.004,9.246,5.371],"rotation":0,"texture":"#0","tintindex":0},"west":{"uv":[3.254,7.629,3.371,7.996],"rotation":0,"texture":"#0","tintindex":0},"up":{"uv":[1.121,9.621,0.754,9.504],"rotation":0,"texture":"#0","tintindex":0},"down":{"uv":[9.871,4.379,9.504,4.496],"rotation":0,"texture":"#0","tintindex":0}}},{"from":[7.4685717,2.8077726,6.677561],"to":[9.788571,3.413487,8.997561],"rotation":{"angle":0.0,"axis":"y","origin":[11.485714,1.1106296,7.2661324]},"faces":{"east":{"uv":[9.379,6.879,9.871,6.996],"rotation":0,"texture":"#0","tintindex":0},"south":{"uv":[9.379,7.004,9.871,7.121],"rotation":0,"texture":"#0","tintindex":0},"north":{"uv":[6.629,9.379,7.121,9.496],"rotation":0,"texture":"#0","tintindex":0},"west":{"uv":[7.129,9.379,7.621,9.496],"rotation":0,"texture":"#0","tintindex":0},"up":{"uv":[2.246,8.371,1.754,7.879],"rotation":0,"texture":"#0","tintindex":0},"down":{"uv":[8.371,2.379,7.879,2.871],"rotation":0,"texture":"#0","tintindex":0}}},{"from":[7.4,1.5963445,6.6089897],"to":[9.857143,2.339201,9.066133],"rotation":{"angle":0.0,"axis":"y","origin":[11.485714,1.1106296,7.2661324]},"faces":{"east":{"uv":[2.879,9.379,3.371,9.496],"rotation":0,"texture":"#0","tintindex":0},"south":{"uv":[9.379,2.879,9.871,2.996],"rotation":0,"texture":"#0","tintindex":0},"north":{"uv":[9.379,2.754,9.871,2.871],"rotation":0,"texture":"#0","tintindex":0},"west":{"uv":[4.629,9.379,5.121,9.496],"rotation":0,"texture":"#0","tintindex":0},"up":{"uv":[7.996,8.246,7.504,7.754],"rotation":0,"texture":"#0","tintindex":0},"down":{"uv":[0.996,7.879,0.504,8.371],"rotation":0,"texture":"#0","tintindex":0}}},{"from":[7.489714,4.5432014,6.4129896],"to":[9.767428,8.535202,9.262133],"rotation":{"angle":0.0,"axis":"y","origin":[11.771429,5.11063,7.2661324]},"faces":{"east":{"uv":[1.129,4.629,1.746,5.496],"rotation":0,"texture":"#0","tintindex":0},"south":{"uv":[6.004,0.004,6.496,0.871],"rotation":0,"texture":"#0","tintindex":0},"north":{"uv":[0.004,6.004,0.496,6.871],"rotation":0,"texture":"#0","tintindex":0},"west":{"uv":[2.754,4.879,3.371,5.746],"rotation":0,"texture":"#0","tintindex":0},"up":{"uv":[3.621,7.371,3.129,6.754],"rotation":0,"texture":"#0","tintindex":0},"down":{"uv":[4.121,6.754,3.629,7.371],"rotation":0,"texture":"#0","tintindex":0}}},{"from":[7.4857144,4.5392013,6.4089894],"to":[9.771429,8.539202,9.266132],"rotation":{"angle":0.0,"axis":"y","origin":[8.6285715,6.5392017,7.837561]},"faces":{"east":{"uv":[0.004,5.129,0.621,5.996],"rotation":0,"texture":"#0","tintindex":0},"south":{"uv":[5.754,6.379,6.246,7.246],"rotation":0,"texture":"#0","tintindex":0},"north":{"uv":[6.379,5.129,6.871,5.996],"rotation":0,"texture":"#0","tintindex":0},"west":{"uv":[5.254,4.754,5.871,5.621],"rotation":0,"texture":"#0","tintindex":0},"up":{"uv":[7.371,6.996,6.879,6.379],"rotation":0,"texture":"#0","tintindex":0},"down":{"uv":[7.496,0.004,7.004,0.621],"rotation":0,"texture":"#0","tintindex":0}}},{"from":[8.62879,8.538673,6.4089894],"to":[9.771647,8.538673,9.266132],"rotation":{"angle":22.5,"axis":"z","origin":[8.62879,8.538673,7.551847]},"faces":{"east":{"uv":[0.004,0.004,0.621,0.004],"rotation":0,"texture":"#0","tintindex":0},"south":{"uv":[0.004,0.004,0.246,0.004],"rotation":0,"texture":"#0","tintindex":0},"north":{"uv":[0.004,0.004,0.246,0.004],"rotation":0,"texture":"#0","tintindex":0},"west":{"uv":[0.004,0.004,0.621,0.004],"rotation":0,"texture":"#0","tintindex":0},"up":{"uv":[8.871,1.621,8.629,1.004],"rotation":0,"texture":"#0","tintindex":0},"down":{"uv":[8.871,8.129,8.629,8.746],"rotation":0,"texture":"#0","tintindex":0}}},{"from":[7.428571,-0.08937073,6.637561],"to":[9.828571,1.7392015,9.037561],"rotation":{"angle":0.0,"axis":"y","origin":[11.2,-1.7465124,7.2661324]},"faces":{"east":{"uv":[8.379,4.879,8.871,5.246],"rotation":0,"texture":"#0","tintindex":0},"south":{"uv":[5.254,8.379,5.746,8.746],"rotation":0,"texture":"#0","tintindex":0},"north":{"uv":[4.754,8.379,5.246,8.746],"rotation":0,"texture":"#0","tintindex":0},"west":{"uv":[8.379,5.254,8.871,5.621],"rotation":0,"texture":"#0","tintindex":0},"up":{"uv":[8.121,4.371,7.629,3.879],"rotation":0,"texture":"#0","tintindex":0},"down":{"uv":[7.121,7.629,6.629,8.121],"rotation":0,"texture":"#0","tintindex":0}}},{"from":[7.4857144,1.6820583,6.694704],"to":[9.771429,4.5392013,8.980418],