{"textures":{"0":"modelengine:entity/em_bandit_b3"},"elements":[{"from":[8.069152,0.25348663,4.5518465],"to":[9.212009,1.3963442,9.694704],"rotation":{"angle":0.0,"axis":"y","origin":[8.926294,0.8249154,6.837561]},"faces":{"east":{"uv":[7.379,2.129,8.496,2.371],"rotation":0,"texture":"#0","tintindex":0},"south":{"uv":[6.004,9.379,6.246,9.621],"rotation":0,"texture":"#0","tintindex":0},"north":{"uv":[5.129,9.379,5.371,9.621],"rotation":0,"texture":"#0","tintindex":0},"west":{"uv":[2.254,7.379,3.371,7.621],"rotation":0,"texture":"#0","tintindex":0},"up":{"uv":[1.496,8.496,1.254,7.379],"rotation":0,"texture":"#0","tintindex":0},"down":{"uv":[3.621,7.379,3.379,8.496],"rotation":0,"texture":"#0","tintindex":0}}},{"from":[8.069152,0.25348663,-2.305296],"to":[9.212009,1.3963442,4.5518465],"rotation":{"angle":0.0,"axis":"y","origin":[8.926294,0.8249154,1.6947036]},"faces":{"east":{"uv":[6.629,1.629,8.121,1.871],"rotation":0,"texture":"#0","tintindex":0},"south":{"uv":[9.379,8.754,9.621,8.996],"rotation":0,"texture":"#0","tintindex":0},"north":{"uv":[7.629,9.379,7.871,9.621],"rotation":0,"texture":"#0","tintindex":0},"west":{"uv":[6.629,1.879,8.121,2.121],"rotation":0,"texture":"#0","tintindex":0},"up":{"uv":[2.621,7.371,2.379,5.879],"rotation":0,"texture":"#0","tintindex":0},"down":{"uv":[1.746,6.504,1.504,7.996],"rotation":0,"texture":"#0","tintindex":0}}},{"from":[7.7834377,-0.032227516,-4.019582],"to":[9.497724,1.6820583,-2.305296],"rotation":{"angle":0.0,"axis":"y","origin":[8.926294,0.8249154,-5.1624393]},"faces":{"east":{"uv":[9.004,1.504,9.371,1.871],"rotation":0,"texture":"#0","tintindex":0},"south":{"uv":[9.004,1.879,9.371,2.246],"rotation":0,"texture":"#0","tintindex":0},"north":{"uv":[8.879,8.129,9.246,8.496],"rotation":0,"texture":"#0","tintindex":0},"west":{"uv":[9.004,2.254,9.371,2.621],"rotation":0,"texture":"#0","tintindex":0},"up":{"uv":[9.371,2.996,9.004,2.629],"rotation":0,"texture":"#0","tintindex":0},"down":{"uv":[6.371,9.004,6.004,9.371],"rotation":0,"texture":"#0","tintindex":0}}},{"from":[7.7834377,-0.032227516,-6.876725],"to":[9.497724,1.6820583,-4.019582],"rotation":{"angle":0.0,"axis":"y","origin":[8.926294,0.8249154,-6.876725]},"faces":{"east":{"uv":[8.129,4.004,8.746,4.371],"rotation":0,"texture":"#0","tintindex":0},"south":{"uv":[9.004,7.254,9.371,7.621],"rotation":0,"texture":"#0","tintindex":0},"north":{"uv":[9.004,6.879,9.371,7.246],"rotation":0,"texture":"#0","tintindex":0},"west":{"uv":[6.629,8.129,7.246,8.496],"rotation":0,"texture":"#0","tintindex":0},"up":{"uv":[7.871,8.871,7.504,8.254],"rotation":0,"texture":"#0","tintindex":0},"down":{"uv":[8.246,8.254,7.879,8.871],"rotation":0,"texture":"#0","tintindex":0}}},{"from":[7.2114377,0.53862953,-6.305867],"to":[10.069723,1.1112013,-4.0190105],"rotation":{"angle":0.0,"axis":"y","origin":[9.497724,0.8249154,-6.876725]},"faces":{"east":{"uv":[9.379,9.004,9.871,9.121],"rotation":0,"texture":"#0","tintindex":0},"south":{"uv":[9.254,0.254,9.871,0.371],"rotation":0,"texture":"#0","tintindex":0},"north":{"uv":[7.129,1.504,7.746,1.621],"rotation":0,"texture":"#0","tintindex":0},"west":{"uv":[9.379,9.129,9.871,9.246],"rotation":0,"texture":"#0","tintindex":0},"up":{"uv":[3.871,1.496,3.254,1.004],"rotation":0,"texture":"#0","tintindex":0},"down":{"uv":[7.621,4.004,7.004,4.496],"rotation":0,"texture":"#0","tintindex":0}}},{"from":[8.069152,1.6820583,-5.4481535],"to":[9.212009,3.3963442,-4.305296],"rotation":{"angle":0.0,"axis":"y","origin":[8.926294,2.5392013,-6.876725]},"faces":{"east":{"uv":[4.379,9.254,4.621,9.621],"rotation":0,"texture":"#0","tintindex":0},"south":{"uv":[9.254,4.629,9.496,4.996],"rotation":0,"texture":"#0","tintindex":0},"north":{"uv":[9.254,4.254,9.496,4.621],"rotation":0,"texture":"#0","tintindex":0},"west":{"uv":[9.254,5.004,9.496,5.371],"rotation":0,"texture":"#0","tintindex":0},"up":{"uv":[9.496,9.621,9.254,9.379],"rotation":0,"texture":"#0","tintindex":0},"down":{"uv":[0.246,9.504,0.004,9.746],"rotation":0,"texture":"#0","tintindex":0}}},{"from":[8.354866,3.3963442,-5.1624393],"to":[8.926294,3.9677725,-4.59101],"rotation":{"angle":0.0,"axis":"y","origin":[8.926294,5.396344,-6.876725]},"faces":{"east":{"uv":[7.129,7.629,7.246,7.746],"rotation":0,"texture":"#0","tintindex":0},"south":{"uv":[7.129,7.754,7.246,7.871],"rotation":0,"texture":"#0","tintindex":0},"north":{"uv":[6.629,7.504,6.746,7.621],"rotation":0,"texture":"#0","tintindex":0},"west":{"uv":[7.129,7.879,7.246,7.996],"rotation":0,"texture":"#0","tintindex":0},"up":{"uv":[3.371,8.121,3.254,8.004],"rotation":0,"texture":"#0","tintindex":0},"down":{"uv":[7.246,8.004,7.129,8.121],"rotation":0,"texture":"#0","tintindex":0}}},{"from":[7.7834377,-2.3179417,-5.7338676],"to":[9.497724,-0.032227516,-4.019582],"rotation":{"angle":0.0,"axis":"y","origin":[8.926294,-1.4607983,-6.876725]},"faces":{"east":{"uv":[8.504,3.379,8.871,3.871],"rotation":0,"texture":"#0","tintindex":0},"south":{"uv":[8.504,4.379,8.871,4.871],"rotation":0,"texture":"#0","tintindex":0},"north":{"uv":[8.504,0.004,8.871,0.496],"rotation":0,"texture":"#0","tintindex":0},"west":{"uv":[6.004,8.504,6.371,8.996],"rotation":0,"texture":"#0","tintindex":0},"up":{"uv":[9.371,8.871,9.004,8.504],"rotation":0,"texture":"#0","tintindex":0},"down":{"uv":[9.371,8.879,9.004,9.246],"rotation":0,"texture":"#0","tintindex":0}}},{"from":[7.4685717,2.8077726,6.677561],"to":[9.788571,3.413487,8.997561],"rotation":{"angle":0.0,"axis":"y","origin":[11.485714,1.1106296,7.2661324]},"faces":{"east":{"uv":[1.379,9.504,1.871,9.621],"rotation":0,"texture":"#0","tintindex":0},"south":{"uv":[1.879,9.504,2.371,9.621],"rotation":0,"texture":"#0","tintindex":0},"north":{"uv":[0.254,9.504,0.746,9.621],"rotation":0,"texture":"#0","tintindex":0},"west":{"uv":[2.879,9.504,3.371,9.621],"rotation":0,"texture":"#0","tintindex":0},"up":{"uv":[0.496,8.496,0.004,8.004],"rotation":0,"texture":"#0","tintindex":0},"down":{"uv":[8.496,0.004,8.004,0.496],"rotation":0,"texture":"#0","tintindex":0}}},{"from":[7.4,1.5963445,6.6089897],"to":[9.857143,2.339201,9.066133],"rotation":{"angle":0.0,"axis":"y","origin":[11.485714,1.1106296,7.2661324]},"faces":{"east":{"uv":[9.504,4.004,9.996,4.121],"rotation":0,"texture":"#0","tintindex":0},"south":{"uv":[9.504,4.129,9.996,4.246],"rotation":0,"texture":"#0","tintindex":0},"north":{"uv":[3.379,9.504,3.871,9.621],"rotation":0,"texture":"#0","tintindex":0},"west":{"uv":[9.504,4.254,9.996,4.371],"rotation":0,"texture":"#0","tintindex":0},"up":{"uv":[8.496,4.871,8.004,4.379],"rotation":0,"texture":"#0","tintindex":0},"down":{"uv":[6.621,8.004,6.129,8.496],"rotation":0,"texture":"#0","tintindex":0}}},{"from":[7.489714,4.5432014,6.4129896],"to":[9.767428,8.535202,9.262133],"rotation":{"angle":0.0,"axis":"y","origin":[11.771429,5.11063,7.2661324]},"faces":{"east":{"uv":[5.379,0.004,5.996,0.871],"rotation":0,"texture":"#0","tintindex":0},"south":{"uv":[6.504,0.004,6.996,0.871],"rotation":0,"texture":"#0","tintindex":0},"north":{"uv":[6.379,6.004,6.871,6.871],"rotation":0,"texture":"#0","tintindex":0},"west":{"uv":[0.629,5.504,1.246,6.371],"rotation":0,"texture":"#0","tintindex":0},"up":{"uv":[7.496,5.121,7.004,4.504],"rotation":0,"texture":"#0","tintindex":0},"down":{"uv":[7.246,7.004,6.754,7.621],"rotation":0,"texture":"#0","tintindex":0}}},{"from":[7.4857144,4.5392013,6.4089894],"to":[9.771429,8.539202,9.266132],"rotation":{"angle":0.0,"axis":"y","origin":[8.6285715,6.5392017,7.837561]},"faces":{"east":{"uv":[5.504,0.879,6.121,1.746],"rotation":0,"texture":"#0","tintindex":0},"south":{"uv":[6.504,4.254,6.996,5.121],"rotation":0,"texture":"#0","tintindex":0},"north":{"uv":[1.004,6.504,1.496,7.371],"rotation":0,"texture":"#0","tintindex":0},"west":{"uv":[5.504,1.754,6.121,2.621],"rotation":0,"texture":"#0","tintindex":0},"up":{"uv":[7.621,1.246,7.129,0.629],"rotation":0,"texture":"#0","tintindex":0},"down":{"uv":[7.621,3.379,7.129,3.996],"rotation":0,"texture":"#0","tintindex":0}}},{"from":[8.62879,8.538673,6.4089894],"to":[9.771647,8.538673,9.266132],