{"textures":{"0":"modelengine:entity/minotaur"},"elements":[{"from":[5.285714,-2.7039814,14.831829],"to":[5.285714,4.4960194,21.4604],"rotation":{"angle":0.0,"axis":"y","origin":[5.9387617,3.4759078,12.9054]},"faces":{"east":{"uv":[3.75,13.5,4.46875,14.6875],"rotation":0,"texture":"#0","tintindex":0},"south":{"uv":[5.0625,12.8125,5.0625,13.34375],"rotation":0,"texture":"#0","tintindex":0},"north":{"uv":[4.5,12.8125,4.5,13.34375],"rotation":0,"texture":"#0","tintindex":0},"west":{"uv":[6.0,13.5,6.71875,14.6875],"rotation":0,"texture":"#0","tintindex":0},"up":{"uv":[5.125,13.28125,5.125,12.8125],"rotation":0,"texture":"#0","tintindex":0},"down":{"uv":[5.1875,12.8125,5.1875,13.28125],"rotation":0,"texture":"#0","tintindex":0}}},{"from":[5.093714,9.083428,8.656],"to":[8.140572,10.310858,13.870857],"rotation":{"angle":0.0,"axis":"y","origin":[5.9387617,3.4759078,12.9054]},"faces":{"east":{"uv":[5.9375,2.25,6.5,2.375],"rotation":0,"texture":"#0","tintindex":0},"south":{"uv":[12.375,10.6875,12.71875,10.8125],"rotation":0,"texture":"#0","tintindex":0},"north":{"uv":[12.375,7.0,12.71875,7.125],"rotation":0,"texture":"#0","tintindex":0},"west":{"uv":[12.0625,7.1875,12.625,7.3125],"rotation":0,"texture":"#0","tintindex":0},"up":{"uv":[3.21875,7.0625,2.875,6.5],"rotation":0,"texture":"#0","tintindex":0},"down":{"uv":[5.96875,11.1875,5.625,11.75],"rotation":0,"texture":"#0","tintindex":0}}},{"from":[3.1394286,3.4811425,9.113143],"to":[8.2205715,8.569143,14.270857],"rotation":{"angle":0.0,"axis":"y","origin":[5.9387617,3.4759078,12.9054]},"faces":{"east":{"uv":[10.0625,1.875,10.625,2.3125],"rotation":0,"texture":"#0","tintindex":0},"south":{"uv":[10.0625,1.875,10.625,2.3125],"rotation":0,"texture":"#0","tintindex":0},"north":{"uv":[10.0625,1.875,10.625,2.3125],"rotation":0,"texture":"#0","tintindex":0},"west":{"uv":[10.0625,1.875,10.625,2.3125],"rotation":0,"texture":"#0","tintindex":0},"up":{"uv":[10.0625,1.875,10.625,2.3125],"rotation":0,"texture":"#0","tintindex":0},"down":{"uv":[10.0625,1.875,10.625,2.3125],"rotation":0,"texture":"#0","tintindex":0}}},{"from":[2.3577142,1.592,9.177143],"to":[8.285714,7.7222857,15.238857],"rotation":{"angle":0.0,"axis":"y","origin":[5.9387617,3.4759078,12.9054]},"faces":{"east":{"uv":[0.0,8.875,0.625,9.4375],"rotation":0,"texture":"#0","tintindex":0},"south":{"uv":[0.0,8.875,0.625,9.4375],"rotation":0,"texture":"#0","tintindex":0},"north":{"uv":[0.0,8.875,0.625,9.4375],"rotation":0,"texture":"#0","tintindex":0},"west":{"uv":[0.0,8.875,0.625,9.4375],"rotation":0,"texture":"#0","tintindex":0},"up":{"uv":[0.0,8.875,0.625,9.4375],"rotation":0,"texture":"#0","tintindex":0},"down":{"uv":[0.0,8.875,0.625,9.4375],"rotation":0,"texture":"#0","tintindex":0}}},{"from":[5.224,-2.3165722,7.9954286],"to":[8.937143,2.1131425,15.834286],"rotation":{"angle":0.0,"axis":"y","origin":[5.9387617,3.4759078,12.9054]},"faces":{"east":{"uv":[11.3125,4.5625,11.71875,5.0625],"rotation":0,"texture":"#0","tintindex":0},"south":{"uv":[11.3125,4.5625,11.71875,5.0625],"rotation":0,"texture":"#0","tintindex":0},"north":{"uv":[11.3125,4.5625,11.71875,5.0625],"rotation":0,"texture":"#0","tintindex":0},"west":{"uv":[11.3125,4.5625,11.71875,5.0625],"rotation":0,"texture":"#0","tintindex":0},"up":{"uv":[11.3125,4.5625,11.71875,5.0625],"rotation":0,"texture":"#0","tintindex":0},"down":{"uv":[11.3125,4.5625,11.71875,5.0625],"rotation":0,"texture":"#0","tintindex":0}}},{"from":[3.2697144,-2.228572,9.177143],"to":[8.025143,1.592,15.238857],"rotation":{"angle":0.0,"axis":"y","origin":[5.9387617,3.4759078,12.9054]},"faces":{"east":{"uv":[9.9375,11.0,10.46875,11.40625],"rotation":0,"texture":"#0","tintindex":0},"south":{"uv":[9.9375,11.0,10.46875,11.40625],"rotation":0,"texture":"#0","tintindex":0},"north":{"uv":[9.9375,11.0,10.46875,11.40625],"rotation":0,"texture":"#0","tintindex":0},"west":{"uv":[9.9375,11.0,10.46875,11.40625],"rotation":0,"texture":"#0","tintindex":0},"up":{"uv":[9.9375,11.0,10.46875,11.40625],"rotation":0,"texture":"#0","tintindex":0},"down":{"uv":[9.9375,11.0,10.46875,11.40625],"rotation":0,"texture":"#0","tintindex":0}}}],"display":{"head":{"translation":[0.0,-6.4,0.0],"scale":[4.0,4.0,4.0]}}}