{"textures":{"0":"modelengine:entity/minotaur"},"elements":[{"from":[6.3142858,7.457143,6.428571],"to":[9.685715,8.542857,7.285714],"rotation":{"angle":-22.5,"axis":"x","origin":[8.0,8.0,6.857143]},"faces":{"east":{"uv":[8.875,12.625,8.96875,12.90625],"rotation":0,"texture":"#0","tintindex":0},"south":{"uv":[7.3125,11.75,7.6875,12.03125],"rotation":0,"texture":"#0","tintindex":0},"north":{"uv":[7.0625,13.125,7.43125,13.24375],"rotation":0,"texture":"#0","tintindex":0},"west":{"uv":[10.6875,12.625,10.78125,12.90625],"rotation":0,"texture":"#0","tintindex":0},"up":{"uv":[8.3125,12.59375,7.9375,12.5],"rotation":0,"texture":"#0","tintindex":0},"down":{"uv":[12.875,8.25,12.5,8.34375],"rotation":0,"texture":"#0","tintindex":0}}}],"display":{"head":{"translation":[0.0,-6.4,0.0],"scale":[4.0,4.0,4.0]}}}