{"textures":{"0":"modelengine:entity/minotaur"},"elements":[{"from":[6.2193027,6.95883,6.4112763],"to":[8.619303,9.015973,9.211276],"rotation":{"angle":0.0,"axis":"y","origin":[6.7990446,11.257083,7.824636]},"faces":{"east":{"uv":[14.1875,6.875,14.45,7.18125],"rotation":0,"texture":"#0","tintindex":0},"south":{"uv":[14.1875,6.875,14.45,7.18125],"rotation":0,"texture":"#0","tintindex":0},"north":{"uv":[14.1875,6.875,14.45,7.18125],"rotation":0,"texture":"#0","tintindex":0},"west":{"uv":[14.1875,6.875,14.45,7.18125],"rotation":0,"texture":"#0","tintindex":0},"up":{"uv":[14.1875,6.875,14.45,7.18125],"rotation":0,"texture":"#0","tintindex":0},"down":{"uv":[14.1875,6.875,14.45,7.18125],"rotation":0,"texture":"#0","tintindex":0}}},{"from":[7.6478744,6.7302585,6.125562],"to":[8.905017,9.244544,10.011276],"rotation":{"angle":0.0,"axis":"y","origin":[6.7990446,11.257083,7.824636]},"faces":{"east":{"uv":[14.1875,6.875,14.325,7.3],"rotation":0,"texture":"#0","tintindex":0},"south":{"uv":[14.1875,6.875,14.325,7.3],"rotation":0,"texture":"#0","tintindex":0},"north":{"uv":[14.1875,6.875,14.325,7.3],"rotation":0,"texture":"#0","tintindex":0},"west":{"uv":[14.1875,6.875,14.325,7.3],"rotation":0,"texture":"#0","tintindex":0},"up":{"uv":[14.1875,6.875,14.325,7.3],"rotation":0,"texture":"#0","tintindex":0},"down":{"uv":[14.1875,6.875,14.325,7.3],"rotation":0,"texture":"#0","tintindex":0}}},{"from":[7.0284286,7.8078194,6.525562],"to":[9.428429,9.750677,8.982705],"rotation":{"angle":-45.0,"axis":"z","origin":[6.7990446,11.257083,7.824636]},"faces":{"east":{"uv":[14.1875,6.875,14.45,7.14375],"rotation":0,"texture":"#0","tintindex":0},"south":{"uv":[14.1875,6.875,14.45,7.14375],"rotation":0,"texture":"#0","tintindex":0},"north":{"uv":[14.1875,6.875,14.45,7.14375],"rotation":0,"texture":"#0","tintindex":0},"west":{"uv":[14.1875,6.875,14.45,7.14375],"rotation":0,"texture":"#0","tintindex":0},"up":{"uv":[14.1875,6.875,14.45,7.14375],"rotation":0,"texture":"#0","tintindex":0},"down":{"uv":[14.1875,6.875,14.45,7.14375],"rotation":0,"texture":"#0","tintindex":0}}},{"from":[4.5449305,8.655886,6.6969905],"to":[6.202073,11.398744,8.811276],"rotation":{"angle":0.0,"axis":"y","origin":[6.7990446,11.257083,7.824636]},"faces":{"east":{"uv":[14.1875,6.875,14.36875,7.10625],"rotation":0,"texture":"#0","tintindex":0},"south":{"uv":[14.1875,6.875,14.36875,7.10625],"rotation":0,"texture":"#0","tintindex":0},"north":{"uv":[14.1875,6.875,14.36875,7.10625],"rotation":0,"texture":"#0","tintindex":0},"west":{"uv":[14.1875,6.875,14.36875,7.10625],"rotation":0,"texture":"#0","tintindex":0},"up":{"uv":[14.1875,6.875,14.36875,7.10625],"rotation":0,"texture":"#0","tintindex":0},"down":{"uv":[14.1875,6.875,14.36875,7.10625],"rotation":0,"texture":"#0","tintindex":0}}},{"from":[4.716443,10.5014715,6.916567],"to":[6.2593007,12.501472,8.687996],"rotation":{"angle":-22.5,"axis":"z","origin":[6.7990446,11.257083,7.824636]},"faces":{"east":{"uv":[14.1875,6.875,14.35625,7.06875],"rotation":0,"texture":"#0","tintindex":0},"south":{"uv":[14.1875,6.875,14.35625,7.06875],"rotation":0,"texture":"#0","tintindex":0},"north":{"uv":[14.1875,6.875,14.35625,7.06875],"rotation":0,"texture":"#0","tintindex":0},"west":{"uv":[14.1875,6.875,14.35625,7.06875],"rotation":0,"texture":"#0","tintindex":0},"up":{"uv":[14.1875,6.875,14.35625,7.06875],"rotation":0,"texture":"#0","tintindex":0},"down":{"uv":[14.1875,6.875,14.35625,7.06875],"rotation":0,"texture":"#0","tintindex":0}}},{"from":[4.5287886,11.486007,7.030853],"to":[5.843074,13.486007,8.5737095],"rotation":{"angle":-45.0,"axis":"z","origin":[6.7990446,11.257083,7.824636]},"faces":{"east":{"uv":[14.1875,6.875,14.33125,7.04375],"rotation":0,"texture":"#0","tintindex":0},"south":{"uv":[14.1875,6.875,14.33125,7.04375],"rotation":0,"texture":"#0","tintindex":0},"north":{"uv":[14.1875,6.875,14.33125,7.04375],"rotation":0,"texture":"#0","tintindex":0},"west":{"uv":[14.1875,6.875,14.33125,7.04375],"rotation":0,"texture":"#0","tintindex":0},"up":{"uv":[14.1875,6.875,14.33125,7.04375],"rotation":0,"texture":"#0","tintindex":0},"down":{"uv":[14.1875,6.875,14.33125,7.04375],"rotation":0,"texture":"#0","tintindex":0}}},{"from":[5.5116725,13.682174,7.1451383],"to":[6.711673,15.282174,8.459424],"rotation":{"angle":-22.5,"axis":"z","origin":[6.7990446,11.257083,7.824636]},"faces":{"east":{"uv":[14.1875,6.875,14.31875,7.01875],"rotation":0,"texture":"#0","tintindex":0},"south":{"uv":[14.1875,6.875,14.31875,7.01875],"rotation":0,"texture":"#0","tintindex":0},"north":{"uv":[14.1875,6.875,14.31875,7.01875],"rotation":0,"texture":"#0","tintindex":0},"west":{"uv":[14.1875,6.875,14.31875,7.01875],"rotation":0,"texture":"#0","tintindex":0},"up":{"uv":[14.1875,6.875,14.31875,7.01875],"rotation":0,"texture":"#0","tintindex":0},"down":{"uv":[14.1875,6.875,14.31875,7.01875],"rotation":0,"texture":"#0","tintindex":0}}},{"from":[7.115802,15.009218,7.202281],"to":[8.201516,16.609219,8.402281],"rotation":{"angle":0.0,"axis":"y","origin":[6.7990446,11.257083,7.824636]},"faces":{"east":{"uv":[14.1875,6.875,14.30625,7.00625],"rotation":0,"texture":"#0","tintindex":0},"south":{"uv":[14.1875,6.875,14.30625,7.00625],"rotation":0,"texture":"#0","tintindex":0},"north":{"uv":[14.1875,6.875,14.30625,7.00625],"rotation":0,"texture":"#0","tintindex":0},"west":{"uv":[14.1875,6.875,14.30625,7.00625],"rotation":0,"texture":"#0","tintindex":0},"up":{"uv":[14.1875,6.875,14.30625,7.00625],"rotation":0,"texture":"#0","tintindex":0},"down":{"uv":[14.1875,6.875,14.30625,7.00625],"rotation":0,"texture":"#0","tintindex":0}}}],"display":{"head":{"translation":[0.0,-6.4,0.0],"scale":[4.0,4.0,4.0]}}}