{"textures":{"0":"modelengine:entity/minotaur"},"elements":[{"from":[10.225549,7.1553283,8.7521305],"to":[13.196978,9.783899,10.980701],"rotation":{"angle":0.0,"axis":"y","origin":[14.41423,11.314286,8.492077]},"faces":{"east":{"uv":[14.1875,6.875,14.5125,7.1625],"rotation":0,"texture":"#0","tintindex":0},"south":{"uv":[14.1875,6.875,14.5125,7.1625],"rotation":0,"texture":"#0","tintindex":0},"north":{"uv":[14.1875,6.875,14.5125,7.1625],"rotation":0,"texture":"#0","tintindex":0},"west":{"uv":[14.1875,6.875,14.5125,7.1625],"rotation":0,"texture":"#0","tintindex":0},"up":{"uv":[14.1875,6.875,14.5125,7.1625],"rotation":0,"texture":"#0","tintindex":0},"down":{"uv":[14.1875,6.875,14.5125,7.1625],"rotation":0,"texture":"#0","tintindex":0}}},{"from":[10.511263,6.9838996,8.637844],"to":[12.9112625,10.012471,11.666416],"rotation":{"angle":0.0,"axis":"y","origin":[14.41423,11.314286,8.492077]},"faces":{"east":{"uv":[14.1875,6.875,14.45,7.20625],"rotation":0,"texture":"#0","tintindex":0},"south":{"uv":[14.1875,6.875,14.45,7.20625],"rotation":0,"texture":"#0","tintindex":0},"north":{"uv":[14.1875,6.875,14.45,7.20625],"rotation":0,"texture":"#0","tintindex":0},"west":{"uv":[14.1875,6.875,14.45,7.20625],"rotation":0,"texture":"#0","tintindex":0},"up":{"uv":[14.1875,6.875,14.45,7.20625],"rotation":0,"texture":"#0","tintindex":0},"down":{"uv":[14.1875,6.875,14.45,7.20625],"rotation":0,"texture":"#0","tintindex":0}}},{"from":[12.168406,7.4410424,8.866416],"to":[14.568406,9.498185,11.437844],"rotation":{"angle":0.0,"axis":"y","origin":[14.41423,11.314286,8.492077]},"faces":{"east":{"uv":[14.1875,6.875,14.45,7.1],"rotation":0,"texture":"#0","tintindex":0},"south":{"uv":[14.1875,6.875,14.45,7.1],"rotation":0,"texture":"#0","tintindex":0},"north":{"uv":[14.1875,6.875,14.45,7.1],"rotation":0,"texture":"#0","tintindex":0},"west":{"uv":[14.1875,6.875,14.45,7.1],"rotation":0,"texture":"#0","tintindex":0},"up":{"uv":[14.1875,6.875,14.45,7.1],"rotation":0,"texture":"#0","tintindex":0},"down":{"uv":[14.1875,6.875,14.45,7.1],"rotation":0,"texture":"#0","tintindex":0}}},{"from":[11.784452,8.466471,8.923559],"to":[14.184452,10.409328,11.266417],"rotation":{"angle":45.0,"axis":"z","origin":[14.41423,11.314286,8.492077]},"faces":{"east":{"uv":[14.1875,6.875,14.45,7.0875],"rotation":0,"texture":"#0","tintindex":0},"south":{"uv":[14.1875,6.875,14.45,7.0875],"rotation":0,"texture":"#0","tintindex":0},"north":{"uv":[14.1875,6.875,14.45,7.0875],"rotation":0,"texture":"#0","tintindex":0},"west":{"uv":[14.1875,6.875,14.45,7.0875],"rotation":0,"texture":"#0","tintindex":0},"up":{"uv":[14.1875,6.875,14.45,7.0875],"rotation":0,"texture":"#0","tintindex":0},"down":{"uv":[14.1875,6.875,14.45,7.0875],"rotation":0,"texture":"#0","tintindex":0}}},{"from":[14.608319,9.138099,9.037845],"to":[16.265463,11.880956,11.15213],"rotation":{"angle":0.0,"axis":"y","origin":[14.41423,11.314286,8.492077]},"faces":{"east":{"uv":[14.1875,6.875,14.36875,7.175],"rotation":0,"texture":"#0","tintindex":0},"south":{"uv":[14.1875,6.875,14.36875,7.175],"rotation":0,"texture":"#0","tintindex":0},"north":{"uv":[14.1875,6.875,14.36875,7.175],"rotation":0,"texture":"#0","tintindex":0},"west":{"uv":[14.1875,6.875,14.36875,7.175],"rotation":0,"texture":"#0","tintindex":0},"up":{"uv":[14.1875,6.875,14.36875,7.175],"rotation":0,"texture":"#0","tintindex":0},"down":{"uv":[14.1875,6.875,14.36875,7.175],"rotation":0,"texture":"#0","tintindex":0}}},{"from":[14.6654625,10.767666,9.257484],"to":[16.20832,12.996237,11.028913],"rotation":{"angle":-22.5,"axis":"x","origin":[14.41423,11.314286,8.492077]},"faces":{"east":{"uv":[14.1875,6.875,14.35625,7.11875],"rotation":0,"texture":"#0","tintindex":0},"south":{"uv":[14.1875,6.875,14.35625,7.11875],"rotation":0,"texture":"#0","tintindex":0},"north":{"uv":[14.1875,6.875,14.35625,7.11875],"rotation":0,"texture":"#0","tintindex":0},"west":{"uv":[14.1875,6.875,14.35625,7.11875],"rotation":0,"texture":"#0","tintindex":0},"up":{"uv":[14.1875,6.875,14.35625,7.11875],"rotation":0,"texture":"#0","tintindex":0},"down":{"uv":[14.1875,6.875,14.35625,7.11875],"rotation":0,"texture":"#0","tintindex":0}}},{"from":[14.779748,11.855047,9.647422],"to":[16.094034,14.197905,11.304565],"rotation":{"angle":-45.0,"axis":"x","origin":[14.41423,11.314286,8.492077]},"faces":{"east":{"uv":[14.1875,6.875,14.33125,7.13125],"rotation":0,"texture":"#0","tintindex":0},"south":{"uv":[14.1875,6.875,14.33125,7.13125],"rotation":0,"texture":"#0","tintindex":0},"north":{"uv":[14.1875,6.875,14.33125,7.13125],"rotation":0,"texture":"#0","tintindex":0},"west":{"uv":[14.1875,6.875,14.33125,7.13125],"rotation":0,"texture":"#0","tintindex":0},"up":{"uv":[14.1875,6.875,14.33125,7.13125],"rotation":0,"texture":"#0","tintindex":0},"down":{"uv":[14.1875,6.875,14.33125,7.13125],"rotation":0,"texture":"#0","tintindex":0}}},{"from":[14.836891,14.084898,5.8703513],"to":[16.036892,15.284899,8.44178],"rotation":{"angle":0.0,"axis":"y","origin":[14.41423,11.314286,8.492077]},"faces":{"east":{"uv":[14.1875,6.875,14.31875,7.00625],"rotation":0,"texture":"#0","tintindex":0},"south":{"uv":[14.1875,6.875,14.31875,7.00625],"rotation":0,"texture":"#0","tintindex":0},"north":{"uv":[14.1875,6.875,14.31875,7.00625],"rotation":0,"texture":"#0","tintindex":0},"west":{"uv":[14.1875,6.875,14.31875,7.00625],"rotation":0,"texture":"#0","tintindex":0},"up":{"uv":[14.1875,6.875,14.31875,7.00625],"rotation":0,"texture":"#0","tintindex":0},"down":{"uv":[14.1875,6.875,14.31875,7.00625],"rotation":0,"texture":"#0","tintindex":0}}},{"from":[14.894033,14.8900585,6.8744555],"to":[15.979748,15.861486,9.445885],"rotation":{"angle":-45.0,"axis":"x","origin":[14.41423,11.314286,8.492077]},"faces":{"east":{"uv":[14.1875,6.875,14.30625,6.98125],"rotation":0,"texture":"#0","tintindex":0},"south":{"uv":[14.1875,6.875,14.30625,6.98125],"rotation":0,"texture":"#0","tintindex":0},"north":{"uv":[14.1875,6.875,14.30625,6.98125],"rotation":0,"texture":"#0","tintindex":0},"west":{"uv":[14.1875,6.875,14.30625,6.98125],"rotation":0,"texture":"#0","tintindex":0},"up":{"uv":[14.1875,6.875,14.30625,6.98125],"rotation":0,"texture":"#0","tintindex":0},"down":{"uv":[14.1875,6.875,14.30625,6.98125],"rotation":0,"texture":"#0","tintindex":0}}},{"from":[14.951177,12.698908,2.248364],"to":[15.9226055,13.670337,4.8197927],"rotation":{"angle":0.0,"axis":"y","origin":[14.41423,11.314286,8.492077]},"faces":{"east":{"uv":[14.1875,6.875,14.29375,6.98125],"rotation":0,"texture":"#0","tintindex":0},"south":{"uv":[14.1875,6.875,14.29375,6.98125],"rotation":0,"texture":"#0","tintindex":0},"north":{"uv":[14.1875,6.875,14.29375,6.98125],"rotation":0,"texture":"#0","tintindex":0},"west":{"uv":[14.1875,6.875,14.29375,6.98125],"rotation":0,"texture":"#0","tintindex":0},"up":{"uv":[14.1875,6.875,14.29375,6.98125],"rotation":0,"texture":"#0","tintindex":0},"down":{"uv":[14.1875,6.875,14.29375,6.98125],"rotation":0,"texture":"#0","tintindex":0}}}],"display":{"head":{"translation":[0.0,-6.4,0.0],"scale":[4.0,4.0,4.0]}}}