{"textures":{"0":"modelengine:entity/minotaur"},"elements":[{"from":[4.8059425,6.8564706,6.9285064],"to":[10.6729145,10.244356,12.00645],"rotation":{"angle":-45.0,"axis":"x","origin":[7.7394285,8.550413,9.467478]},"faces":{"east":{"uv":[10.6875,5.125,11.34375,5.5],"rotation":0,"texture":"#0","tintindex":0},"south":{"uv":[10.6875,5.125,11.34375,5.5],"rotation":0,"texture":"#0","tintindex":0},"north":{"uv":[10.6875,5.125,11.34375,5.5],"rotation":0,"texture":"#0","tintindex":0},"west":{"uv":[10.6875,5.125,11.34375,5.5],"rotation":0,"texture":"#0","tintindex":0},"up":{"uv":[10.6875,5.125,11.34375,5.5],"rotation":0,"texture":"#0","tintindex":0},"down":{"uv":[10.6875,5.125,11.34375,5.5],"rotation":0,"texture":"#0","tintindex":0}}}],"display":{"head":{"translation":[0.0,-6.4,0.0],"scale":[4.0,4.0,4.0]}}}