{"textures":{"0":"modelengine:entity/minotaur"},"elements":[{"from":[6.1541624,6.728823,7.4203296],"to":[8.554162,8.785966,10.220329],"rotation":{"angle":0.0,"axis":"y","origin":[6.733904,11.027076,8.833689]},"faces":{"east":{"uv":[14.1875,6.875,14.45,7.1],"rotation":0,"texture":"#0","tintindex":0},"south":{"uv":[14.1875,6.875,14.45,7.1],"rotation":0,"texture":"#0","tintindex":0},"north":{"uv":[14.1875,6.875,14.45,7.1],"rotation":0,"texture":"#0","tintindex":0},"west":{"uv":[14.1875,6.875,14.45,7.1],"rotation":0,"texture":"#0","tintindex":0},"up":{"uv":[14.1875,6.875,14.45,7.1],"rotation":0,"texture":"#0","tintindex":0},"down":{"uv":[14.1875,6.875,14.45,7.1],"rotation":0,"texture":"#0","tintindex":0}}},{"from":[7.5827336,6.500252,7.134615],"to":[8.839876,9.014538,11.020329],"rotation":{"angle":0.0,"axis":"y","origin":[6.733904,11.027076,8.833689]},"faces":{"east":{"uv":[14.1875,6.875,14.325,7.15],"rotation":0,"texture":"#0","tintindex":0},"south":{"uv":[14.1875,6.875,14.325,7.15],"rotation":0,"texture":"#0","tintindex":0},"north":{"uv":[14.1875,6.875,14.325,7.15],"rotation":0,"texture":"#0","tintindex":0},"west":{"uv":[14.1875,6.875,14.325,7.15],"rotation":0,"texture":"#0","tintindex":0},"up":{"uv":[14.1875,6.875,14.325,7.15],"rotation":0,"texture":"#0","tintindex":0},"down":{"uv":[14.1875,6.875,14.325,7.15],"rotation":0,"texture":"#0","tintindex":0}}},{"from":[6.9632883,7.577813,7.534615],"to":[9.363289,9.52067,9.991758],"rotation":{"angle":-45.0,"axis":"z","origin":[6.733904,11.027076,8.833689]},"faces":{"east":{"uv":[14.1875,6.875,14.45,7.0875],"rotation":0,"texture":"#0","tintindex":0},"south":{"uv":[14.1875,6.875,14.45,7.0875],"rotation":0,"texture":"#0","tintindex":0},"north":{"uv":[14.1875,6.875,14.45,7.0875],"rotation":0,"texture":"#0","tintindex":0},"west":{"uv":[14.1875,6.875,14.45,7.0875],"rotation":0,"texture":"#0","tintindex":0},"up":{"uv":[14.1875,6.875,14.45,7.0875],"rotation":0,"texture":"#0","tintindex":0},"down":{"uv":[14.1875,6.875,14.45,7.0875],"rotation":0,"texture":"#0","tintindex":0}}},{"from":[4.4797897,8.4258795,7.7060437],"to":[6.136933,11.168737,9.82033],"rotation":{"angle":0.0,"axis":"y","origin":[6.733904,11.027076,8.833689]},"faces":{"east":{"uv":[14.1875,6.875,14.36875,7.175],"rotation":0,"texture":"#0","tintindex":0},"south":{"uv":[14.1875,6.875,14.36875,7.175],"rotation":0,"texture":"#0","tintindex":0},"north":{"uv":[14.1875,6.875,14.36875,7.175],"rotation":0,"texture":"#0","tintindex":0},"west":{"uv":[14.1875,6.875,14.36875,7.175],"rotation":0,"texture":"#0","tintindex":0},"up":{"uv":[14.1875,6.875,14.36875,7.175],"rotation":0,"texture":"#0","tintindex":0},"down":{"uv":[14.1875,6.875,14.36875,7.175],"rotation":0,"texture":"#0","tintindex":0}}},{"from":[4.651303,10.271465,7.92562],"to":[6.19416,12.271465,9.697048],"rotation":{"angle":-22.5,"axis":"z","origin":[6.733904,11.027076,8.833689]},"faces":{"east":{"uv":[14.1875,6.875,14.35625,7.09375],"rotation":0,"texture":"#0","tintindex":0},"south":{"uv":[14.1875,6.875,14.35625,7.09375],"rotation":0,"texture":"#0","tintindex":0},"north":{"uv":[14.1875,6.875,14.35625,7.09375],"rotation":0,"texture":"#0","tintindex":0},"west":{"uv":[14.1875,6.875,14.35625,7.09375],"rotation":0,"texture":"#0","tintindex":0},"up":{"uv":[14.1875,6.875,14.35625,7.09375],"rotation":0,"texture":"#0","tintindex":0},"down":{"uv":[14.1875,6.875,14.35625,7.09375],"rotation":0,"texture":"#0","tintindex":0}}},{"from":[4.463648,11.256,8.039906],"to":[5.7779336,13.2560005,9.582763],"rotation":{"angle":-45.0,"axis":"z","origin":[6.733904,11.027076,8.833689]},"faces":{"east":{"uv":[14.1875,6.875,14.33125,7.09375],"rotation":0,"texture":"#0","tintindex":0},"south":{"uv":[14.1875,6.875,14.33125,7.09375],"rotation":0,"texture":"#0","tintindex":0},"north":{"uv":[14.1875,6.875,14.33125,7.09375],"rotation":0,"texture":"#0","tintindex":0},"west":{"uv":[14.1875,6.875,14.33125,7.09375],"rotation":0,"texture":"#0","tintindex":0},"up":{"uv":[14.1875,6.875,14.33125,7.09375],"rotation":0,"texture":"#0","tintindex":0},"down":{"uv":[14.1875,6.875,14.33125,7.09375],"rotation":0,"texture":"#0","tintindex":0}}},{"from":[5.4465322,13.4521675,8.154191],"to":[6.646532,15.052168,9.468477],"rotation":{"angle":-22.5,"axis":"z","origin":[6.733904,11.027076,8.833689]},"faces":{"east":{"uv":[14.1875,6.875,14.31875,7.05],"rotation":0,"texture":"#0","tintindex":0},"south":{"uv":[14.1875,6.875,14.31875,7.05],"rotation":0,"texture":"#0","tintindex":0},"north":{"uv":[14.1875,6.875,14.31875,7.05],"rotation":0,"texture":"#0","tintindex":0},"west":{"uv":[14.1875,6.875,14.31875,7.05],"rotation":0,"texture":"#0","tintindex":0},"up":{"uv":[14.1875,6.875,14.31875,7.05],"rotation":0,"texture":"#0","tintindex":0},"down":{"uv":[14.1875,6.875,14.31875,7.05],"rotation":0,"texture":"#0","tintindex":0}}},{"from":[7.0506616,14.779211,8.211334],"to":[8.136375,16.379211,9.411334],"rotation":{"angle":0.0,"axis":"y","origin":[6.733904,11.027076,8.833689]},"faces":{"east":{"uv":[14.1875,6.875,14.30625,7.05],"rotation":0,"texture":"#0","tintindex":0},"south":{"uv":[14.1875,6.875,14.30625,7.05],"rotation":0,"texture":"#0","tintindex":0},"north":{"uv":[14.1875,6.875,14.30625,7.05],"rotation":0,"texture":"#0","tintindex":0},"west":{"uv":[14.1875,6.875,14.30625,7.05],"rotation":0,"texture":"#0","tintindex":0},"up":{"uv":[14.1875,6.875,14.30625,7.05],"rotation":0,"texture":"#0","tintindex":0},"down":{"uv":[14.1875,6.875,14.30625,7.05],"rotation":0,"texture":"#0","tintindex":0}}}],"display":{"head":{"translation":[0.0,-6.4,0.0],"scale":[4.0,4.0,4.0]}}}