{"textures":{"0":"modelengine:entity/minotaur"},"elements":[{"from":[7.7778287,7.631728,6.1485715],"to":[8.222172,8.368272,6.4448],"rotation":{"angle":-45.0,"axis":"x","origin":[8.0,8.0,8.0]},"faces":{"east":{"uv":[4.75,7.8125,4.84375,7.84375],"rotation":0,"texture":"#0","tintindex":0},"south":{"uv":[4.75,7.8125,4.84375,7.84375],"rotation":0,"texture":"#0","tintindex":0},"north":{"uv":[4.75,7.8125,4.84375,7.84375],"rotation":0,"texture":"#0","tintindex":0},"west":{"uv":[4.75,7.8125,4.84375,7.84375],"rotation":0,"texture":"#0","tintindex":0},"up":{"uv":[4.75,7.8125,4.84375,7.84375],"rotation":0,"texture":"#0","tintindex":0},"down":{"uv":[4.75,7.8125,4.84375,7.84375],"rotation":0,"texture":"#0","tintindex":0}}},{"from":[7.7778287,7.631728,6.1485715],"to":[8.222172,8.368272,6.4448],"rotation":{"angle":-22.5,"axis":"x","origin":[8.0,8.0,8.0]},"faces":{"east":{"uv":[4.75,7.8125,4.84375,7.84375],"rotation":0,"texture":"#0","tintindex":0},"south":{"uv":[4.75,7.8125,4.84375,7.84375],"rotation":0,"texture":"#0","tintindex":0},"north":{"uv":[4.75,7.8125,4.84375,7.84375],"rotation":0,"texture":"#0","tintindex":0},"west":{"uv":[4.75,7.8125,4.84375,7.84375],"rotation":0,"texture":"#0","tintindex":0},"up":{"uv":[4.75,7.8125,4.84375,7.84375],"rotation":0,"texture":"#0","tintindex":0},"down":{"uv":[4.75,7.8125,4.84375,7.84375],"rotation":0,"texture":"#0","tintindex":0}}},{"from":[7.7778287,7.631728,6.1485715],"to":[8.222172,8.368272,6.4448],"rotation":{"angle":0.0,"axis":"y","origin":[8.0,8.0,8.0]},"faces":{"east":{"uv":[4.75,7.8125,4.84375,7.84375],"rotation":0,"texture":"#0","tintindex":0},"south":{"uv":[4.75,7.8125,4.84375,7.84375],"rotation":0,"texture":"#0","tintindex":0},"north":{"uv":[4.75,7.8125,4.84375,7.84375],"rotation":0,"texture":"#0","tintindex":0},"west":{"uv":[4.75,7.8125,4.84375,7.84375],"rotation":0,"texture":"#0","tintindex":0},"up":{"uv":[4.75,7.8125,4.84375,7.84375],"rotation":0,"texture":"#0","tintindex":0},"down":{"uv":[4.75,7.8125,4.84375,7.84375],"rotation":0,"texture":"#0","tintindex":0}}},{"from":[7.7778287,7.631728,6.1485715],"to":[8.222172,8.368272,6.4448],"rotation":{"angle":22.5,"axis":"x","origin":[8.0,8.0,8.0]},"faces":{"east":{"uv":[4.75,7.8125,4.84375,7.84375],"rotation":0,"texture":"#0","tintindex":0},"south":{"uv":[4.75,7.8125,4.84375,7.84375],"rotation":0,"texture":"#0","tintindex":0},"north":{"uv":[4.75,7.8125,4.84375,7.84375],"rotation":0,"texture":"#0","tintindex":0},"west":{"uv":[4.75,7.8125,4.84375,7.84375],"rotation":0,"texture":"#0","tintindex":0},"up":{"uv":[4.75,7.8125,4.84375,7.84375],"rotation":0,"texture":"#0","tintindex":0},"down":{"uv":[4.75,7.8125,4.84375,7.84375],"rotation":0,"texture":"#0","tintindex":0}}},{"from":[7.7778287,7.631728,6.1485715],"to":[8.222172,8.368272,6.4448],"rotation":{"angle":45.0,"axis":"x","origin":[8.0,8.0,8.0]},"faces":{"east":{"uv":[4.75,7.8125,4.84375,7.84375],"rotation":0,"texture":"#0","tintindex":0},"south":{"uv":[4.75,7.8125,4.84375,7.84375],"rotation":0,"texture":"#0","tintindex":0},"north":{"uv":[4.75,7.8125,4.84375,7.84375],"rotation":0,"texture":"#0","tintindex":0},"west":{"uv":[4.75,7.8125,4.84375,7.84375],"rotation":0,"texture":"#0","tintindex":0},"up":{"uv":[4.75,7.8125,4.84375,7.84375],"rotation":0,"texture":"#0","tintindex":0},"down":{"uv":[4.75,7.8125,4.84375,7.84375],"rotation":0,"texture":"#0","tintindex":0}}},{"from":[7.7778287,7.631728,9.555201],"to":[8.222172,8.368272,9.851429],"rotation":{"angle":-45.0,"axis":"x","origin":[8.0,8.0,8.0]},"faces":{"east":{"uv":[4.75,7.8125,4.84375,7.84375],"rotation":0,"texture":"#0","tintindex":0},"south":{"uv":[4.75,7.8125,4.84375,7.84375],"rotation":0,"texture":"#0","tintindex":0},"north":{"uv":[4.75,7.8125,4.84375,7.84375],"rotation":0,"texture":"#0","tintindex":0},"west":{"uv":[4.75,7.8125,4.84375,7.84375],"rotation":0,"texture":"#0","tintindex":0},"up":{"uv":[4.75,7.8125,4.84375,7.84375],"rotation":0,"texture":"#0","tintindex":0},"down":{"uv":[4.75,7.8125,4.84375,7.84375],"rotation":0,"texture":"#0","tintindex":0}}},{"from":[7.7778287,7.631728,9.555201],"to":[8.222172,8.368272,9.851429],"rotation":{"angle":-22.5,"axis":"x","origin":[8.0,8.0,8.0]},"faces":{"east":{"uv":[4.75,7.8125,4.84375,7.84375],"rotation":0,"texture":"#0","tintindex":0},"south":{"uv":[4.75,7.8125,4.84375,7.84375],"rotation":0,"texture":"#0","tintindex":0},"north":{"uv":[4.75,7.8125,4.84375,7.84375],"rotation":0,"texture":"#0","tintindex":0},"west":{"uv":[4.75,7.8125,4.84375,7.84375],"rotation":0,"texture":"#0","tintindex":0},"up":{"uv":[4.75,7.8125,4.84375,7.84375],"rotation":0,"texture":"#0","tintindex":0},"down":{"uv":[4.75,7.8125,4.84375,7.84375],"rotation":0,"texture":"#0","tintindex":0}}},{"from":[7.7778287,7.631728,9.555201],"to":[8.222172,8.368272,9.851429],"rotation":{"angle":0.0,"axis":"y","origin":[8.0,8.0,8.0]},"faces":{"east":{"uv":[4.75,7.8125,4.84375,7.84375],"rotation":0,"texture":"#0","tintindex":0},"south":{"uv":[4.75,7.8125,4.84375,7.84375],"rotation":0,"texture":"#0","tintindex":0},"north":{"uv":[4.75,7.8125,4.84375,7.84375],"rotation":0,"texture":"#0","tintindex":0},"west":{"uv":[4.75,7.8125,4.84375,7.84375],"rotation":0,"texture":"#0","tintindex":0},"up":{"uv":[4.75,7.8125,4.84375,7.84375],"rotation":0,"texture":"#0","tintindex":0},"down":{"uv":[4.75,7.8125,4.84375,7.84375],"rotation":0,"texture":"#0","tintindex":0}}},{"from":[7.7778287,7.631728,9.555201],"to":[8.222172,8.368272,9.851429],"rotation":{"angle":22.5,"axis":"x","origin":[8.0,8.0,8.0]},"faces":{"east":{"uv":[4.75,7.8125,4.84375,7.84375],"rotation":0,"texture":"#0","tintindex":0},"south":{"uv":[4.75,7.8125,4.84375,7.84375],"rotation":0,"texture":"#0","tintindex":0},"north":{"uv":[4.75,7.8125,4.84375,7.84375],"rotation":0,"texture":"#0","tintindex":0},"west":{"uv":[4.75,7.8125,4.84375,7.84375],"rotation":0,"texture":"#0","tintindex":0},"up":{"uv":[4.75,7.8125,4.84375,7.84375],"rotation":0,"texture":"#0","tintindex":0},"down":{"uv":[4.75,7.8125,4.84375,7.84375],"rotation":0,"texture":"#0","tintindex":0}}},{"from":[7.7778287,7.631728,9.555201],"to":[8.222172,8.368272,9.851429],"rotation":{"angle":45.0,"axis":"x","origin":[8.0,8.0,8.0]},"faces":{"east":{"uv":[4.75,7.8125,4.84375,7.84375],"rotation":0,"texture":"#0","tintindex":0},"south":{"uv":[4.75,7.8125,4.84375,7.84375],"rotation":0,"texture":"#0","tintindex":0},"north":{"uv":[4.75,7.8125,4.84375,7.84375],"rotation":0,"texture":"#0","tintindex":0},"west":{"uv":[4.75,7.8125,4.84375,7.84375],"rotation":0,"texture":"#0","tintindex":0},"up":{"uv":[4.75,7.8125,4.84375,7.84375],"rotation":0,"texture":"#0","tintindex":0},"down":{"uv":[4.75,7.8125,4.84375,7.84375],"rotation":0,"texture":"#0","tintindex":0}}},{"from":[7.7778287,6.1485715,7.631728],"to":[8.222172,6.4448,8.368272],"rotation":{"angle":-22.5,"axis":"x","origin":[8.0,8.0,8.0]},"faces":{"east":{"uv":[4.75,7.8125,4.84375,7.84375],"rotation":0,"texture":"#0","tintindex":0},"south":{"uv":[4.75,7.8125,4.84375,7.84375],"rotation":0,"texture":"#0","tintindex":0},"north":{"uv":[4.75,7.8125,4.84375,7.84375],"rotation":0,"texture":"#0","tintindex":0},"west":{"uv":[4.75,7.8125,4.84375,7.84375],"rotation":0,"texture":"#0","tintindex":0},"up":{"uv":[4.75,7.8125,4.84375,7.84375],"rotation":0,"texture":"#0","tintindex":0},"down":{"uv":[4.75,7.8125,4.84375,7.84375],"rotation":0,"texture":"#0","tintindex":0}}},{"from":[7.7778287,6.1485715,7.631728],"to":[8.222172,6.4448,8.368272],"rotation":{"angle":0.0,"axis":"y","origin":[8.0,8.0,8.0]},"faces":{"east":{"uv":[4.75,7.8125,4.84375,7.84375],"rotation":0,"texture":"#0","tintindex":0},"south":{"uv":[4.75,7.8125,4.84375,7.84375],"rotation":0,"texture":"#0","tintindex":0},"north":{"uv":[4.75,7.8125,4.84375,7.84375],"rotation":0,"texture":"#0","tintindex":0},"west":{"uv":[4.75,7.8125,4.84375,7.84375],"rotation":0,"texture":"#0","tintindex":0},"up":{"uv":[4.75,7.8125,4.84375,7.84375],"rotation":0,"texture":"#0","tintindex":0},"down":{"uv":[4.75,7.8125,4.84375,7.84375],"rotation":0,"texture":"#0",