{"textures":{"0":"modelengine:entity/minotaur"},"elements":[{"from":[6.4,6.5142856,8.457143],"to":[9.3714285,8.457143,11.142858],"rotation":{"angle":0.0,"axis":"y","origin":[7.9927797,17.619993,7.9167523]},"faces":{"east":{"uv":[12.125,3.375,12.4375,3.59375],"rotation":0,"texture":"#0","tintindex":0},"south":{"uv":[12.125,3.375,12.4375,3.59375],"rotation":0,"texture":"#0","tintindex":0},"north":{"uv":[12.125,3.375,12.4375,3.59375],"rotation":0,"texture":"#0","tintindex":0},"west":{"uv":[12.125,3.375,12.4375,3.59375],"rotation":0,"texture":"#0","tintindex":0},"up":{"uv":[12.125,3.375,12.4375,3.59375],"rotation":0,"texture":"#0","tintindex":0},"down":{"uv":[12.125,3.375,12.4375,3.59375],"rotation":0,"texture":"#0","tintindex":0}}},{"from":[2.1142855,10.904982,6.2757564],"to":[13.942858,14.904982,11.761471],"rotation":{"angle":0.0,"axis":"y","origin":[7.9927797,17.619993,7.9167523]},"faces":{"east":{"uv":[5.4375,0.75,6.71875,1.1875],"rotation":0,"texture":"#0","tintindex":0},"south":{"uv":[8.25,1.25,9.125,1.6875],"rotation":0,"texture":"#0","tintindex":0},"north":{"uv":[5.4375,0.75,6.71875,1.1875],"rotation":0,"texture":"#0","tintindex":0},"west":{"uv":[5.4375,0.75,6.71875,1.1875],"rotation":0,"texture":"#0","tintindex":0},"up":{"uv":[5.4375,0.75,6.71875,1.1875],"rotation":0,"texture":"#0","tintindex":0},"down":{"uv":[5.4375,0.75,6.71875,1.1875],"rotation":0,"texture":"#0","tintindex":0}}},{"from":[4.0571427,10.904982,5.4186134],"to":[12.0,14.904982,8.561471],"rotation":{"angle":0.0,"axis":"y","origin":[7.9927797,17.619993,7.9167523]},"faces":{"east":{"uv":[8.25,1.25,9.125,1.6875],"rotation":0,"texture":"#0","tintindex":0},"south":{"uv":[8.25,1.25,9.125,1.6875],"rotation":0,"texture":"#0","tintindex":0},"north":{"uv":[8.25,1.25,9.125,1.6875],"rotation":0,"texture":"#0","tintindex":0},"west":{"uv":[8.25,1.25,9.125,1.6875],"rotation":0,"texture":"#0","tintindex":0},"up":{"uv":[8.25,1.25,9.125,1.6875],"rotation":0,"texture":"#0","tintindex":0},"down":{"uv":[8.25,1.25,9.125,1.6875],"rotation":0,"texture":"#0","tintindex":0}}},{"from":[3.9428568,8.162124,5.4186134],"to":[12.114286,10.904982,11.932899],"rotation":{"angle":0.0,"axis":"y","origin":[7.9927797,17.619993,7.9167523]},"faces":{"east":{"uv":[9.5,2.375,10.40625,2.6875],"rotation":0,"texture":"#0","tintindex":0},"south":{"uv":[9.5,2.375,10.40625,2.6875],"rotation":0,"texture":"#0","tintindex":0},"north":{"uv":[9.5,2.375,10.40625,2.6875],"rotation":0,"texture":"#0","tintindex":0},"west":{"uv":[9.5,2.375,10.40625,2.6875],"rotation":0,"texture":"#0","tintindex":0},"up":{"uv":[9.5,2.375,10.40625,2.6875],"rotation":0,"texture":"#0","tintindex":0},"down":{"uv":[9.5,2.375,10.40625,2.6875],"rotation":0,"texture":"#0","tintindex":0}}},{"from":[0.91428566,14.904982,5.36147],"to":[15.142858,18.904982,12.675756],"rotation":{"angle":0.0,"axis":"y","origin":[7.9927797,17.619993,7.9167523]},"faces":{"east":{"uv":[3.625,2.0,5.1875,2.4375],"rotation":0,"texture":"#0","tintindex":0},"south":{"uv":[0.0,9.03125,0.625,9.25],"rotation":0,"texture":"#0","tintindex":0},"north":{"uv":[3.625,2.0,5.1875,2.4375],"rotation":0,"texture":"#0","tintindex":0},"west":{"uv":[3.625,2.0,5.1875,2.4375],"rotation":0,"texture":"#0","tintindex":0},"up":{"uv":[3.625,2.0,5.1875,2.4375],"rotation":0,"texture":"#0","tintindex":0},"down":{"uv":[3.625,2.0,5.1875,2.4375],"rotation":0,"texture":"#0","tintindex":0}}},{"from":[0.5714283,19.362125,3.8186135],"to":[7.4857144,24.562124,4.732899],"rotation":{"angle":0.0,"axis":"y","origin":[7.9927797,17.619993,7.9167523]},"faces":{"east":{"uv":[2.675,1.86875,3.34375,2.31875],"rotation":0,"texture":"#0","tintindex":0},"south":{"uv":[2.675,1.86875,3.34375,2.31875],"rotation":0,"texture":"#0","tintindex":0},"north":{"uv":[2.675,1.86875,3.34375,2.31875],"rotation":0,"texture":"#0","tintindex":0},"west":{"uv":[2.675,1.86875,2.775,2.4375],"rotation":0,"texture":"#0","tintindex":0},"up":{"uv":[2.675,1.86875,3.34375,2.31875],"rotation":0,"texture":"#0","tintindex":0},"down":{"uv":[2.675,1.86875,3.34375,2.31875],"rotation":0,"texture":"#0","tintindex":0}}},{"from":[8.571428,19.362125,3.8186135],"to":[15.485715,24.562124,4.732899],"rotation":{"angle":0.0,"axis":"y","origin":[7.9927797,17.619993,7.9167523]},"faces":{"east":{"uv":[2.01875,1.86875,2.6875,2.31875],"rotation":0,"texture":"#0","tintindex":0},"south":{"uv":[2.01875,1.86875,2.6875,2.31875],"rotation":0,"texture":"#0","tintindex":0},"north":{"uv":[2.01875,1.86875,2.6875,2.31875],"rotation":0,"texture":"#0","tintindex":0},"west":{"uv":[2.01875,1.86875,2.11875,2.4375],"rotation":0,"texture":"#0","tintindex":0},"up":{"uv":[2.01875,1.86875,2.6875,2.31875],"rotation":0,"texture":"#0","tintindex":0},"down":{"uv":[2.01875,1.86875,2.6875,2.31875],"rotation":0,"texture":"#0","tintindex":0}}},{"from":[-0.028572083,18.219267,4.6186132],"to":[16.028572,24.562124,13.075757],"rotation":{"angle":0.0,"axis":"y","origin":[7.9927797,17.619993,7.9167523]},"faces":{"east":{"uv":[1.8125,1.75,3.55625,2.4375],"rotation":0,"texture":"#0","tintindex":0},"south":{"uv":[3.46875,0.0,4.15625,0.86875],"rotation":90,"texture":"#0","tintindex":0},"north":{"uv":[1.8125,1.75,3.55625,2.4375],"rotation":0,"texture":"#0","tintindex":0},"west":{"uv":[1.8125,1.75,3.55625,2.4375],"rotation":0,"texture":"#0","tintindex":0},"up":{"uv":[3.46875,0.0,4.15625,0.86875],"rotation":90,"texture":"#0","tintindex":0},"down":{"uv":[1.8125,1.75,3.55625,2.4375],"rotation":0,"texture":"#0","tintindex":0}}},{"from":[7.120324,22.85736,6.5614705],"to":[14.606039,28.571646,11.704328],"rotation":{"angle":45.0,"axis":"z","origin":[7.9927797,17.619993,7.9167523]},"faces":{"east":{"uv":[11.3125,4.5625,11.71875,5.0625],"rotation":0,"texture":"#0","tintindex":0},"south":{"uv":[11.3125,4.5625,11.71875,5.0625],"rotation":0,"texture":"#0","tintindex":0},"north":{"uv":[11.3125,4.5625,11.71875,5.0625],"rotation":0,"texture":"#0","tintindex":0},"west":{"uv":[11.3125,4.5625,11.71875,5.0625],"rotation":0,"texture":"#0","tintindex":0},"up":{"uv":[11.3125,4.5625,11.71875,5.0625],"rotation":0,"texture":"#0","tintindex":0},"down":{"uv":[11.3125,4.5625,11.71875,5.0625],"rotation":0,"texture":"#0","tintindex":0}}},{"from":[0.726841,22.77611,6.5614705],"to":[8.783984,29.061823,11.704328],"rotation":{"angle":-45.0,"axis":"z","origin":[7.9927797,17.619993,7.9167523]},"faces":{"east":{"uv":[11.3125,4.5625,11.71875,5.0625],"rotation":0,"texture":"#0","tintindex":0},"south":{"uv":[11.3125,4.5625,11.71875,5.0625],"rotation":0,"texture":"#0","tintindex":0},"north":{"uv":[11.3125,4.5625,11.71875,5.0625],"rotation":0,"texture":"#0","tintindex":0},"west":{"uv":[11.3125,4.5625,11.71875,5.0625],"rotation":0,"texture":"#0","tintindex":0},"up":{"uv":[11.3125,4.5625,11.71875,5.0625],"rotation":0,"texture":"#0","tintindex":0},"down":{"uv":[11.3125,4.5625,11.71875,5.0625],"rotation":0,"texture":"#0","tintindex":0}}},{"from":[6.142857,7.801,11.564728],"to":[6.142857,12.715286,15.907585],"rotation":{"angle":0.0,"axis":"y","origin":[7.8642855,15.907704,14.274664]},"faces":{"east":{"uv":[3.75,13.5,4.46875,14.6875],"rotation":0,"texture":"#0","tintindex":0},"south":{"uv":[6.5625,12.8125,6.5625,13.34375],"rotation":0,"texture":"#0","tintindex":0},"north":{"uv":[5.5,12.8125,5.5,13.34375],"rotation":0,"texture":"#0","tintindex":0},"west":{"uv":[6.0,13.5,6.71875,14.6875],"rotation":0,"texture":"#0","tintindex":0},"up":{"uv":[6.625,13.28125,6.625,12.8125],"rotation":0,"texture":"#0","tintindex":0},"down":{"uv":[6.6875,12.8125,6.6875,13.28125],"rotation":0,"texture":"#0","tintindex":0}}},{"from":[9.6285715,7.801,11.564728],"to":[9.6285715,12.715286,15.907585],"rotation":{"angle":0.0,"axis":"y","origin":[7.8642855,15.907704,14.274664]},"faces":{"east":{"uv":[3.75,13.5,4.46875,14.6875],"rotation":0,"texture":"#0","tintindex":0},"south":{"uv":[6.5625,12.8125,6.5625,13.34375],"rotation":0,"texture":"#0","tintindex":0},"north":{"uv":[5.5,12.8125,5.5,13.34375],"rotation":0,"texture":"#0","tintindex":0},"west":{"uv":[6.0,13.5,6.71875,14.6875],"rotation":0,