{"textures":{"0":"modelengine:entity/wu2"},"elements":[{"from":[4.101592,4.260232,5.4776163],"to":[8.101592,8.8888035,9.934759],"rotation":{"angle":0.0,"axis":"y","origin":[7.530164,8.317374,7.0776167]},"faces":{"east":{"uv":[8.522917,11.815625,8.664583,12.059375],"rotation":0,"texture":"#0","tintindex":0},"south":{"uv":[8.522917,11.815625,8.664583,12.059375],"rotation":0,"texture":"#0","tintindex":0},"north":{"uv":[6.54375,8.753125,6.6895833,9.00625],"rotation":0,"texture":"#0","tintindex":0},"west":{"uv":[8.29375,10.596875,8.45625,10.840625],"rotation":0,"texture":"#0","tintindex":0},"up":{"uv":[6.54375,8.753125,6.6895833,8.996875],"rotation":0,"texture":"#0","tintindex":0},"down":{"uv":[8.664583,12.315625,8.522917,12.559375],"rotation":0,"texture":"#0","tintindex":0}}},{"from":[2.2785769,3.1493745,5.9554415],"to":[3.6042914,9.581375,8.4742985],"rotation":{"angle":22.5,"axis":"y","origin":[6.33821,12.461374,5.152854]},"faces":{"east":{"uv":[6.397917,12.909375,6.477083,13.246875],"rotation":0,"texture":"#0","tintindex":0},"south":{"uv":[6.397917,12.909375,6.477083,13.246875],"rotation":0,"texture":"#0","tintindex":0},"north":{"uv":[6.397917,12.909375,6.477083,13.246875],"rotation":0,"texture":"#0","tintindex":0},"west":{"uv":[6.397917,12.909375,6.477083,13.246875],"rotation":0,"texture":"#0","tintindex":0},"up":{"uv":[6.397917,12.909375,6.477083,13.246875],"rotation":0,"texture":"#0","tintindex":0},"down":{"uv":[6.397917,12.909375,6.477083,13.246875],"rotation":0,"texture":"#0","tintindex":0}}},{"from":[2.2785769,9.581375,5.9554415],"to":[3.6042914,10.907089,7.1485844],"rotation":{"angle":22.5,"axis":"y","origin":[6.33821,12.461374,5.152854]},"faces":{"east":{"uv":[5.460417,14.503125,5.4979167,14.559375],"rotation":0,"texture":"#0","tintindex":0},"south":{"uv":[5.460417,14.503125,5.4979167,14.559375],"rotation":0,"texture":"#0","tintindex":0},"north":{"uv":[5.460417,14.503125,5.4979167,14.559375],"rotation":0,"texture":"#0","tintindex":0},"west":{"uv":[5.460417,14.503125,5.4979167,14.559375],"rotation":0,"texture":"#0","tintindex":0},"up":{"uv":[5.460417,14.503125,5.4979167,14.559375],"rotation":0,"texture":"#0","tintindex":0},"down":{"uv":[5.460417,14.503125,5.4979167,14.559375],"rotation":0,"texture":"#0","tintindex":0}}},{"from":[2.5339794,3.1493745,6.6477604],"to":[3.859694,8.918518,9.738047],"rotation":{"angle":45.0,"axis":"y","origin":[6.971259,12.461374,6.612361]},"faces":{"east":{"uv":[7.5645833,12.753125,7.664583,13.059375],"rotation":0,"texture":"#0","tintindex":0},"south":{"uv":[7.5625,12.753125,7.6666665,13.059375],"rotation":90,"texture":"#0","tintindex":0},"north":{"uv":[7.5645833,12.753125,7.664583,13.059375],"rotation":0,"texture":"#0","tintindex":0},"west":{"uv":[7.5645833,12.753125,7.664583,13.059375],"rotation":0,"texture":"#0","tintindex":0},"up":{"uv":[7.5645833,12.753125,7.664583,13.059375],"rotation":0,"texture":"#0","tintindex":0},"down":{"uv":[7.5645833,12.753125,7.664583,13.059375],"rotation":0,"texture":"#0","tintindex":0}}},{"from":[4.1357603,3.1493745,5.5540247],"to":[5.461475,9.581375,8.072882],"rotation":{"angle":-22.5,"axis":"y","origin":[5.0862403,14.748232,4.6408634]},"faces":{"east":{"uv":[7.79375,12.940625,7.8729167,13.278125],"rotation":0,"texture":"#0","tintindex":0},"south":{"uv":[7.79375,12.940625,7.8729167,13.278125],"rotation":0,"texture":"#0","tintindex":0},"north":{"uv":[7.79375,12.940625,7.8729167,13.278125],"rotation":0,"texture":"#0","tintindex":0},"west":{"uv":[7.79375,12.940625,7.8729167,13.278125],"rotation":0,"texture":"#0","tintindex":0},"up":{"uv":[7.79375,12.940625,7.8729167,13.278125],"rotation":0,"texture":"#0","tintindex":0},"down":{"uv":[7.79375,12.940625,7.8729167,13.278125],"rotation":0,"texture":"#0","tintindex":0}}},{"from":[4.1357603,9.581375,6.8797393],"to":[5.461475,11.569946,8.072882],"rotation":{"angle":-22.5,"axis":"y","origin":[5.0862403,14.748232,4.6408634]},"faces":{"east":{"uv":[9.585417,10.221875,9.622916,10.309375],"rotation":0,"texture":"#0","tintindex":0},"south":{"uv":[9.585417,10.221875,9.622916,10.309375],"rotation":0,"texture":"#0","tintindex":0},"north":{"uv":[9.585417,10.221875,9.622916,10.309375],"rotation":0,"texture":"#0","tintindex":0},"west":{"uv":[9.585417,10.221875,9.622916,10.309375],"rotation":0,"texture":"#0","tintindex":0},"up":{"uv":[9.585417,10.221875,9.622916,10.309375],"rotation":0,"texture":"#0","tintindex":0},"down":{"uv":[9.585417,10.221875,9.622916,10.309375],"rotation":0,"texture":"#0","tintindex":0}}},{"from":[6.217892,3.1493745,3.6596503],"to":[7.5436068,8.918518,6.1785073],"rotation":{"angle":-45.0,"axis":"y","origin":[6.315064,14.748232,2.8017988]},"faces":{"east":{"uv":[5.335417,13.128125,5.414583,13.434375],"rotation":0,"texture":"#0","tintindex":0},"south":{"uv":[5.335417,13.128125,5.414583,13.434375],"rotation":0,"texture":"#0","tintindex":0},"north":{"uv":[5.335417,13.128125,5.414583,13.434375],"rotation":0,"texture":"#0","tintindex":0},"west":{"uv":[5.335417,13.128125,5.414583,13.434375],"rotation":0,"texture":"#0","tintindex":0},"up":{"uv":[5.335417,13.128125,5.414583,13.434375],"rotation":0,"texture":"#0","tintindex":0},"down":{"uv":[5.335417,13.128125,5.414583,13.434375],"rotation":0,"texture":"#0","tintindex":0}}},{"from":[4.4444494,-1.6254835,6.049045],"to":[8.101592,4.317374,9.363331],"rotation":{"angle":0.0,"axis":"y","origin":[7.530164,8.317374,7.0776167]},"faces":{"east":{"uv":[6.5645833,8.753125,6.6979165,9.053125],"rotation":0,"texture":"#0","tintindex":0},"south":{"uv":[6.5645833,8.753125,6.6979165,9.053125],"rotation":0,"texture":"#0","tintindex":0},"north":{"uv":[6.5645833,8.753125,6.6979165,9.053125],"rotation":0,"texture":"#0","tintindex":0},"west":{"uv":[6.5645833,8.753125,6.6979165,9.053125],"rotation":0,"texture":"#0","tintindex":0},"up":{"uv":[6.5645833,8.753125,6.6979165,9.053125],"rotation":0,"texture":"#0","tintindex":0},"down":{"uv":[6.5645833,8.753125,6.6979165,9.053125],"rotation":0,"texture":"#0","tintindex":0}}},{"from":[4.6730204,1.8030887,8.049046],"to":[7.8730206,4.317374,10.849046],"rotation":{"angle":-22.5,"axis":"x","origin":[6.0158777,0.0030884743,10.049046]},"faces":{"east":{"uv":[8.98125,13.784375,9.08125,13.903125],"rotation":0,"texture":"#0","tintindex":0},"south":{"uv":[8.16875,13.659375,8.289583,13.778125],"rotation":0,"texture":"#0","tintindex":0},"north":{"uv":[7.73125,13.659375,7.852083,13.778125],"rotation":0,"texture":"#0","tintindex":0},"west":{"uv":[9.210417,10.721875,9.310416,10.840625],"rotation":0,"texture":"#0","tintindex":0},"up":{"uv":[9.060416,11.871875,8.939584,11.721875],"rotation":0,"texture":"#0","tintindex":0},"down":{"uv":[9.060416,11.878125,8.939584,12.028125],"rotation":0,"texture":"#0","tintindex":0}}},{"from":[4.6730204,-2.2534733,6.9247994],"to":[7.8730206,0.26081276,9.7248],"rotation":{"angle":22.5,"axis":"x","origin":[6.0158777,-0.99633026,8.3248]},"faces":{"east":{"uv":[8.252084,13.815625,8.352083,13.934375],"rotation":0,"texture":"#0","tintindex":0},"south":{"uv":[9.10625,13.315625,9.227083,13.434375],"rotation":0,"texture":"#0","tintindex":0},"north":{"uv":[8.79375,13.659375,8.914583,13.778125],"rotation":0,"texture":"#0","tintindex":0},"west":{"uv":[6.5645833,8.753125,6.6979165,9.053125],"rotation":180,"texture":"#0","tintindex":0},"up":{"uv":[9.060416,12.184375,8.939584,12.034375],"rotation":0,"texture":"#0","tintindex":0},"down":{"uv":[6.5645833,8.753125,6.6979165,9.053125],"rotation":180,"texture":"#0","tintindex":0}}},{"from":[4.6730204,-0.37063885,7.299319],"to":[7.873021,1.9722185,10.0993185],"rotation":{"angle":0.0,"axis":"y","origin":[5.844449,0.1436472,8.699319]},"faces":{"east":{"uv":[8.460417,13.815625,8.560416,13.934375],"rotation":0,"texture":"#0","tintindex":0},"south":{"uv":[9.127084,9.190625,9.247916,9.309375],"rotation":0,"texture":"#0","tintindex":0},"north":{"uv":[8.91875,13.659375,9.039583,13.778125],"rotation":0,"texture":"#0","tintindex":0},"west":{"uv":[8.564584,13.815625,8.664583,13.934375],"rotation":0,"texture":"#0","tintindex":0},