{"textures":{"0":"modelengine:entity/wu2"},"elements":[{"from":[-9.365288,2.7538862,9.309758],"to":[-8.350241,3.997549,10.416252],"rotation":{"angle":22.5,"axis":"z","origin":[-14.573124,5.6618614,9.863005]},"faces":{"east":{"uv":[7.73125,14.409375,7.76875,14.465625],"rotation":0,"texture":"#0","tintindex":0},"south":{"uv":[7.73125,14.409375,7.76875,14.465625],"rotation":0,"texture":"#0","tintindex":0},"north":{"uv":[7.73125,14.409375,7.76875,14.465625],"rotation":0,"texture":"#0","tintindex":0},"west":{"uv":[7.73125,14.409375,7.76875,14.465625],"rotation":0,"texture":"#0","tintindex":0},"up":{"uv":[7.73125,14.409375,7.76875,14.465625],"rotation":0,"texture":"#0","tintindex":0},"down":{"uv":[7.73125,14.409375,7.76875,14.465625],"rotation":0,"texture":"#0","tintindex":0}}},{"from":[-9.860945,4.3399944,9.081143],"to":[-8.388668,5.812271,10.416252],"rotation":{"angle":45.0,"axis":"z","origin":[-9.124805,5.076133,9.748697]},"faces":{"east":{"uv":[9.60625,12.846875,9.64375,12.903125],"rotation":0,"texture":"#0","tintindex":0},"south":{"uv":[9.60625,12.846875,9.64375,12.903125],"rotation":0,"texture":"#0","tintindex":0},"north":{"uv":[9.60625,12.846875,9.64375,12.903125],"rotation":0,"texture":"#0","tintindex":0},"west":{"uv":[9.60625,12.846875,9.64375,12.903125],"rotation":0,"texture":"#0","tintindex":0},"up":{"uv":[9.60625,12.846875,9.64375,12.903125],"rotation":0,"texture":"#0","tintindex":0},"down":{"uv":[9.60625,12.846875,9.64375,12.903125],"rotation":0,"texture":"#0","tintindex":0}}},{"from":[-12.313297,5.597374,8.136078],"to":[-9.453331,6.383807,11.185795],"rotation":{"angle":45.0,"axis":"y","origin":[-9.911703,5.3619013,10.289626]},"faces":{"east":{"uv":[7.710417,8.659375,7.8104167,8.684375],"rotation":0,"texture":"#0","tintindex":0},"south":{"uv":[7.710417,8.659375,7.8104167,8.684375],"rotation":0,"texture":"#0","tintindex":0},"north":{"uv":[7.710417,8.659375,7.8104167,8.684375],"rotation":0,"texture":"#0","tintindex":0},"west":{"uv":[7.710417,8.659375,7.8104167,8.684375],"rotation":0,"texture":"#0","tintindex":0},"up":{"uv":[8.26875,13.653125,8.16875,13.503125],"rotation":0,"texture":"#0","tintindex":0},"down":{"uv":[7.710417,8.659375,7.8104167,8.684375],"rotation":0,"texture":"#0","tintindex":0}}},{"from":[-12.923456,3.539844,7.354344],"to":[-9.034725,6.612422,10.518368],"rotation":{"angle":0.0,"axis":"y","origin":[-10.979092,5.3619013,8.936356]},"faces":{"east":{"uv":[5.585417,13.409375,5.70625,13.559375],"rotation":0,"texture":"#0","tintindex":0},"south":{"uv":[8.95625,13.121875,8.814584,12.971875],"rotation":0,"texture":"#0","tintindex":0},"north":{"uv":[8.85625,10.940625,8.997916,11.090625],"rotation":0,"texture":"#0","tintindex":0},"west":{"uv":[8.95625,13.121875,8.814584,12.971875],"rotation":0,"texture":"#0","tintindex":0},"up":{"uv":[6.76875,13.184375,6.6270833,13.003125],"rotation":0,"texture":"#0","tintindex":0},"down":{"uv":[8.01875,13.003125,7.8770833,13.184375],"rotation":0,"texture":"#0","tintindex":0}}},{"from":[-10.211988,6.820855,10.717068],"to":[-9.526146,7.3786745,11.517218],"rotation":{"angle":22.5,"axis":"x","origin":[-11.811148,8.12853,11.098854]},"faces":{"east":{"uv":[6.85625,13.190625,6.89375,13.215625],"rotation":0,"texture":"#0","tintindex":0},"south":{"uv":[6.85625,13.190625,6.89375,13.215625],"rotation":0,"texture":"#0","tintindex":0},"north":{"uv":[6.85625,13.190625,6.89375,13.215625],"rotation":0,"texture":"#0","tintindex":0},"west":{"uv":[6.85625,13.190625,6.89375,13.215625],"rotation":0,"texture":"#0","tintindex":0},"up":{"uv":[6.85625,13.190625,6.89375,13.215625],"rotation":0,"texture":"#0","tintindex":0},"down":{"uv":[6.85625,13.190625,6.89375,13.215625],"rotation":0,"texture":"#0","tintindex":0}}},{"from":[-10.326298,6.383807,11.024366],"to":[-9.411839,6.9416265,9.9590225],"rotation":{"angle":22.5,"axis":"x","origin":[-12.26952,6.662717,10.491694]},"faces":{"east":{"uv":[6.85625,13.190625,6.89375,13.215625],"rotation":0,"texture":"#0","tintindex":0},"south":{"uv":[6.85625,13.190625,6.89375,13.215625],"rotation":0,"texture":"#0","tintindex":0},"north":{"uv":[6.85625,13.190625,6.89375,13.215625],"rotation":0,"texture":"#0","tintindex":0},"west":{"uv":[6.85625,13.190625,6.89375,13.215625],"rotation":0,"texture":"#0","tintindex":0},"up":{"uv":[6.85625,13.190625,6.89375,13.215625],"rotation":0,"texture":"#0","tintindex":0},"down":{"uv":[6.85625,13.190625,6.89375,13.215625],"rotation":0,"texture":"#0","tintindex":0}}},{"from":[-10.097683,7.423224,10.607409],"to":[-9.640453,7.9810433,11.178945],"rotation":{"angle":22.5,"axis":"x","origin":[-11.811148,7.5878263,10.874887]},"faces":{"east":{"uv":[6.85625,13.190625,6.89375,13.215625],"rotation":0,"texture":"#0","tintindex":0},"south":{"uv":[6.85625,13.190625,6.89375,13.215625],"rotation":0,"texture":"#0","tintindex":0},"north":{"uv":[6.85625,13.190625,6.89375,13.215625],"rotation":0,"texture":"#0","tintindex":0},"west":{"uv":[6.85625,13.190625,6.89375,13.215625],"rotation":0,"texture":"#0","tintindex":0},"up":{"uv":[6.85625,13.190625,6.89375,13.215625],"rotation":0,"texture":"#0","tintindex":0},"down":{"uv":[6.85625,13.190625,6.89375,13.215625],"rotation":0,"texture":"#0","tintindex":0}}},{"from":[-12.726749,6.383807,11.024366],"to":[-11.81229,6.9416265,9.9590225],"rotation":{"angle":22.5,"axis":"x","origin":[-12.26952,6.662717,10.491694]},"faces":{"east":{"uv":[6.85625,13.190625,6.89375,13.215625],"rotation":0,"texture":"#0","tintindex":0},"south":{"uv":[6.85625,13.190625,6.89375,13.215625],"rotation":0,"texture":"#0","tintindex":0},"north":{"uv":[6.85625,13.190625,6.89375,13.215625],"rotation":0,"texture":"#0","tintindex":0},"west":{"uv":[6.85625,13.190625,6.89375,13.215625],"rotation":0,"texture":"#0","tintindex":0},"up":{"uv":[6.85625,13.190625,6.89375,13.215625],"rotation":0,"texture":"#0","tintindex":0},"down":{"uv":[6.85625,13.190625,6.89375,13.215625],"rotation":0,"texture":"#0","tintindex":0}}},{"from":[-12.61244,6.820855,10.717068],"to":[-11.926598,7.3786745,11.517218],"rotation":{"angle":22.5,"axis":"x","origin":[-11.811148,8.12853,11.098854]},"faces":{"east":{"uv":[6.85625,13.190625,6.89375,13.215625],"rotation":0,"texture":"#0","tintindex":0},"south":{"uv":[6.85625,13.190625,6.89375,13.215625],"rotation":0,"texture":"#0","tintindex":0},"north":{"uv":[6.85625,13.190625,6.89375,13.215625],"rotation":0,"texture":"#0","tintindex":0},"west":{"uv":[6.85625,13.190625,6.89375,13.215625],"rotation":0,"texture":"#0","tintindex":0},"up":{"uv":[6.85625,13.190625,6.89375,13.215625],"rotation":0,"texture":"#0","tintindex":0},"down":{"uv":[6.85625,13.190625,6.89375,13.215625],"rotation":0,"texture":"#0","tintindex":0}}},{"from":[-12.498133,7.423224,10.607409],"to":[-12.040905,7.9810433,11.178945],"rotation":{"angle":22.5,"axis":"x","origin":[-11.811148,7.5878263,10.874887]},"faces":{"east":{"uv":[6.85625,13.190625,6.89375,13.215625],"rotation":0,"texture":"#0","tintindex":0},"south":{"uv":[6.85625,13.190625,6.89375,13.215625],"rotation":0,"texture":"#0","tintindex":0},"north":{"uv":[6.85625,13.190625,6.89375,13.215625],"rotation":0,"texture":"#0","tintindex":0},"west":{"uv":[6.85625,13.190625,6.89375,13.215625],"rotation":0,"texture":"#0","tintindex":0},"up":{"uv":[6.85625,13.190625,6.89375,13.215625],"rotation":0,"texture":"#0","tintindex":0},"down":{"uv":[6.85625,13.190625,6.89375,13.215625],"rotation":0,"texture":"#0","tintindex":0}}},{"from":[-13.633081,4.3399944,9.081143],"to":[-12.160805,5.812271,10.416252],"rotation":{"angle":-45.0,"axis":"z","origin":[-12.946096,5.076133,9.920158]},"faces":{"east":{"uv":[9.502084,14.409375,9.539583,14.465625],"rotation":0,"texture":"#0","tintindex":0},"south":{"uv":[9.502084,14.409375,9.539583,14.465625],"rotation":0,"texture":"#0","tintindex":0},"north":{"uv":[9.502084,14.409375,9.539583,14.465625],"rotation":0,"texture":"#0","tintindex":0},"west":{"uv":[9.502084,14.409375,9.539583,14.465625],"rotation":0,"texture":"#0","tintindex":0},"up":{"uv":[9.502084,14.409375,9.539583,14.465625],"rotation":0,"texture":"#0","tintindex":0},