{"textures":{"0":"modelengine:entity/wu2"},"elements":[{"from":[9.919763,4.4632835,8.828386],"to":[10.719763,5.377569,9.742672],"rotation":{"angle":0.0,"axis":"y","origin":[10.805477,4.9204264,9.285529]},"faces":{"east":{"uv":[5.835417,14.503125,5.8729167,14.559375],"rotation":0,"texture":"#0","tintindex":0},"south":{"uv":[5.60625,14.596875,5.6229167,14.653125],"rotation":0,"texture":"#0","tintindex":0},"north":{"uv":[5.585417,14.596875,5.602083,14.653125],"rotation":0,"texture":"#0","tintindex":0},"west":{"uv":[5.664583,14.596875,5.647917,14.653125],"rotation":0,"texture":"#0","tintindex":0},"up":{"uv":[5.64375,14.653125,5.6270833,14.596875],"rotation":0,"texture":"#0","tintindex":0},"down":{"uv":[5.664583,14.596875,5.647917,14.653125],"rotation":0,"texture":"#0","tintindex":0}}},{"from":[6.4044867,2.3121252,6.199815],"to":[10.06163,7.79784,9.514101],"rotation":{"angle":0.0,"axis":"y","origin":[9.490201,10.540697,7.2283864]},"faces":{"east":{"uv":[6.5645833,8.753125,6.6979165,9.053125],"rotation":180,"texture":"#0","tintindex":0},"south":{"uv":[6.5645833,8.753125,6.6979165,9.053125],"rotation":180,"texture":"#0","tintindex":0},"north":{"uv":[6.5645833,8.753125,6.6979165,9.053125],"rotation":180,"texture":"#0","tintindex":0},"west":{"uv":[6.5645833,8.753125,6.6979165,9.053125],"rotation":180,"texture":"#0","tintindex":0},"up":{"uv":[6.5645833,8.753125,6.6979165,9.053125],"rotation":180,"texture":"#0","tintindex":0},"down":{"uv":[6.5645833,8.753125,6.6979165,9.053125],"rotation":180,"texture":"#0","tintindex":0}}},{"from":[6.1187725,4.567677,6.2218046],"to":[6.9187727,5.4819627,9.078947],"rotation":{"angle":22.5,"axis":"x","origin":[6.5187726,4.893614,7.333617]},"faces":{"east":{"uv":[9.502084,8.565625,9.602083,8.621875],"rotation":0,"texture":"#0","tintindex":0},"south":{"uv":[9.73125,8.253125,9.747916,8.309375],"rotation":0,"texture":"#0","tintindex":0},"north":{"uv":[9.73125,8.190625,9.747916,8.246875],"rotation":0,"texture":"#0","tintindex":0},"west":{"uv":[9.502084,9.378125,9.602083,9.434375],"rotation":0,"texture":"#0","tintindex":0},"up":{"uv":[6.164583,14.559375,6.147917,14.409375],"rotation":0,"texture":"#0","tintindex":0},"down":{"uv":[6.1854167,14.409375,6.16875,14.559375],"rotation":0,"texture":"#0","tintindex":0}}},{"from":[6.1187725,5.2799807,7.0239882],"to":[6.9187727,7.0514097,7.938274],"rotation":{"angle":45.0,"axis":"x","origin":[6.5187726,6.165695,7.481131]},"faces":{"east":{"uv":[6.98125,14.378125,7.01875,14.465625],"rotation":0,"texture":"#0","tintindex":0},"south":{"uv":[9.647917,14.534375,9.664583,14.621875],"rotation":0,"texture":"#0","tintindex":0},"north":{"uv":[9.627084,14.534375,9.64375,14.621875],"rotation":0,"texture":"#0","tintindex":0},"west":{"uv":[7.10625,14.378125,7.14375,14.465625],"rotation":0,"texture":"#0","tintindex":0},"up":{"uv":[5.6854167,14.653125,5.66875,14.596875],"rotation":0,"texture":"#0","tintindex":0},"down":{"uv":[9.747916,8.503125,9.73125,8.559375],"rotation":0,"texture":"#0","tintindex":0}}},{"from":[6.1187725,2.7121258,8.828386],"to":[6.9187727,4.7692685,9.742672],"rotation":{"angle":0.0,"axis":"y","origin":[9.490201,10.540697,7.2283864]},"faces":{"east":{"uv":[5.3770833,14.315625,5.414583,14.434375],"rotation":0,"texture":"#0","tintindex":0},"south":{"uv":[6.397917,14.471875,6.414583,14.590625],"rotation":0,"texture":"#0","tintindex":0},"north":{"uv":[6.29375,14.471875,6.3104167,14.590625],"rotation":0,"texture":"#0","tintindex":0},"west":{"uv":[5.41875,14.315625,5.45625,14.434375],"rotation":0,"texture":"#0","tintindex":0},"up":{"uv":[9.747916,8.371875,9.73125,8.315625],"rotation":0,"texture":"#0","tintindex":0},"down":{"uv":[5.58125,14.596875,5.5645833,14.653125],"rotation":0,"texture":"#0","tintindex":0}}},{"from":[6.1187725,2.7121258,5.9712434],"to":[6.9187727,3.6264114,8.828386],"rotation":{"angle":0.0,"axis":"y","origin":[9.490201,10.540697,7.2283864]},"faces":{"east":{"uv":[9.502084,8.315625,9.602083,8.371875],"rotation":0,"texture":"#0","tintindex":0},"south":{"uv":[9.73125,8.128125,9.747916,8.184375],"rotation":0,"texture":"#0","tintindex":0},"north":{"uv":[9.73125,8.065625,9.747916,8.121875],"rotation":0,"texture":"#0","tintindex":0},"west":{"uv":[9.502084,8.378125,9.602083,8.434375],"rotation":0,"texture":"#0","tintindex":0},"up":{"uv":[5.58125,14.559375,5.5645833,14.409375],"rotation":0,"texture":"#0","tintindex":0},"down":{"uv":[6.14375,14.409375,6.1270833,14.559375],"rotation":0,"texture":"#0","tintindex":0}}},{"from":[6.9187727,3.8549829,8.828386],"to":[8.633059,4.7692685,9.742672],"rotation":{"angle":0.0,"axis":"y","origin":[9.490201,10.540697,7.2283864]},"faces":{"east":{"uv":[5.7520833,14.503125,5.789583,14.559375],"rotation":0,"texture":"#0","tintindex":0},"south":{"uv":[6.85625,14.378125,6.914583,14.434375],"rotation":0,"texture":"#0","tintindex":0},"north":{"uv":[9.585417,10.096875,9.64375,10.153125],"rotation":0,"texture":"#0","tintindex":0},"west":{"uv":[9.66875,8.659375,9.70625,8.715625],"rotation":0,"texture":"#0","tintindex":0},"up":{"uv":[9.64375,10.371875,9.585417,10.315625],"rotation":0,"texture":"#0","tintindex":0},"down":{"uv":[9.64375,10.378125,9.585417,10.434375],"rotation":0,"texture":"#0","tintindex":0}}},{"from":[8.392871,4.148199,8.828386],"to":[10.1643,5.062485,9.742672],"rotation":{"angle":22.5,"axis":"z","origin":[9.250014,4.605342,9.285529]},"faces":{"east":{"uv":[5.79375,14.503125,5.83125,14.559375],"rotation":0,"texture":"#0","tintindex":0},"south":{"uv":[9.585417,10.503125,9.64375,10.559375],"rotation":0,"texture":"#0","tintindex":0},"north":{"uv":[9.585417,10.440625,9.64375,10.496875],"rotation":0,"texture":"#0","tintindex":0},"west":{"uv":[9.66875,8.721875,9.70625,8.778125],"rotation":0,"texture":"#0","tintindex":0},"up":{"uv":[7.102083,14.434375,7.04375,14.378125],"rotation":0,"texture":"#0","tintindex":0},"down":{"uv":[9.64375,10.565625,9.585417,10.621875],"rotation":0,"texture":"#0","tintindex":0}}},{"from":[9.919763,5.1759777,6.7932334],"to":[10.719763,6.0902634,9.650376],"rotation":{"angle":22.5,"axis":"x","origin":[5.805477,5.501915,7.905046]},"faces":{"east":{"uv":[9.502084,9.440625,9.602083,9.496875],"rotation":0,"texture":"#0","tintindex":0},"south":{"uv":[5.710417,14.596875,5.727083,14.653125],"rotation":0,"texture":"#0","tintindex":0},"north":{"uv":[5.6895833,14.596875,5.70625,14.653125],"rotation":0,"texture":"#0","tintindex":0},"west":{"uv":[9.502084,12.846875,9.602083,12.903125],"rotation":0,"texture":"#0","tintindex":0},"up":{"uv":[6.20625,14.559375,6.1895833,14.409375],"rotation":0,"texture":"#0","tintindex":0},"down":{"uv":[6.664583,14.409375,6.647917,14.559375],"rotation":0,"texture":"#0","tintindex":0}}},{"from":[9.919763,5.888282,7.5954165],"to":[10.719763,7.6597104,8.509703],"rotation":{"angle":45.0,"axis":"x","origin":[5.805477,6.7739964,8.05256]},"faces":{"east":{"uv":[7.147917,14.378125,7.1854167,14.465625],"rotation":0,"texture":"#0","tintindex":0},"south":{"uv":[9.689584,14.534375,9.70625,14.621875],"rotation":0,"texture":"#0","tintindex":0},"north":{"uv":[9.66875,14.534375,9.685416,14.621875],"rotation":0,"texture":"#0","tintindex":0},"west":{"uv":[9.585417,10.721875,9.622916,10.809375],"rotation":0,"texture":"#0","tintindex":0},"up":{"uv":[5.7479167,14.653125,5.73125,14.596875],"rotation":0,"texture":"#0","tintindex":0},"down":{"uv":[9.747916,8.596875,9.73125,8.653125],"rotation":0,"texture":"#0","tintindex":0}}}],"display":{"head":{"translation":[0.0,-6.4,0.0],"scale":[4.0,4.0,4.0]}}}