{"textures":{"0":"modelengine:entity/wu2"},"elements":[{"from":[7.5275407,8.830383,7.394211],"to":[8.386558,9.65504,7.9783425],"rotation":{"angle":0.0,"axis":"y","origin":[-11.783165,-6.460123,18.458351]},"faces":{"east":{"uv":[6.5645833,8.815625,6.58588,8.8607235],"rotation":0,"texture":"#0","tintindex":0},"south":{"uv":[6.5645833,8.815625,6.58588,8.8607235],"rotation":0,"texture":"#0","tintindex":0},"north":{"uv":[6.5645833,8.815625,6.58588,8.8607235],"rotation":0,"texture":"#0","tintindex":0},"west":{"uv":[6.5645833,8.815625,6.58588,8.8607235],"rotation":0,"texture":"#0","tintindex":0},"up":{"uv":[6.5645833,8.815625,6.58588,8.8607235],"rotation":0,"texture":"#0","tintindex":0},"down":{"uv":[6.5645833,8.815625,6.58588,8.8607235],"rotation":0,"texture":"#0","tintindex":0}}},{"from":[7.5275407,7.5933986,7.394211],"to":[8.386558,8.418055,7.9783425],"rotation":{"angle":0.0,"axis":"y","origin":[-11.783165,-6.460123,18.458351]},"faces":{"east":{"uv":[6.5645833,8.815625,6.58588,8.8607235],"rotation":0,"texture":"#0","tintindex":0},"south":{"uv":[6.5645833,8.815625,6.58588,8.8607235],"rotation":0,"texture":"#0","tintindex":0},"north":{"uv":[6.5645833,8.815625,6.58588,8.8607235],"rotation":0,"texture":"#0","tintindex":0},"west":{"uv":[6.5645833,8.815625,6.58588,8.8607235],"rotation":0,"texture":"#0","tintindex":0},"up":{"uv":[6.5645833,8.815625,6.58588,8.8607235],"rotation":0,"texture":"#0","tintindex":0},"down":{"uv":[6.5645833,8.815625,6.58588,8.8607235],"rotation":0,"texture":"#0","tintindex":0}}},{"from":[7.5275407,6.2876925,7.394211],"to":[8.386558,7.215431,7.9783425],"rotation":{"angle":0.0,"axis":"y","origin":[-11.783165,-6.460123,18.458351]},"faces":{"east":{"uv":[6.5645833,8.815625,6.58588,8.866361],"rotation":0,"texture":"#0","tintindex":0},"south":{"uv":[6.5645833,8.815625,6.58588,8.866361],"rotation":0,"texture":"#0","tintindex":0},"north":{"uv":[6.5645833,8.815625,6.58588,8.866361],"rotation":0,"texture":"#0","tintindex":0},"west":{"uv":[6.5645833,8.815625,6.58588,8.866361],"rotation":0,"texture":"#0","tintindex":0},"up":{"uv":[6.5645833,8.815625,6.58588,8.866361],"rotation":0,"texture":"#0","tintindex":0},"down":{"uv":[6.5645833,8.815625,6.58588,8.866361],"rotation":0,"texture":"#0","tintindex":0}}},{"from":[7.6306224,8.830383,6.9475217],"to":[8.455279,9.65504,7.394211],"rotation":{"angle":0.0,"axis":"y","origin":[-11.783165,-6.460123,18.458351]},"faces":{"east":{"uv":[5.585417,14.659375,5.602083,14.684375],"rotation":0,"texture":"#0","tintindex":0},"south":{"uv":[9.772917,8.378125,9.789583,8.403125],"rotation":0,"texture":"#0","tintindex":0},"north":{"uv":[9.772917,8.346875,9.789583,8.371875],"rotation":0,"texture":"#0","tintindex":0},"west":{"uv":[5.60625,14.659375,5.6229167,14.684375],"rotation":0,"texture":"#0","tintindex":0},"up":{"uv":[9.789583,8.434375,9.772917,8.409375],"rotation":0,"texture":"#0","tintindex":0},"down":{"uv":[5.64375,14.659375,5.6270833,14.684375],"rotation":0,"texture":"#0","tintindex":0}}},{"from":[7.6306224,6.2876925,6.9475217],"to":[8.455279,7.215431,7.394211],"rotation":{"angle":0.0,"axis":"y","origin":[-11.783165,-6.460123,18.458351]},"faces":{"east":{"uv":[6.1895833,14.596875,6.20625,14.653125],"rotation":0,"texture":"#0","tintindex":0},"south":{"uv":[6.210417,14.596875,6.227083,14.653125],"rotation":0,"texture":"#0","tintindex":0},"north":{"uv":[6.16875,14.596875,6.1854167,14.653125],"rotation":0,"texture":"#0","tintindex":0},"west":{"uv":[6.23125,14.596875,6.2479167,14.653125],"rotation":0,"texture":"#0","tintindex":0},"up":{"uv":[9.789583,8.465625,9.772917,8.440625],"rotation":0,"texture":"#0","tintindex":0},"down":{"uv":[5.664583,14.659375,5.647917,14.684375],"rotation":0,"texture":"#0","tintindex":0}}},{"from":[7.6306224,7.5933986,6.9475217],"to":[8.455279,8.418055,7.394211],"rotation":{"angle":0.0,"axis":"y","origin":[-11.783165,-6.460123,18.458351]},"faces":{"east":{"uv":[5.66875,14.659375,5.6854167,14.684375],"rotation":0,"texture":"#0","tintindex":0},"south":{"uv":[9.772917,8.503125,9.789583,8.528125],"rotation":0,"texture":"#0","tintindex":0},"north":{"uv":[9.772917,8.471875,9.789583,8.496875],"rotation":0,"texture":"#0","tintindex":0},"west":{"uv":[5.6895833,14.659375,5.70625,14.684375],"rotation":0,"texture":"#0","tintindex":0},"up":{"uv":[9.789583,8.559375,9.772917,8.534375],"rotation":0,"texture":"#0","tintindex":0},"down":{"uv":[5.727083,14.659375,5.710417,14.684375],"rotation":0,"texture":"#0","tintindex":0}}}],"display":{"head":{"translation":[0.0,-6.4,0.0],"scale":[4.0,4.0,4.0]}}}