{"textures":{"0":"modelengine:entity/wu2"},"elements":[{"from":[10.531428,16.340023,5.2238626],"to":[11.383909,17.299063,5.8277025],"rotation":{"angle":0.0,"axis":"y","origin":[12.87575,0.49810266,16.661304]},"faces":{"east":{"uv":[6.5645833,8.815625,6.608429,8.868239],"rotation":0,"texture":"#0","tintindex":0},"south":{"uv":[6.5645833,8.815625,6.608429,8.868239],"rotation":0,"texture":"#0","tintindex":0},"north":{"uv":[6.5645833,8.815625,6.608429,8.868239],"rotation":0,"texture":"#0","tintindex":0},"west":{"uv":[6.5645833,8.815625,6.608429,8.868239],"rotation":0,"texture":"#0","tintindex":0},"up":{"uv":[6.5645833,8.815625,6.608429,8.868239],"rotation":0,"texture":"#0","tintindex":0},"down":{"uv":[6.5645833,8.815625,6.608429,8.868239],"rotation":0,"texture":"#0","tintindex":0}}},{"from":[10.637989,16.340023,4.762103],"to":[11.454948,17.299063,5.2238626],"rotation":{"angle":0.0,"axis":"y","origin":[12.87575,0.49810266,16.661304]},"faces":{"east":{"uv":[6.8770833,14.596875,6.89375,14.653125],"rotation":0,"texture":"#0","tintindex":0},"south":{"uv":[9.73125,10.315625,9.747916,10.371875],"rotation":0,"texture":"#0","tintindex":0},"north":{"uv":[6.85625,14.596875,6.8729167,14.653125],"rotation":0,"texture":"#0","tintindex":0},"west":{"uv":[6.897917,14.596875,6.914583,14.653125],"rotation":0,"texture":"#0","tintindex":0},"up":{"uv":[9.789583,8.684375,9.772917,8.659375],"rotation":0,"texture":"#0","tintindex":0},"down":{"uv":[5.8104167,14.659375,5.79375,14.684375],"rotation":0,"texture":"#0","tintindex":0}}},{"from":[10.531428,15.061303,5.2238626],"to":[11.383909,16.055862,5.8277025],"rotation":{"angle":0.0,"axis":"y","origin":[12.87575,0.49810266,16.661304]},"faces":{"east":{"uv":[6.5645833,8.815625,6.608429,8.868239],"rotation":0,"texture":"#0","tintindex":0},"south":{"uv":[6.5645833,8.815625,6.608429,8.868239],"rotation":0,"texture":"#0","tintindex":0},"north":{"uv":[6.5645833,8.815625,6.608429,8.868239],"rotation":0,"texture":"#0","tintindex":0},"west":{"uv":[6.5645833,8.815625,6.608429,8.868239],"rotation":0,"texture":"#0","tintindex":0},"up":{"uv":[6.5645833,8.815625,6.608429,8.868239],"rotation":0,"texture":"#0","tintindex":0},"down":{"uv":[6.5645833,8.815625,6.608429,8.868239],"rotation":0,"texture":"#0","tintindex":0}}},{"from":[10.637989,15.061303,4.762103],"to":[11.454948,16.055862,5.2238626],"rotation":{"angle":0.0,"axis":"y","origin":[12.87575,0.49810266,16.661304]},"faces":{"east":{"uv":[6.98125,14.596875,6.9979167,14.653125],"rotation":0,"texture":"#0","tintindex":0},"south":{"uv":[9.73125,10.503125,9.747916,10.559375],"rotation":0,"texture":"#0","tintindex":0},"north":{"uv":[9.73125,10.440625,9.747916,10.496875],"rotation":0,"texture":"#0","tintindex":0},"west":{"uv":[7.022917,14.596875,7.039583,14.653125],"rotation":0,"texture":"#0","tintindex":0},"up":{"uv":[9.789583,8.746875,9.772917,8.721875],"rotation":0,"texture":"#0","tintindex":0},"down":{"uv":[5.852083,14.659375,5.835417,14.684375],"rotation":0,"texture":"#0","tintindex":0}}},{"from":[10.531428,13.711543,5.2238626],"to":[11.383909,14.7771435,5.8277025],"rotation":{"angle":0.0,"axis":"y","origin":[12.87575,0.49810266,16.661304]},"faces":{"east":{"uv":[6.5645833,8.815625,6.608429,8.868239],"rotation":0,"texture":"#0","tintindex":0},"south":{"uv":[6.5645833,8.815625,6.608429,8.868239],"rotation":0,"texture":"#0","tintindex":0},"north":{"uv":[6.5645833,8.815625,6.608429,8.868239],"rotation":0,"texture":"#0","tintindex":0},"west":{"uv":[6.5645833,8.815625,6.608429,8.868239],"rotation":0,"texture":"#0","tintindex":0},"up":{"uv":[6.5645833,8.815625,6.608429,8.868239],"rotation":0,"texture":"#0","tintindex":0},"down":{"uv":[6.5645833,8.815625,6.608429,8.868239],"rotation":0,"texture":"#0","tintindex":0}}},{"from":[10.637989,13.711543,4.762103],"to":[11.454948,14.7771435,5.2238626],"rotation":{"angle":0.0,"axis":"y","origin":[12.87575,0.49810266,16.661304]},"faces":{"east":{"uv":[7.1270833,14.596875,7.14375,14.653125],"rotation":0,"texture":"#0","tintindex":0},"south":{"uv":[7.147917,14.596875,7.164583,14.653125],"rotation":0,"texture":"#0","tintindex":0},"north":{"uv":[7.10625,14.596875,7.1229167,14.653125],"rotation":0,"texture":"#0","tintindex":0},"west":{"uv":[7.16875,14.596875,7.1854167,14.653125],"rotation":0,"texture":"#0","tintindex":0},"up":{"uv":[9.789583,8.809375,9.772917,8.784375],"rotation":0,"texture":"#0","tintindex":0},"down":{"uv":[5.89375,14.659375,5.8770833,14.684375],"rotation":0,"texture":"#0","tintindex":0}}}],"display":{"head":{"translation":[0.0,-6.4,0.0],"scale":[4.0,4.0,4.0]}}}