{"textures":{"0":"modelengine:entity/wu2"},"elements":[{"from":[7.906388,7.553311,7.024965],"to":[8.078191,8.51541,7.5060143],"rotation":{"angle":22.5,"axis":"y","origin":[8.773995,8.317837,8.085851]},"faces":{"east":{"uv":[6.5645833,8.815625,6.608429,8.868239],"rotation":0,"texture":"#0","tintindex":0},"south":{"uv":[6.5645833,8.815625,6.608429,8.868239],"rotation":0,"texture":"#0","tintindex":0},"north":{"uv":[6.5645833,8.815625,6.608429,8.868239],"rotation":0,"texture":"#0","tintindex":0},"west":{"uv":[6.5645833,8.815625,6.608429,8.868239],"rotation":0,"texture":"#0","tintindex":0},"up":{"uv":[6.5645833,8.815625,6.608429,8.868239],"rotation":0,"texture":"#0","tintindex":0},"down":{"uv":[6.5645833,8.815625,6.608429,8.868239],"rotation":0,"texture":"#0","tintindex":0}}},{"from":[7.975109,7.381508,6.5782757],"to":[8.52488,8.549771,7.059325],"rotation":{"angle":22.5,"axis":"y","origin":[8.773995,8.317837,8.085851]},"faces":{"east":{"uv":[6.41875,14.596875,6.4354167,14.653125],"rotation":0,"texture":"#0","tintindex":0},"south":{"uv":[6.4395833,14.596875,6.45625,14.653125],"rotation":0,"texture":"#0","tintindex":0},"north":{"uv":[6.397917,14.596875,6.414583,14.653125],"rotation":0,"texture":"#0","tintindex":0},"west":{"uv":[9.73125,9.659375,9.747916,9.715625],"rotation":0,"texture":"#0","tintindex":0},"up":{"uv":[9.789583,8.621875,9.772917,8.596875],"rotation":0,"texture":"#0","tintindex":0},"down":{"uv":[5.76875,14.659375,5.7520833,14.684375],"rotation":0,"texture":"#0","tintindex":0}}}],"display":{"head":{"translation":[0.0,-6.4,0.0],"scale":[4.0,4.0,4.0]}}}