{"textures":{"0":"modelengine:entity/wu2"},"elements":[{"from":[-2.4976835,7.5496297,-2.4172974],"to":[0.24797583,8.450371,0.40380383],"rotation":{"angle":45.0,"axis":"y","origin":[9.091169,10.286144,8.923509]},"faces":{"east":{"uv":[9.48125,10.221875,9.58125,10.278125],"rotation":0,"texture":"#0","tintindex":0},"south":{"uv":[9.460417,10.846875,9.560416,10.903125],"rotation":0,"texture":"#0","tintindex":0},"north":{"uv":[9.48125,10.096875,9.58125,10.153125],"rotation":0,"texture":"#0","tintindex":0},"west":{"uv":[9.460417,11.846875,9.560416,11.903125],"rotation":0,"texture":"#0","tintindex":0},"up":{"uv":[9.122916,9.778125,9.022917,9.628125],"rotation":0,"texture":"#0","tintindex":0},"down":{"uv":[9.460417,11.846875,9.560416,11.903125],"rotation":0,"texture":"#0","tintindex":0}}}],"display":{"head":{"translation":[0.0,-6.4,0.0],"scale":[4.0,4.0,4.0]}}}