{"textures":{"0":"modelengine:entity/wu2"},"elements":[{"from":[5.9440565,-5.1869173,5.6433845],"to":[10.264056,8.205083,10.467384],"rotation":{"angle":0.0,"axis":"y","origin":[-6.2239437,-18.866919,12.195385]},"faces":{"east":{"uv":[5.772917,10.721875,5.9354167,11.434375],"rotation":0,"texture":"#0","tintindex":0},"south":{"uv":[5.772917,10.721875,5.9354167,11.434375],"rotation":0,"texture":"#0","tintindex":0},"north":{"uv":[5.772917,10.721875,5.9354167,11.434375],"rotation":0,"texture":"#0","tintindex":0},"west":{"uv":[5.772917,10.721875,5.9354167,11.434375],"rotation":0,"texture":"#0","tintindex":0},"up":{"uv":[5.772917,10.721875,5.9354167,11.434375],"rotation":0,"texture":"#0","tintindex":0},"down":{"uv":[5.772917,10.721875,5.9354167,11.434375],"rotation":0,"texture":"#0","tintindex":0}}},{"from":[5.728056,0.21308327,5.3553843],"to":[10.480057,7.773083,10.755384],"rotation":{"angle":0.0,"axis":"y","origin":[-6.2239437,-18.866919,12.195385]},"faces":{"east":{"uv":[7.0020833,11.753125,7.164583,12.153125],"rotation":0,"texture":"#0","tintindex":0},"south":{"uv":[7.0020833,11.753125,7.164583,12.153125],"rotation":0,"texture":"#0","tintindex":0},"north":{"uv":[7.0020833,11.753125,7.164583,12.153125],"rotation":0,"texture":"#0","tintindex":0},"west":{"uv":[7.0020833,11.753125,7.164583,12.153125],"rotation":0,"texture":"#0","tintindex":0},"up":{"uv":[7.0020833,11.753125,7.164583,12.153125],"rotation":0,"texture":"#0","tintindex":0},"down":{"uv":[7.0020833,11.753125,7.164583,12.153125],"rotation":0,"texture":"#0","tintindex":0}}},{"from":[6.5200562,1.1490831,4.851384],"to":[9.688057,6.8370833,11.259385],"rotation":{"angle":0.0,"axis":"y","origin":[-6.2239437,-18.866919,12.195385]},"faces":{"east":{"uv":[5.79375,12.628125,5.914583,12.934375],"rotation":0,"texture":"#0","tintindex":0},"south":{"uv":[5.79375,12.628125,5.914583,12.934375],"rotation":0,"texture":"#0","tintindex":0},"north":{"uv":[5.79375,12.628125,5.914583,12.934375],"rotation":0,"texture":"#0","tintindex":0},"west":{"uv":[5.79375,12.628125,5.914583,12.934375],"rotation":0,"texture":"#0","tintindex":0},"up":{"uv":[5.79375,12.628125,5.914583,12.934375],"rotation":0,"texture":"#0","tintindex":0},"down":{"uv":[5.79375,12.628125,5.914583,12.934375],"rotation":0,"texture":"#0","tintindex":0}}},{"from":[11.264251,1.562923,4.995384],"to":[12.272251,7.757209,10.971385],"rotation":{"angle":22.5,"axis":"z","origin":[11.2282505,2.7172089,7.9833846]},"faces":{"east":{"uv":[5.7708335,8.315625,5.9887085,8.67],"rotation":0,"texture":"#0","tintindex":0},"south":{"uv":[5.7708335,8.315625,5.9887085,8.67],"rotation":0,"texture":"#0","tintindex":0},"north":{"uv":[5.7708335,8.315625,5.9887085,8.67],"rotation":0,"texture":"#0","tintindex":0},"west":{"uv":[5.7708335,8.315625,5.9887085,8.67],"rotation":0,"texture":"#0","tintindex":0},"up":{"uv":[5.7708335,8.315625,5.9887085,8.67],"rotation":0,"texture":"#0","tintindex":0},"down":{"uv":[5.7708335,8.315625,5.9887085,8.67],"rotation":0,"texture":"#0","tintindex":0}}},{"from":[11.264251,-2.1513634,4.995384],"to":[11.552251,4.157209,10.971385],"rotation":{"angle":22.5,"axis":"z","origin":[11.2282505,-0.8827915,7.9833846]},"faces":{"east":{"uv":[5.7708335,8.315625,5.9887085,8.67],"rotation":0,"texture":"#0","tintindex":0},"south":{"uv":[5.7708335,8.315625,5.9887085,8.67],"rotation":0,"texture":"#0","tintindex":0},"north":{"uv":[5.7708335,8.315625,5.9887085,8.67],"rotation":0,"texture":"#0","tintindex":0},"west":{"uv":[5.7708335,8.315625,5.9887085,8.67],"rotation":0,"texture":"#0","tintindex":0},"up":{"uv":[5.7708335,8.315625,5.9887085,8.67],"rotation":0,"texture":"#0","tintindex":0},"down":{"uv":[5.7708335,8.315625,5.9887085,8.67],"rotation":0,"texture":"#0","tintindex":0}}},{"from":[11.149965,-2.3799343,10.035385],"to":[11.840251,4.157209,11.043385],"rotation":{"angle":22.5,"axis":"z","origin":[11.2282505,-0.8827915,7.9833846]},"faces":{"east":{"uv":[9.127084,9.409375,9.164583,9.746875],"rotation":0,"texture":"#0","tintindex":0},"south":{"uv":[9.127084,9.409375,9.164583,9.746875],"rotation":0,"texture":"#0","tintindex":0},"north":{"uv":[9.127084,9.409375,9.164583,9.746875],"rotation":0,"texture":"#0","tintindex":0},"west":{"uv":[9.127084,9.409375,9.164583,9.746875],"rotation":0,"texture":"#0","tintindex":0},"up":{"uv":[9.127084,9.409375,9.164583,9.746875],"rotation":0,"texture":"#0","tintindex":0},"down":{"uv":[9.127084,9.409375,9.164583,9.746875],"rotation":0,"texture":"#0","tintindex":0}}},{"from":[11.149965,1.2772088,10.035385],"to":[12.560251,7.757209,11.043385],"rotation":{"angle":22.5,"axis":"z","origin":[11.2282505,2.7172089,7.9833846]},"faces":{"east":{"uv":[9.127084,9.409375,9.164583,9.746875],"rotation":0,"texture":"#0","tintindex":0},"south":{"uv":[9.127084,9.409375,9.164583,9.746875],"rotation":0,"texture":"#0","tintindex":0},"north":{"uv":[9.127084,9.409375,9.164583,9.746875],"rotation":0,"texture":"#0","tintindex":0},"west":{"uv":[9.127084,9.409375,9.164583,9.746875],"rotation":0,"texture":"#0","tintindex":0},"up":{"uv":[9.127084,9.409375,9.164583,9.746875],"rotation":0,"texture":"#0","tintindex":0},"down":{"uv":[9.127084,9.409375,9.164583,9.746875],"rotation":0,"texture":"#0","tintindex":0}}},{"from":[11.149965,-2.3799343,4.9233847],"to":[11.840251,4.157209,5.9313846],"rotation":{"angle":22.5,"axis":"z","origin":[11.2282505,-0.8827915,2.8713846]},"faces":{"east":{"uv":[7.397917,13.690625,7.4354167,14.028125],"rotation":0,"texture":"#0","tintindex":0},"south":{"uv":[7.397917,13.690625,7.4354167,14.028125],"rotation":0,"texture":"#0","tintindex":0},"north":{"uv":[7.397917,13.690625,7.4354167,14.028125],"rotation":0,"texture":"#0","tintindex":0},"west":{"uv":[7.397917,13.690625,7.4354167,14.028125],"rotation":0,"texture":"#0","tintindex":0},"up":{"uv":[7.397917,13.690625,7.4354167,14.028125],"rotation":0,"texture":"#0","tintindex":0},"down":{"uv":[7.397917,13.690625,7.4354167,14.028125],"rotation":0,"texture":"#0","tintindex":0}}},{"from":[11.149965,1.2772088,4.9233847],"to":[12.560251,7.757209,5.9313846],"rotation":{"angle":22.5,"axis":"z","origin":[11.2282505,2.7172089,2.8713846]},"faces":{"east":{"uv":[7.397917,13.690625,7.4354167,14.028125],"rotation":0,"texture":"#0","tintindex":0},"south":{"uv":[7.397917,13.690625,7.4354167,14.028125],"rotation":0,"texture":"#0","tintindex":0},"north":{"uv":[7.397917,13.690625,7.4354167,14.028125],"rotation":0,"texture":"#0","tintindex":0},"west":{"uv":[7.397917,13.690625,7.4354167,14.028125],"rotation":0,"texture":"#0","tintindex":0},"up":{"uv":[7.397917,13.690625,7.4354167,14.028125],"rotation":0,"texture":"#0","tintindex":0},"down":{"uv":[7.397917,13.690625,7.4354167,14.028125],"rotation":0,"texture":"#0","tintindex":0}}},{"from":[11.264251,3.293209,5.9313846],"to":[11.840251,4.157209,10.035385],"rotation":{"angle":22.5,"axis":"z","origin":[11.2282505,-0.8827915,2.8713846]},"faces":{"east":{"uv":[9.335417,11.284375,9.477083,11.340625],"rotation":0,"texture":"#0","tintindex":0},"south":{"uv":[5.48125,13.659375,5.4979167,13.715625],"rotation":0,"texture":"#0","tintindex":0},"north":{"uv":[7.73125,13.596875,7.7479167,13.653125],"rotation":0,"texture":"#0","tintindex":0},"west":{"uv":[9.335417,11.346875,9.477083,11.403125],"rotation":0,"texture":"#0","tintindex":0},"up":{"uv":[8.602083,14.528125,8.585417,14.315625],"rotation":0,"texture":"#0","tintindex":0},"down":{"uv":[8.622916,14.315625,8.60625,14.528125],"rotation":0,"texture":"#0","tintindex":0}}},{"from":[11.264251,6.893209,5.9313846],"to":[12.560251,7.757209,10.035385],"rotation":{"angle":22.5,"axis":"z","origin":[11.2282505,2.7172089,2.8713846]},"faces":{"east":{"uv":[7.585417,10.628125,7.727083,10.684375],"rotation":0,"texture":"#0","tintindex":0},"south":{"uv":[7.585417,10.628125,7.727083,10.684375],"rotation":0,"texture":"#0","tintindex":0},"north":{"uv":[7.585417,10.628125,7.727083,10.684375],"rotation":0,"texture":"#0","tintindex":0},"west":{"uv":[7.585417,10.628125,7.727083,10.684375],"rotation":0,"texture":"#0","tintindex":0},