{"textures":{"0":"modelengine:entity/wu2"},"elements":[{"from":[8.133255,-5.322377,5.6433845],"to":[12.453255,8.069623,10.467384],"rotation":{"angle":0.0,"axis":"y","origin":[-4.3227453,-19.002377,12.195385]},"faces":{"east":{"uv":[7.04375,9.628125,7.20625,10.340625],"rotation":0,"texture":"#0","tintindex":0},"south":{"uv":[7.04375,9.628125,7.20625,10.340625],"rotation":0,"texture":"#0","tintindex":0},"north":{"uv":[7.04375,9.628125,7.20625,10.340625],"rotation":0,"texture":"#0","tintindex":0},"west":{"uv":[7.04375,9.628125,7.20625,10.340625],"rotation":0,"texture":"#0","tintindex":0},"up":{"uv":[5.772917,10.721875,5.9354167,11.434375],"rotation":0,"texture":"#0","tintindex":0},"down":{"uv":[7.04375,9.628125,7.20625,10.340625],"rotation":0,"texture":"#0","tintindex":0}}},{"from":[7.917255,0.07762289,5.3553843],"to":[12.669255,7.6376233,10.755384],"rotation":{"angle":0.0,"axis":"y","origin":[-4.3227453,-19.002377,12.195385]},"faces":{"east":{"uv":[6.23125,11.659375,6.39375,12.059375],"rotation":0,"texture":"#0","tintindex":0},"south":{"uv":[6.23125,11.659375,6.39375,12.059375],"rotation":0,"texture":"#0","tintindex":0},"north":{"uv":[6.23125,11.659375,6.39375,12.059375],"rotation":0,"texture":"#0","tintindex":0},"west":{"uv":[6.23125,11.659375,6.39375,12.059375],"rotation":0,"texture":"#0","tintindex":0},"up":{"uv":[6.23125,11.659375,6.39375,12.059375],"rotation":0,"texture":"#0","tintindex":0},"down":{"uv":[6.23125,11.659375,6.39375,12.059375],"rotation":0,"texture":"#0","tintindex":0}}},{"from":[8.709255,1.0136232,4.851384],"to":[11.877255,6.701623,11.259385],"rotation":{"angle":0.0,"axis":"y","origin":[-4.3227453,-19.002377,12.195385]},"faces":{"east":{"uv":[5.79375,12.628125,5.914583,12.934375],"rotation":0,"texture":"#0","tintindex":0},"south":{"uv":[5.79375,12.628125,5.914583,12.934375],"rotation":0,"texture":"#0","tintindex":0},"north":{"uv":[5.79375,12.628125,5.914583,12.934375],"rotation":0,"texture":"#0","tintindex":0},"west":{"uv":[5.79375,12.628125,5.914583,12.934375],"rotation":0,"texture":"#0","tintindex":0},"up":{"uv":[5.79375,12.628125,5.914583,12.934375],"rotation":0,"texture":"#0","tintindex":0},"down":{"uv":[5.79375,12.628125,5.914583,12.934375],"rotation":0,"texture":"#0","tintindex":0}}},{"from":[6.589608,1.2775087,5.10967],"to":[7.597608,7.7575088,10.8571],"rotation":{"angle":-22.5,"axis":"z","origin":[7.208808,4.5175085,7.9833846]},"faces":{"east":{"uv":[5.7708335,8.315625,5.9887085,8.67],"rotation":0,"texture":"#0","tintindex":0},"south":{"uv":[5.7708335,8.315625,5.9887085,8.67],"rotation":0,"texture":"#0","tintindex":0},"north":{"uv":[5.7708335,8.315625,5.9887085,8.67],"rotation":0,"texture":"#0","tintindex":0},"west":{"uv":[5.7708335,8.315625,5.9887085,8.67],"rotation":0,"texture":"#0","tintindex":0},"up":{"uv":[5.7708335,8.315625,5.9887085,8.67],"rotation":0,"texture":"#0","tintindex":0},"down":{"uv":[5.7708335,8.315625,5.9887085,8.67],"rotation":0,"texture":"#0","tintindex":0}}},{"from":[7.4982047,-2.100257,4.995384],"to":[7.4982047,4.0917425,10.971385],"rotation":{"angle":-22.5,"axis":"z","origin":[7.901405,0.85174274,7.9833846]},"faces":{"east":{"uv":[5.7708335,8.315625,5.9887085,8.67],"rotation":0,"texture":"#0","tintindex":0},"south":{"uv":[5.7708335,8.315625,5.9887085,8.67],"rotation":0,"texture":"#0","tintindex":0},"north":{"uv":[5.7708335,8.315625,5.9887085,8.67],"rotation":0,"texture":"#0","tintindex":0},"west":{"uv":[5.7708335,8.315625,5.9887085,8.67],"rotation":0,"texture":"#0","tintindex":0},"up":{"uv":[5.7708335,8.315625,5.9887085,8.67],"rotation":0,"texture":"#0","tintindex":0},"down":{"uv":[5.7708335,8.315625,5.9887085,8.67],"rotation":0,"texture":"#0","tintindex":0}}},{"from":[7.3542047,-2.4602575,10.035385],"to":[7.9873476,4.0197425,11.043385],"rotation":{"angle":-22.5,"axis":"z","origin":[8.261405,0.77974224,7.9833846]},"faces":{"east":{"uv":[9.127084,9.409375,9.164583,9.746875],"rotation":0,"texture":"#0","tintindex":0},"south":{"uv":[9.127084,9.409375,9.164583,9.746875],"rotation":0,"texture":"#0","tintindex":0},"north":{"uv":[9.127084,9.409375,9.164583,9.746875],"rotation":0,"texture":"#0","tintindex":0},"west":{"uv":[9.127084,9.409375,9.164583,9.746875],"rotation":0,"texture":"#0","tintindex":0},"up":{"uv":[9.127084,9.409375,9.164583,9.746875],"rotation":0,"texture":"#0","tintindex":0},"down":{"uv":[9.127084,9.409375,9.164583,9.746875],"rotation":0,"texture":"#0","tintindex":0}}},{"from":[6.373608,1.1632228,10.035385],"to":[7.438751,7.7575088,11.043385],"rotation":{"angle":-22.5,"axis":"z","origin":[7.208808,4.5175085,7.9833846]},"faces":{"east":{"uv":[9.127084,9.409375,9.164583,9.746875],"rotation":0,"texture":"#0","tintindex":0},"south":{"uv":[9.127084,9.409375,9.164583,9.746875],"rotation":0,"texture":"#0","tintindex":0},"north":{"uv":[9.127084,9.409375,9.164583,9.746875],"rotation":0,"texture":"#0","tintindex":0},"west":{"uv":[9.127084,9.409375,9.164583,9.746875],"rotation":0,"texture":"#0","tintindex":0},"up":{"uv":[9.127084,9.409375,9.164583,9.746875],"rotation":0,"texture":"#0","tintindex":0},"down":{"uv":[9.127084,9.409375,9.164583,9.746875],"rotation":0,"texture":"#0","tintindex":0}}},{"from":[7.3542047,-2.4602575,4.9233847],"to":[7.9873476,4.0197425,5.9313846],"rotation":{"angle":-22.5,"axis":"z","origin":[8.261405,0.77974224,7.9833846]},"faces":{"east":{"uv":[7.397917,13.690625,7.4354167,14.028125],"rotation":0,"texture":"#0","tintindex":0},"south":{"uv":[7.397917,13.690625,7.4354167,14.028125],"rotation":0,"texture":"#0","tintindex":0},"north":{"uv":[7.397917,13.690625,7.4354167,14.028125],"rotation":0,"texture":"#0","tintindex":0},"west":{"uv":[7.397917,13.690625,7.4354167,14.028125],"rotation":0,"texture":"#0","tintindex":0},"up":{"uv":[7.397917,13.690625,7.4354167,14.028125],"rotation":0,"texture":"#0","tintindex":0},"down":{"uv":[7.397917,13.690625,7.4354167,14.028125],"rotation":0,"texture":"#0","tintindex":0}}},{"from":[6.373608,1.1632228,4.9233847],"to":[7.438751,7.7575088,5.9313846],"rotation":{"angle":-22.5,"axis":"z","origin":[7.208808,4.5175085,7.9833846]},"faces":{"east":{"uv":[7.3145833,13.690625,7.352083,14.028125],"rotation":0,"texture":"#0","tintindex":0},"south":{"uv":[7.35625,13.690625,7.39375,14.028125],"rotation":0,"texture":"#0","tintindex":0},"north":{"uv":[6.73125,13.690625,6.76875,14.028125],"rotation":0,"texture":"#0","tintindex":0},"west":{"uv":[7.397917,13.690625,7.4354167,14.028125],"rotation":0,"texture":"#0","tintindex":0},"up":{"uv":[8.20625,13.496875,8.16875,13.440625],"rotation":0,"texture":"#0","tintindex":0},"down":{"uv":[7.397917,13.690625,7.4354167,14.028125],"rotation":0,"texture":"#0","tintindex":0}}},{"from":[7.3542047,3.1557426,5.9313846],"to":[7.930205,4.0197425,10.035385],"rotation":{"angle":-22.5,"axis":"z","origin":[8.261405,0.77974224,7.9833846]},"faces":{"east":{"uv":[6.460417,8.315625,6.602083,8.371875],"rotation":0,"texture":"#0","tintindex":0},"south":{"uv":[8.647917,13.065625,8.664583,13.121875],"rotation":0,"texture":"#0","tintindex":0},"north":{"uv":[8.627084,8.471875,8.64375,8.528125],"rotation":0,"texture":"#0","tintindex":0},"west":{"uv":[7.272917,9.253125,7.414583,9.309375],"rotation":0,"texture":"#0","tintindex":0},"up":{"uv":[8.164583,14.528125,8.147917,14.315625],"rotation":0,"texture":"#0","tintindex":0},"down":{"uv":[8.185416,14.315625,8.16875,14.528125],"rotation":0,"texture":"#0","tintindex":0}}},{"from":[6.373608,6.893509,5.9313846],"to":[7.381608,7.7575088,10.035385],"rotation":{"angle":-22.5,"axis":"z","origin":[7.208808,4.5175085,7.9833846]},"faces":{"east":{"uv":[7.48125,8.690625,7.6229167,8.746875],"rotation":0,"texture":"#0","tintindex":0},"south":{"uv":[9.60625,9.378125,9.64375,9.434375],"rotation":0,"texture":"#0","tintindex":0},"north":{"uv":[9.252084,9.784375,9.289583,9.840625],"rotation":0,"texture":"#0","tintindex":0},"west":{"uv":[7.585417,10.628125,7.727083,10.684375],"rotation":0,"texture":"#0","tintindex":0},"up":{"uv":[7.414583,10.278125,7.3770833,10.065625],"rotation":0,"texture":"#0","tintindex":0},