{"textures":{"0":"modelengine:entity/wu2"},"elements":[{"from":[-2.0160036,10.508134,8.738952],"to":[-1.8629189,10.888766,9.110294],"rotation":{"angle":22.5,"axis":"z","origin":[9.528005,14.423605,8.053766]},"faces":{"east":{"uv":[7.460417,14.659375,7.477083,14.684375],"rotation":0,"texture":"#0","tintindex":0},"south":{"uv":[9.772917,11.190625,9.789583,11.215625],"rotation":0,"texture":"#0","tintindex":0},"north":{"uv":[9.772917,11.159375,9.789583,11.184375],"rotation":0,"texture":"#0","tintindex":0},"west":{"uv":[7.48125,14.659375,7.4979167,14.684375],"rotation":0,"texture":"#0","tintindex":0},"up":{"uv":[9.789583,11.246875,9.772917,11.221875],"rotation":0,"texture":"#0","tintindex":0},"down":{"uv":[7.51875,14.659375,7.5020833,14.684375],"rotation":0,"texture":"#0","tintindex":0}}},{"from":[8.054019,2.3939538,8.738952],"to":[8.434651,2.5470395,9.110294],"rotation":{"angle":-45.0,"axis":"z","origin":[9.528005,14.423605,8.053766]},"faces":{"east":{"uv":[9.772917,11.753125,9.789583,11.778125],"rotation":0,"texture":"#0","tintindex":0},"south":{"uv":[9.772917,11.753125,9.789583,11.778125],"rotation":0,"texture":"#0","tintindex":0},"north":{"uv":[9.772917,11.753125,9.789583,11.778125],"rotation":0,"texture":"#0","tintindex":0},"west":{"uv":[9.772917,11.753125,9.789583,11.778125],"rotation":0,"texture":"#0","tintindex":0},"up":{"uv":[9.772917,11.753125,9.789583,11.778125],"rotation":0,"texture":"#0","tintindex":0},"down":{"uv":[9.772917,11.753125,9.789583,11.778125],"rotation":0,"texture":"#0","tintindex":0}}},{"from":[4.234638,2.8680577,8.738952],"to":[4.3877234,3.2486901,9.110294],"rotation":{"angle":-22.5,"axis":"z","origin":[9.528005,14.423605,8.053766]},"faces":{"east":{"uv":[9.772917,12.503125,9.789583,12.528125],"rotation":0,"texture":"#0","tintindex":0},"south":{"uv":[9.772917,12.503125,9.789583,12.528125],"rotation":0,"texture":"#0","tintindex":0},"north":{"uv":[9.772917,12.503125,9.789583,12.528125],"rotation":0,"texture":"#0","tintindex":0},"west":{"uv":[9.772917,12.503125,9.789583,12.528125],"rotation":0,"texture":"#0","tintindex":0},"up":{"uv":[9.772917,12.503125,9.789583,12.528125],"rotation":0,"texture":"#0","tintindex":0},"down":{"uv":[9.772917,12.503125,9.789583,12.528125],"rotation":0,"texture":"#0","tintindex":0}}},{"from":[0.34946394,6.0664306,8.738952],"to":[0.50254965,6.4470634,9.110294],"rotation":{"angle":0.0,"axis":"y","origin":[9.528005,14.423605,8.053766]},"faces":{"east":{"uv":[9.772917,12.596875,9.789583,12.621875],"rotation":0,"texture":"#0","tintindex":0},"south":{"uv":[9.772917,12.596875,9.789583,12.621875],"rotation":0,"texture":"#0","tintindex":0},"north":{"uv":[9.772917,12.596875,9.789583,12.621875],"rotation":0,"texture":"#0","tintindex":0},"west":{"uv":[9.772917,12.596875,9.789583,12.621875],"rotation":0,"texture":"#0","tintindex":0},"up":{"uv":[9.772917,12.596875,9.789583,12.621875],"rotation":0,"texture":"#0","tintindex":0},"down":{"uv":[9.772917,12.596875,9.789583,12.621875],"rotation":0,"texture":"#0","tintindex":0}}}],"display":{"head":{"translation":[0.0,-6.4,0.0],"scale":[4.0,4.0,4.0]}}}