{"textures":{"0":"modelengine:entity/wu2"},"elements":[{"from":[5.519503,6.545342,6.5790367],"to":[7.2631702,8.92307,8.956765],"rotation":{"angle":-22.5,"axis":"z","origin":[11.974295,3.718989,9.111279]},"faces":{"east":{"uv":[9.460417,13.315625,9.51875,13.434375],"rotation":0,"texture":"#0","tintindex":0},"south":{"uv":[9.460417,13.315625,9.51875,13.434375],"rotation":0,"texture":"#0","tintindex":0},"north":{"uv":[9.460417,13.315625,9.51875,13.434375],"rotation":0,"texture":"#0","tintindex":0},"west":{"uv":[9.460417,13.315625,9.51875,13.434375],"rotation":0,"texture":"#0","tintindex":0},"up":{"uv":[9.460417,13.315625,9.51875,13.434375],"rotation":0,"texture":"#0","tintindex":0},"down":{"uv":[9.460417,13.315625,9.51875,13.434375],"rotation":0,"texture":"#0","tintindex":0}}},{"from":[5.134223,5.279422,6.248797],"to":[7.6484504,7.6571503,9.287004],"rotation":{"angle":-22.5,"axis":"z","origin":[11.974295,3.718989,9.111279]},"faces":{"east":{"uv":[9.314584,10.346875,9.39375,10.465625],"rotation":0,"texture":"#0","tintindex":0},"south":{"uv":[9.314584,10.346875,9.39375,10.465625],"rotation":0,"texture":"#0","tintindex":0},"north":{"uv":[9.314584,10.346875,9.39375,10.465625],"rotation":0,"texture":"#0","tintindex":0},"west":{"uv":[9.314584,10.346875,9.39375,10.465625],"rotation":0,"texture":"#0","tintindex":0},"up":{"uv":[9.314584,10.346875,9.39375,10.465625],"rotation":0,"texture":"#0","tintindex":0},"down":{"uv":[9.314584,10.346875,9.39375,10.465625],"rotation":0,"texture":"#0","tintindex":0}}},{"from":[7.9488893,10.3298025,6.658294],"to":[9.534041,12.70753,8.877507],"rotation":{"angle":0.0,"axis":"y","origin":[12.059584,4.940339,9.2697935]},"faces":{"east":{"uv":[9.48125,8.659375,9.539583,8.778125],"rotation":0,"texture":"#0","tintindex":0},"south":{"uv":[9.48125,8.659375,9.539583,8.778125],"rotation":0,"texture":"#0","tintindex":0},"north":{"uv":[9.48125,8.659375,9.539583,8.778125],"rotation":0,"texture":"#0","tintindex":0},"west":{"uv":[9.48125,8.659375,9.539583,8.778125],"rotation":0,"texture":"#0","tintindex":0},"up":{"uv":[9.48125,8.659375,9.539583,8.778125],"rotation":0,"texture":"#0","tintindex":0},"down":{"uv":[9.48125,8.659375,9.539583,8.778125],"rotation":0,"texture":"#0","tintindex":0}}},{"from":[6.9514246,15.412273,7.285961],"to":[8.695092,16.363365,8.395568],"rotation":{"angle":22.5,"axis":"z","origin":[7.202345,8.967091,9.2697935]},"faces":{"east":{"uv":[9.585417,12.284375,9.64375,12.340625],"rotation":0,"texture":"#0","tintindex":0},"south":{"uv":[9.585417,12.284375,9.64375,12.340625],"rotation":0,"texture":"#0","tintindex":0},"north":{"uv":[9.585417,12.284375,9.64375,12.340625],"rotation":0,"texture":"#0","tintindex":0},"west":{"uv":[9.585417,12.284375,9.64375,12.340625],"rotation":0,"texture":"#0","tintindex":0},"up":{"uv":[9.585417,12.284375,9.64375,12.340625],"rotation":0,"texture":"#0","tintindex":0},"down":{"uv":[9.585417,12.284375,9.64375,12.340625],"rotation":0,"texture":"#0","tintindex":0}}},{"from":[6.0823646,15.521862,7.420259],"to":[6.9453917,16.314438,8.2612705],"rotation":{"angle":22.5,"axis":"z","origin":[7.2755694,8.997421,9.349051]},"faces":{"east":{"uv":[7.73125,14.596875,7.76875,14.621875],"rotation":0,"texture":"#0","tintindex":0},"south":{"uv":[7.73125,14.596875,7.76875,14.621875],"rotation":0,"texture":"#0","tintindex":0},"north":{"uv":[7.73125,14.596875,7.76875,14.621875],"rotation":0,"texture":"#0","tintindex":0},"west":{"uv":[7.73125,14.596875,7.76875,14.621875],"rotation":0,"texture":"#0","tintindex":0},"up":{"uv":[7.73125,14.596875,7.76875,14.621875],"rotation":0,"texture":"#0","tintindex":0},"down":{"uv":[7.73125,14.596875,7.76875,14.621875],"rotation":0,"texture":"#0","tintindex":0}}},{"from":[5.6917086,15.567298,7.5992746],"to":[6.3896155,16.249794,8.220126],"rotation":{"angle":22.5,"axis":"z","origin":[7.288574,8.642096,9.483725]},"faces":{"east":{"uv":[9.772917,9.565625,9.789583,9.590625],"rotation":0,"texture":"#0","tintindex":0},"south":{"uv":[9.772917,9.565625,9.789583,9.590625],"rotation":0,"texture":"#0","tintindex":0},"north":{"uv":[9.772917,9.565625,9.789583,9.590625],"rotation":0,"texture":"#0","tintindex":0},"west":{"uv":[9.772917,9.565625,9.789583,9.590625],"rotation":0,"texture":"#0","tintindex":0},"up":{"uv":[9.772917,9.565625,9.789583,9.590625],"rotation":0,"texture":"#0","tintindex":0},"down":{"uv":[9.772917,9.565625,9.789583,9.590625],"rotation":0,"texture":"#0","tintindex":0}}},{"from":[10.324256,13.082771,6.8168097],"to":[11.909408,15.460499,8.718992],"rotation":{"angle":22.5,"axis":"z","origin":[11.664956,6.9242644,9.2697935]},"faces":{"east":{"uv":[6.022917,14.221875,6.08125,14.340625],"rotation":0,"texture":"#0","tintindex":0},"south":{"uv":[6.022917,14.221875,6.08125,14.340625],"rotation":0,"texture":"#0","tintindex":0},"north":{"uv":[6.022917,14.221875,6.08125,14.340625],"rotation":0,"texture":"#0","tintindex":0},"west":{"uv":[6.022917,14.221875,6.08125,14.340625],"rotation":0,"texture":"#0","tintindex":0},"up":{"uv":[6.022917,14.221875,6.08125,14.340625],"rotation":0,"texture":"#0","tintindex":0},"down":{"uv":[6.022917,14.221875,6.08125,14.340625],"rotation":0,"texture":"#0","tintindex":0}}},{"from":[13.893716,15.111555,7.0545826],"to":[15.161837,17.489285,8.481219],"rotation":{"angle":45.0,"axis":"z","origin":[12.22246,6.9248476,9.2697935]},"faces":{"east":{"uv":[7.60625,14.315625,7.64375,14.434375],"rotation":0,"texture":"#0","tintindex":0},"south":{"uv":[7.60625,14.315625,7.64375,14.434375],"rotation":0,"texture":"#0","tintindex":0},"north":{"uv":[7.60625,14.315625,7.64375,14.434375],"rotation":0,"texture":"#0","tintindex":0},"west":{"uv":[7.60625,14.315625,7.64375,14.434375],"rotation":0,"texture":"#0","tintindex":0},"up":{"uv":[7.60625,14.315625,7.64375,14.434375],"rotation":0,"texture":"#0","tintindex":0},"down":{"uv":[7.60625,14.315625,7.64375,14.434375],"rotation":0,"texture":"#0","tintindex":0}}},{"from":[5.516374,15.443136,7.13384],"to":[6.8307295,16.394228,8.401961],"rotation":{"angle":0.0,"axis":"y","origin":[9.514786,5.218959,9.2697935]},"faces":{"east":{"uv":[9.689584,12.784375,9.727083,12.840625],"rotation":0,"texture":"#0","tintindex":0},"south":{"uv":[9.689584,12.784375,9.727083,12.840625],"rotation":0,"texture":"#0","tintindex":0},"north":{"uv":[9.689584,12.784375,9.727083,12.840625],"rotation":0,"texture":"#0","tintindex":0},"west":{"uv":[9.689584,12.784375,9.727083,12.840625],"rotation":0,"texture":"#0","tintindex":0},"up":{"uv":[9.689584,12.784375,9.727083,12.840625],"rotation":0,"texture":"#0","tintindex":0},"down":{"uv":[9.689584,12.784375,9.727083,12.840625],"rotation":0,"texture":"#0","tintindex":0}}}],"display":{"head":{"translation":[0.0,-6.4,0.0],"scale":[4.0,4.0,4.0]}}}