{"textures":{"0":"modelengine:entity/wu2"},"elements":[{"from":[6.9142857,7.428571,7.8285713],"to":[9.085714,8.571428,8.171429],"rotation":{"angle":0.0,"axis":"y","origin":[5.714286,-1.257144,2.342857]},"faces":{"east":{"uv":[5.91875,7.0135417,6.14375,7.351042],"rotation":0,"texture":"#0","tintindex":0},"south":{"uv":[5.91875,7.0135417,6.14375,7.351042],"rotation":0,"texture":"#0","tintindex":0},"north":{"uv":[5.91875,7.0135417,6.14375,7.351042],"rotation":0,"texture":"#0","tintindex":0},"west":{"uv":[5.91875,7.0135417,6.14375,7.351042],"rotation":0,"texture":"#0","tintindex":0},"up":{"uv":[5.91875,7.0135417,6.14375,7.351042],"rotation":0,"texture":"#0","tintindex":0},"down":{"uv":[5.91875,7.0135417,6.14375,7.351042],"rotation":0,"texture":"#0","tintindex":0}}}],"display":{"head":{"translation":[0.0,-6.4,0.0],"scale":[4.0,4.0,4.0]}}}