{"textures":{"1":"modelengine:entity/wustick"},"elements":[{"from":[4.950857,5.405714,5.8674283],"to":[11.049143,10.594286,7.846857],"rotation":{"angle":0.0,"axis":"y","origin":[-4.880001,-42.178288,6.5942855]},"faces":{"east":{"uv":[10.625,4.125,12.125,4.625],"rotation":0,"texture":"#1","tintindex":0},"south":{"uv":[10.625,4.125,12.125,4.625],"rotation":0,"texture":"#1","tintindex":0},"north":{"uv":[10.625,4.125,12.125,4.625],"rotation":0,"texture":"#1","tintindex":0},"west":{"uv":[10.625,4.125,12.125,4.625],"rotation":0,"texture":"#1","tintindex":0},"up":{"uv":[10.625,4.125,12.125,4.625],"rotation":0,"texture":"#1","tintindex":0},"down":{"uv":[10.625,4.125,12.125,4.625],"rotation":0,"texture":"#1","tintindex":0}}}],"display":{"head":{"translation":[0.0,-6.4,0.0],"scale":[4.0,4.0,4.0]}}}