{"textures":{"1":"modelengine:entity/wustick"},"elements":[{"from":[4.950857,1.9771428,7.010286],"to":[11.049143,7.1657143,8.989715],"rotation":{"angle":0.0,"axis":"y","origin":[-4.880001,-45.606857,7.737143]},"faces":{"east":{"uv":[10.625,4.125,12.125,4.625],"rotation":0,"texture":"#1","tintindex":0},"south":{"uv":[10.625,4.125,12.125,4.625],"rotation":0,"texture":"#1","tintindex":0},"north":{"uv":[10.625,4.125,12.125,4.625],"rotation":0,"texture":"#1","tintindex":0},"west":{"uv":[10.625,4.125,12.125,4.625],"rotation":0,"texture":"#1","tintindex":0},"up":{"uv":[10.625,4.125,12.125,4.625],"rotation":0,"texture":"#1","tintindex":0},"down":{"uv":[10.625,4.125,12.125,4.625],"rotation":0,"texture":"#1","tintindex":0}}}],"display":{"head":{"translation":[0.0,-6.4,0.0],"scale":[4.0,4.0,4.0]}}}