{"textures":{"0":"modelengine:entity/wu2"},"elements":[{"from":[7.286276,14.757793,2.482182],"to":[8.583899,15.9598675,4.6089277],"rotation":{"angle":0.0,"axis":"y","origin":[9.9264,11.816412,8.447822]},"faces":{"east":{"uv":[9.314584,10.346875,9.39375,10.465625],"rotation":0,"texture":"#0","tintindex":0},"south":{"uv":[9.314584,10.346875,9.39375,10.465625],"rotation":0,"texture":"#0","tintindex":0},"north":{"uv":[9.314584,10.346875,9.39375,10.465625],"rotation":0,"texture":"#0","tintindex":0},"west":{"uv":[9.314584,10.346875,9.39375,10.465625],"rotation":0,"texture":"#0","tintindex":0},"up":{"uv":[9.314584,10.346875,9.39375,10.465625],"rotation":0,"texture":"#0","tintindex":0},"down":{"uv":[9.314584,10.346875,9.39375,10.465625],"rotation":0,"texture":"#0","tintindex":0}}},{"from":[7.286276,11.479158,0.23719406],"to":[8.583899,12.681232,1.4777961],"rotation":{"angle":22.5,"axis":"x","origin":[8.0,7.8259234,7.838486]},"faces":{"east":{"uv":[9.460417,13.315625,9.51875,13.409375],"rotation":0,"texture":"#0","tintindex":0},"south":{"uv":[9.460417,13.315625,9.51875,13.409375],"rotation":0,"texture":"#0","tintindex":0},"north":{"uv":[9.460417,13.315625,9.51875,13.409375],"rotation":0,"texture":"#0","tintindex":0},"west":{"uv":[9.460417,13.315625,9.51875,13.409375],"rotation":0,"texture":"#0","tintindex":0},"up":{"uv":[9.460417,13.315625,9.51875,13.409375],"rotation":0,"texture":"#0","tintindex":0},"down":{"uv":[9.460417,13.315625,9.51875,13.409375],"rotation":0,"texture":"#0","tintindex":0}}},{"from":[7.4789157,7.501646,-0.31362247],"to":[8.391259,8.70372,0.5416994],"rotation":{"angle":45.0,"axis":"x","origin":[8.0,8.0,8.0]},"faces":{"east":{"uv":[9.460417,13.315625,9.51875,13.409375],"rotation":0,"texture":"#0","tintindex":0},"south":{"uv":[9.460417,13.315625,9.51875,13.409375],"rotation":0,"texture":"#0","tintindex":0},"north":{"uv":[9.460417,13.315625,9.51875,13.409375],"rotation":0,"texture":"#0","tintindex":0},"west":{"uv":[9.460417,13.315625,9.51875,13.409375],"rotation":0,"texture":"#0","tintindex":0},"up":{"uv":[9.460417,13.315625,9.51875,13.409375],"rotation":0,"texture":"#0","tintindex":0},"down":{"uv":[9.460417,13.315625,9.51875,13.409375],"rotation":0,"texture":"#0","tintindex":0}}},{"from":[7.6715555,12.921426,1.3258343],"to":[8.198619,13.54558,2.373796],"rotation":{"angle":0.0,"axis":"y","origin":[8.0,8.693209,6.9593625]},"faces":{"east":{"uv":[9.460417,13.315625,9.51875,13.409375],"rotation":0,"texture":"#0","tintindex":0},"south":{"uv":[9.460417,13.315625,9.51875,13.409375],"rotation":0,"texture":"#0","tintindex":0},"north":{"uv":[9.460417,13.315625,9.51875,13.409375],"rotation":0,"texture":"#0","tintindex":0},"west":{"uv":[9.460417,13.315625,9.51875,13.409375],"rotation":0,"texture":"#0","tintindex":0},"up":{"uv":[9.460417,13.315625,9.51875,13.409375],"rotation":0,"texture":"#0","tintindex":0},"down":{"uv":[9.460417,13.315625,9.51875,13.409375],"rotation":0,"texture":"#0","tintindex":0}}},{"from":[7.748612,10.712391,-1.068243],"to":[8.121563,11.259488,-0.48261642],"rotation":{"angle":22.5,"axis":"x","origin":[8.0,7.2710595,5.974393]},"faces":{"east":{"uv":[9.460417,13.315625,9.51875,13.409375],"rotation":0,"texture":"#0","tintindex":0},"south":{"uv":[9.460417,13.315625,9.51875,13.409375],"rotation":0,"texture":"#0","tintindex":0},"north":{"uv":[9.460417,13.315625,9.51875,13.409375],"rotation":0,"texture":"#0","tintindex":0},"west":{"uv":[9.460417,13.315625,9.51875,13.409375],"rotation":0,"texture":"#0","tintindex":0},"up":{"uv":[9.460417,13.315625,9.51875,13.409375],"rotation":0,"texture":"#0","tintindex":0},"down":{"uv":[9.460417,13.315625,9.51875,13.409375],"rotation":0,"texture":"#0","tintindex":0}}},{"from":[7.78714,7.67297,-2.4687004],"to":[8.0830345,8.104484,-1.8830748],"rotation":{"angle":45.0,"axis":"x","origin":[8.0,7.1888595,6.0568266]},"faces":{"east":{"uv":[9.460417,13.315625,9.51875,13.409375],"rotation":0,"texture":"#0","tintindex":0},"south":{"uv":[9.460417,13.315625,9.51875,13.409375],"rotation":0,"texture":"#0","tintindex":0},"north":{"uv":[9.460417,13.315625,9.51875,13.409375],"rotation":0,"texture":"#0","tintindex":0},"west":{"uv":[9.460417,13.315625,9.51875,13.409375],"rotation":0,"texture":"#0","tintindex":0},"up":{"uv":[9.460417,13.315625,9.51875,13.409375],"rotation":0,"texture":"#0","tintindex":0},"down":{"uv":[9.460417,13.315625,9.51875,13.409375],"rotation":0,"texture":"#0","tintindex":0}}}],"display":{"head":{"translation":[0.0,-6.4,0.0],"scale":[4.0,4.0,4.0]}}}