{"textures":{"0":"modelengine:entity/skeleton_texture"},"elements":[{"from":[6.570727,9.339458,-1.6801376],"to":[9.42787,12.196602,1.1770058],"rotation":{"angle":0.0,"axis":"y","origin":[8.285013,-15.660543,-1.0515661]},"faces":{"east":{"uv":[3.5,4.5,4.125,5.125],"rotation":0,"texture":"#0","tintindex":0},"south":{"uv":[4.5,4.0,5.125,4.625],"rotation":0,"texture":"#0","tintindex":0},"north":{"uv":[4.5,3.375,5.125,4.0],"rotation":0,"texture":"#0","tintindex":0},"west":{"uv":[0.25,4.625,0.875,5.25],"rotation":0,"texture":"#0","tintindex":0},"up":{"uv":[1.5,5.25,0.875,4.625],"rotation":0,"texture":"#0","tintindex":0},"down":{"uv":[5.125,4.625,4.5,5.25],"rotation":0,"texture":"#0","tintindex":0}}},{"from":[6.8564415,11.053744,-1.9658518],"to":[9.142156,11.339458,-1.6801376],"rotation":{"angle":0.0,"axis":"y","origin":[8.285013,-15.660543,-1.0515661]},"faces":{"east":{"uv":[8.375,8.0,8.5,8.125],"rotation":0,"texture":"#0","tintindex":0},"south":{"uv":[7.0,6.625,7.5,6.75],"rotation":0,"texture":"#0","tintindex":0},"north":{"uv":[6.875,1.0,7.375,1.125],"rotation":0,"texture":"#0","tintindex":0},"west":{"uv":[8.125,8.375,8.25,8.5],"rotation":0,"texture":"#0","tintindex":0},"up":{"uv":[7.625,4.375,7.125,4.25],"rotation":0,"texture":"#0","tintindex":0},"down":{"uv":[7.625,4.375,7.125,4.5],"rotation":0,"texture":"#0","tintindex":0}}},{"from":[7.370727,9.852109,16.932278],"to":[8.656442,11.566395,17.76085],"rotation":{"angle":-22.5,"axis":"x","origin":[7.9992986,-30.147896,14.503707]},"faces":{"east":{"uv":[3.125,7.5,3.25,7.875],"rotation":0,"texture":"#0","tintindex":0},"south":{"uv":[1.0,6.875,1.25,7.25],"rotation":0,"texture":"#0","tintindex":0},"north":{"uv":[1.5,4.625,1.75,5.0],"rotation":0,"texture":"#0","tintindex":0},"west":{"uv":[3.25,7.5,3.375,7.875],"rotation":0,"texture":"#0","tintindex":0},"up":{"uv":[8.25,1.625,8.0,1.5],"rotation":0,"texture":"#0","tintindex":0},"down":{"uv":[8.25,1.75,8.0,1.875],"rotation":0,"texture":"#0","tintindex":0}}},{"from":[7.370727,19.552223,31.171429],"to":[8.656442,20.123652,32.0],"rotation":{"angle":-45.0,"axis":"x","origin":[7.9992986,-22.162066,28.742857]},"faces":{"east":{"uv":[8.375,8.125,8.5,8.25],"rotation":0,"texture":"#0","tintindex":0},"south":{"uv":[8.0,5.125,8.25,5.25],"rotation":0,"texture":"#0","tintindex":0},"north":{"uv":[8.0,4.875,8.25,5.0],"rotation":0,"texture":"#0","tintindex":0},"west":{"uv":[8.25,8.375,8.375,8.5],"rotation":0,"texture":"#0","tintindex":0},"up":{"uv":[8.25,5.375,8.0,5.25],"rotation":0,"texture":"#0","tintindex":0},"down":{"uv":[8.25,5.375,8.0,5.5],"rotation":0,"texture":"#0","tintindex":0}}}],"display":{"head":{"translation":[0.0,-6.4,25.283165],"scale":[4.0,4.0,4.0]}}}