{"textures":{"0":"modelengine:entity/skeleton_texture"},"elements":[{"from":[7.6174736,6.8985586,7.4552355],"to":[8.446045,8.012844,7.969521],"rotation":{"angle":0.0,"axis":"y","origin":[7.7954645,32.039635,7.543288]},"faces":{"east":{"uv":[2.625,7.875,2.75,8.125],"rotation":0,"texture":"#0","tintindex":0},"south":{"uv":[2.75,7.875,2.875,8.125],"rotation":0,"texture":"#0","tintindex":0},"north":{"uv":[2.5,7.875,2.625,8.125],"rotation":0,"texture":"#0","tintindex":0},"west":{"uv":[2.875,7.875,3.0,8.125],"rotation":0,"texture":"#0","tintindex":0},"up":{"uv":[8.5,4.875,8.375,4.75],"rotation":0,"texture":"#0","tintindex":0},"down":{"uv":[5.0,8.375,4.875,8.5],"rotation":0,"texture":"#0","tintindex":0}}},{"from":[7.7603307,6.8985586,8.026664],"to":[8.303187,8.012844,8.54095],"rotation":{"angle":0.0,"axis":"y","origin":[7.7954645,32.039635,7.543288]},"faces":{"east":{"uv":[3.125,7.875,3.25,8.125],"rotation":0,"texture":"#0","tintindex":0},"south":{"uv":[3.25,7.875,3.375,8.125],"rotation":0,"texture":"#0","tintindex":0},"north":{"uv":[3.0,7.875,3.125,8.125],"rotation":0,"texture":"#0","tintindex":0},"west":{"uv":[3.375,7.875,3.5,8.125],"rotation":0,"texture":"#0","tintindex":0},"up":{"uv":[8.5,5.0,8.375,4.875],"rotation":0,"texture":"#0","tintindex":0},"down":{"uv":[5.125,8.375,5.0,8.5],"rotation":0,"texture":"#0","tintindex":0}}},{"from":[7.188902,5.784272,7.1695213],"to":[8.874617,6.898558,8.826664],"rotation":{"angle":0.0,"axis":"y","origin":[7.7954645,32.068207,7.543288]},"faces":{"east":{"uv":[5.75,6.75,6.125,7.0],"rotation":0,"texture":"#0","tintindex":0},"south":{"uv":[6.75,5.875,7.125,6.125],"rotation":0,"texture":"#0","tintindex":0},"north":{"uv":[6.75,5.625,7.125,5.875],"rotation":0,"texture":"#0","tintindex":0},"west":{"uv":[6.125,6.75,6.5,7.0],"rotation":0,"texture":"#0","tintindex":0},"up":{"uv":[6.375,5.75,6.0,5.375],"rotation":0,"texture":"#0","tintindex":0},"down":{"uv":[6.375,5.75,6.0,6.125],"rotation":0,"texture":"#0","tintindex":0}}},{"from":[8.481982,5.323984,6.837186],"to":[9.12484,6.5096984,7.5086145],"rotation":{"angle":0.0,"axis":"y","origin":[8.00111,28.396904,11.75402]},"faces":{"east":{"uv":[3.625,7.875,3.75,8.125],"rotation":0,"texture":"#0","tintindex":0},"south":{"uv":[7.875,3.75,8.0,4.0],"rotation":0,"texture":"#0","tintindex":0},"north":{"uv":[3.5,7.875,3.625,8.125],"rotation":0,"texture":"#0","tintindex":0},"west":{"uv":[3.875,7.875,4.0,8.125],"rotation":0,"texture":"#0","tintindex":0},"up":{"uv":[8.5,5.125,8.375,5.0],"rotation":0,"texture":"#0","tintindex":0},"down":{"uv":[5.25,8.375,5.125,8.5],"rotation":0,"texture":"#0","tintindex":0}}},{"from":[6.966673,5.003232,7.0694675],"to":[7.723816,6.331804,7.6123247],"rotation":{"angle":0.0,"axis":"y","origin":[8.2954645,30.113417,7.850562]},"faces":{"east":{"uv":[7.875,4.0,8.0,4.25],"rotation":0,"texture":"#0","tintindex":0},"south":{"uv":[4.125,7.875,4.25,8.125],"rotation":0,"texture":"#0","tintindex":0},"north":{"uv":[4.0,7.875,4.125,8.125],"rotation":0,"texture":"#0","tintindex":0},"west":{"uv":[4.25,7.875,4.375,8.125],"rotation":0,"texture":"#0","tintindex":0},"up":{"uv":[8.5,5.25,8.375,5.125],"rotation":0,"texture":"#0","tintindex":0},"down":{"uv":[5.375,8.375,5.25,8.5],"rotation":0,"texture":"#0","tintindex":0}}},{"from":[6.995097,4.9198833,7.7346053],"to":[7.809383,6.2484546,8.277462],"rotation":{"angle":0.0,"axis":"y","origin":[8.2954645,30.296778,7.0718594]},"faces":{"east":{"uv":[4.5,7.875,4.625,8.125],"rotation":0,"texture":"#0","tintindex":0},"south":{"uv":[4.625,7.875,4.75,8.125],"rotation":0,"texture":"#0","tintindex":0},"north":{"uv":[4.375,7.875,4.5,8.125],"rotation":0,"texture":"#0","tintindex":0},"west":{"uv":[4.75,7.875,4.875,8.125],"rotation":0,"texture":"#0","tintindex":0},"up":{"uv":[8.5,5.375,8.375,5.25],"rotation":0,"texture":"#0","tintindex":0},"down":{"uv":[5.5,8.375,5.375,8.5],"rotation":0,"texture":"#0","tintindex":0}}},{"from":[6.99119,4.985777,8.42946],"to":[7.776904,6.314348,8.972317],"rotation":{"angle":0.0,"axis":"y","origin":[8.2954645,30.15926,7.655888]},"faces":{"east":{"uv":[5.25,7.875,5.375,8.125],"rotation":0,"texture":"#0","tintindex":0},"south":{"uv":[5.375,7.875,5.5,8.125],"rotation":0,"texture":"#0","tintindex":0},"north":{"uv":[5.125,7.875,5.25,8.125],"rotation":0,"texture":"#0","tintindex":0},"west":{"uv":[5.5,7.875,5.625,8.125],"rotation":0,"texture":"#0","tintindex":0},"up":{"uv":[8.5,5.5,8.375,5.375],"rotation":0,"texture":"#0","tintindex":0},"down":{"uv":[5.625,8.375,5.5,8.5],"rotation":0,"texture":"#0","tintindex":0}}},{"from":[-2.7739573,4.8853884,8.486603],"to":[-2.1168137,6.0425315,8.9151745],"rotation":{"angle":22.5,"axis":"z","origin":[4.736374,30.204145,7.4840765]},"faces":{"east":{"uv":[5.75,7.875,5.875,8.125],"rotation":0,"texture":"#0","tintindex":0},"south":{"uv":[5.875,7.875,6.0,8.125],"rotation":0,"texture":"#0","tintindex":0},"north":{"uv":[5.625,7.875,5.75,8.125],"rotation":0,"texture":"#0","tintindex":0},"west":{"uv":[6.125,7.875,6.25,8.125],"rotation":0,"texture":"#0","tintindex":0},"up":{"uv":[8.5,5.625,8.375,5.5],"rotation":0,"texture":"#0","tintindex":0},"down":{"uv":[5.75,8.375,5.625,8.5],"rotation":0,"texture":"#0","tintindex":0}}},{"from":[-3.0661602,4.6459265,7.791748],"to":[-2.3518744,5.9173555,8.22032],"rotation":{"angle":22.5,"axis":"z","origin":[4.443214,30.852938,7.814301]},"faces":{"east":{"uv":[7.875,6.25,8.0,6.5],"rotation":0,"texture":"#0","tintindex":0},"south":{"uv":[6.375,7.875,6.5,8.125],"rotation":0,"texture":"#0","tintindex":0},"north":{"uv":[6.25,7.875,6.375,8.125],"rotation":0,"texture":"#0","tintindex":0},"west":{"uv":[6.5,7.875,6.625,8.125],"rotation":0,"texture":"#0","tintindex":0},"up":{"uv":[8.5,5.75,8.375,5.625],"rotation":0,"texture":"#0","tintindex":0},"down":{"uv":[5.875,8.375,5.75,8.5],"rotation":0,"texture":"#0","tintindex":0}}},{"from":[-1.8333273,8.646088,7.1266103],"to":[-1.2047558,9.80323,7.5551815],"rotation":{"angle":22.5,"axis":"z","origin":[14.585974,29.676521,8.59347]},"faces":{"east":{"uv":[6.625,7.875,6.75,8.125],"rotation":0,"texture":"#0","tintindex":0},"south":{"uv":[6.75,7.875,6.875,8.125],"rotation":0,"texture":"#0","tintindex":0},"north":{"uv":[7.875,6.5,8.0,6.75],"rotation":0,"texture":"#0","tintindex":0},"west":{"uv":[7.875,6.75,8.0,7.0],"rotation":0,"texture":"#0","tintindex":0},"up":{"uv":[8.5,5.875,8.375,5.75],"rotation":0,"texture":"#0","tintindex":0},"down":{"uv":[6.0,8.375,5.875,8.5],"rotation":0,"texture":"#0","tintindex":0}}},{"from":[18.200344,3.1402264,6.8943286],"to":[18.728916,3.9402266,7.437186],"rotation":{"angle":-22.5,"axis":"z","origin":[17.433758,28.917221,4.852819]},"faces":{"east":{"uv":[6.0,8.375,6.125,8.5],"rotation":0,"texture":"#0","tintindex":0},"south":{"uv":[8.375,6.0,8.5,6.125],"rotation":0,"texture":"#0","tintindex":0},"north":{"uv":[8.375,5.875,8.5,6.0],"rotation":0,"texture":"#0","tintindex":0},"west":{"uv":[6.125,8.375,6.25,8.5],"rotation":0,"texture":"#0","tintindex":0},"up":{"uv":[8.5,6.25,8.375,6.125],"rotation":0,"texture":"#0","tintindex":0},"down":{"uv":[6.375,8.375,6.25,8.5],"rotation":0,"texture":"#0","tintindex":0}}}],"display":{"head":{"translation":[0.0,-6.4,0.0],"scale":[4.0,4.0,4.0]}}}