{"textures":{"0":"modelengine:entity/skeleton_texture"},"elements":[{"from":[7.696812,6.8985586,7.5980926],"to":[8.525384,8.012844,8.112378],"rotation":{"angle":0.0,"axis":"y","origin":[8.347393,32.039635,7.6861453]},"faces":{"east":{"uv":[7.75,7.875,7.875,8.125],"rotation":0,"texture":"#0","tintindex":0},"south":{"uv":[7.875,7.875,8.0,8.125],"rotation":0,"texture":"#0","tintindex":0},"north":{"uv":[7.875,7.625,8.0,7.875],"rotation":0,"texture":"#0","tintindex":0},"west":{"uv":[0.0,8.0,0.125,8.25],"rotation":0,"texture":"#0","tintindex":0},"up":{"uv":[8.5,6.625,8.375,6.5],"rotation":0,"texture":"#0","tintindex":0},"down":{"uv":[6.75,8.375,6.625,8.5],"rotation":0,"texture":"#0","tintindex":0}}},{"from":[7.839669,6.8985586,8.169521],"to":[8.382526,8.012844,8.683807],"rotation":{"angle":0.0,"axis":"y","origin":[8.347393,32.039635,7.6861453]},"faces":{"east":{"uv":[8.0,0.125,8.125,0.375],"rotation":0,"texture":"#0","tintindex":0},"south":{"uv":[0.25,8.0,0.375,8.25],"rotation":0,"texture":"#0","tintindex":0},"north":{"uv":[0.125,8.0,0.25,8.25],"rotation":0,"texture":"#0","tintindex":0},"west":{"uv":[0.5,8.0,0.625,8.25],"rotation":0,"texture":"#0","tintindex":0},"up":{"uv":[8.5,6.75,8.375,6.625],"rotation":0,"texture":"#0","tintindex":0},"down":{"uv":[6.875,8.375,6.75,8.5],"rotation":0,"texture":"#0","tintindex":0}}},{"from":[7.268241,5.784272,7.3123784],"to":[8.953955,6.898558,8.9695215],"rotation":{"angle":0.0,"axis":"y","origin":[8.347393,32.068207,7.6861453]},"faces":{"east":{"uv":[6.875,0.75,7.25,1.0],"rotation":0,"texture":"#0","tintindex":0},"south":{"uv":[1.5,6.875,1.875,7.125],"rotation":0,"texture":"#0","tintindex":0},"north":{"uv":[6.875,0.5,7.25,0.75],"rotation":0,"texture":"#0","tintindex":0},"west":{"uv":[6.875,1.75,7.25,2.0],"rotation":0,"texture":"#0","tintindex":0},"up":{"uv":[1.0,6.75,0.625,6.375],"rotation":0,"texture":"#0","tintindex":0},"down":{"uv":[6.75,3.75,6.375,4.125],"rotation":0,"texture":"#0","tintindex":0}}},{"from":[8.365953,4.985777,8.572317],"to":[9.151668,6.314348,9.115174],"rotation":{"angle":0.0,"axis":"y","origin":[7.8473926,30.15926,7.798745]},"faces":{"east":{"uv":[8.0,0.625,8.125,0.875],"rotation":0,"texture":"#0","tintindex":0},"south":{"uv":[0.75,8.0,0.875,8.25],"rotation":0,"texture":"#0","tintindex":0},"north":{"uv":[0.625,8.0,0.75,8.25],"rotation":0,"texture":"#0","tintindex":0},"west":{"uv":[0.875,8.0,1.0,8.25],"rotation":0,"texture":"#0","tintindex":0},"up":{"uv":[8.5,6.875,8.375,6.75],"rotation":0,"texture":"#0","tintindex":0},"down":{"uv":[7.0,8.375,6.875,8.5],"rotation":0,"texture":"#0","tintindex":0}}},{"from":[18.25967,4.8853884,8.629459],"to":[18.916813,6.0425315,9.058031],"rotation":{"angle":-22.5,"axis":"z","origin":[11.406484,30.204145,7.6269336]},"faces":{"east":{"uv":[8.0,1.0,8.125,1.25],"rotation":0,"texture":"#0","tintindex":0},"south":{"uv":[1.125,8.0,1.25,8.25],"rotation":0,"texture":"#0","tintindex":0},"north":{"uv":[1.0,8.0,1.125,8.25],"rotation":0,"texture":"#0","tintindex":0},"west":{"uv":[8.0,1.25,8.125,1.5],"rotation":0,"texture":"#0","tintindex":0},"up":{"uv":[8.5,7.0,8.375,6.875],"rotation":0,"texture":"#0","tintindex":0},"down":{"uv":[7.125,8.375,7.0,8.5],"rotation":0,"texture":"#0","tintindex":0}}},{"from":[8.333474,4.9198833,7.8774624],"to":[9.14776,6.2484546,8.42032],"rotation":{"angle":0.0,"axis":"y","origin":[7.8473926,30.296778,7.2147164]},"faces":{"east":{"uv":[1.625,8.0,1.75,8.25],"rotation":0,"texture":"#0","tintindex":0},"south":{"uv":[1.75,8.0,1.875,8.25],"rotation":0,"texture":"#0","tintindex":0},"north":{"uv":[1.375,8.0,1.5,8.25],"rotation":0,"texture":"#0","tintindex":0},"west":{"uv":[1.875,8.0,2.0,8.25],"rotation":0,"texture":"#0","tintindex":0},"up":{"uv":[8.5,7.125,8.375,7.0],"rotation":0,"texture":"#0","tintindex":0},"down":{"uv":[7.25,8.375,7.125,8.5],"rotation":0,"texture":"#0","tintindex":0}}},{"from":[18.494732,4.6459265,7.934605],"to":[19.209019,5.9173555,8.363176],"rotation":{"angle":-22.5,"axis":"z","origin":[11.699643,30.852938,7.957158]},"faces":{"east":{"uv":[2.125,8.0,2.25,8.25],"rotation":0,"texture":"#0","tintindex":0},"south":{"uv":[8.0,2.125,8.125,2.375],"rotation":0,"texture":"#0","tintindex":0},"north":{"uv":[2.0,8.0,2.125,8.25],"rotation":0,"texture":"#0","tintindex":0},"west":{"uv":[2.25,8.0,2.375,8.25],"rotation":0,"texture":"#0","tintindex":0},"up":{"uv":[8.5,7.25,8.375,7.125],"rotation":0,"texture":"#0","tintindex":0},"down":{"uv":[7.375,8.375,7.25,8.5],"rotation":0,"texture":"#0","tintindex":0}}},{"from":[8.419042,5.003232,7.2123246],"to":[9.176185,6.331804,7.755182],"rotation":{"angle":0.0,"axis":"y","origin":[7.8473926,30.113417,7.9934196]},"faces":{"east":{"uv":[8.0,2.625,8.125,2.875],"rotation":0,"texture":"#0","tintindex":0},"south":{"uv":[8.0,2.875,8.125,3.125],"rotation":0,"texture":"#0","tintindex":0},"north":{"uv":[8.0,2.375,8.125,2.625],"rotation":0,"texture":"#0","tintindex":0},"west":{"uv":[8.0,3.125,8.125,3.375],"rotation":0,"texture":"#0","tintindex":0},"up":{"uv":[8.5,7.375,8.375,7.25],"rotation":0,"texture":"#0","tintindex":0},"down":{"uv":[7.5,8.375,7.375,8.5],"rotation":0,"texture":"#0","tintindex":0}}},{"from":[17.347614,8.646088,7.2694674],"to":[17.976185,9.80323,7.698039],"rotation":{"angle":-22.5,"axis":"z","origin":[1.5568829,29.676521,8.736327]},"faces":{"east":{"uv":[8.0,3.625,8.125,3.875],"rotation":0,"texture":"#0","tintindex":0},"south":{"uv":[3.75,8.0,3.875,8.25],"rotation":0,"texture":"#0","tintindex":0},"north":{"uv":[8.0,3.375,8.125,3.625],"rotation":0,"texture":"#0","tintindex":0},"west":{"uv":[8.0,3.875,8.125,4.125],"rotation":0,"texture":"#0","tintindex":0},"up":{"uv":[8.5,7.5,8.375,7.375],"rotation":0,"texture":"#0","tintindex":0},"down":{"uv":[7.625,8.375,7.5,8.5],"rotation":0,"texture":"#0","tintindex":0}}},{"from":[-2.5860596,3.1402264,7.0371857],"to":[-2.0574875,3.9402266,7.580043],"rotation":{"angle":22.5,"axis":"z","origin":[-1.2909012,28.917221,4.995676]},"faces":{"east":{"uv":[7.625,8.375,7.75,8.5],"rotation":0,"texture":"#0","tintindex":0},"south":{"uv":[8.375,7.625,8.5,7.75],"rotation":0,"texture":"#0","tintindex":0},"north":{"uv":[8.375,7.5,8.5,7.625],"rotation":0,"texture":"#0","tintindex":0},"west":{"uv":[7.75,8.375,7.875,8.5],"rotation":0,"texture":"#0","tintindex":0},"up":{"uv":[8.5,7.875,8.375,7.75],"rotation":0,"texture":"#0","tintindex":0},"down":{"uv":[8.0,8.375,7.875,8.5],"rotation":0,"texture":"#0","tintindex":0}}},{"from":[7.0180173,5.323984,6.980043],"to":[7.6608744,6.5096984,7.6514716],"rotation":{"angle":0.0,"axis":"y","origin":[8.141747,28.396904,11.896877]},"faces":{"east":{"uv":[8.0,4.375,8.125,4.625],"rotation":0,"texture":"#0","tintindex":0},"south":{"uv":[8.0,4.625,8.125,4.875],"rotation":0,"texture":"#0","tintindex":0},"north":{"uv":[8.0,4.125,8.125,4.375],"rotation":0,"texture":"#0","tintindex":0},"west":{"uv":[4.875,8.0,5.0,8.25],"rotation":0,"texture":"#0","tintindex":0},"up":{"uv":[8.5,8.0,8.375,7.875],"rotation":0,"texture":"#0","tintindex":0},"down":{"uv":[8.125,8.375,8.0,8.5],"rotation":0,"texture":"#0","tintindex":0}}}],"display":{"head":{"translation":[0.0,-6.4,0.0],"scale":[4.0,4.0,4.0]}}}