{"textures":{"0":"modelengine:entity/skeleton_texture"},"elements":[{"from":[6.3339734,7.158604,6.7968535],"to":[6.905402,8.301461,7.3397107],"rotation":{"angle":-45.0,"axis":"y","origin":[7.819688,-22.555683,7.0825677]},"faces":{"east":{"uv":[8.0,6.75,8.125,7.0],"rotation":0,"texture":"#0","tintindex":0},"south":{"uv":[6.875,8.0,7.0,8.25],"rotation":0,"texture":"#0","tintindex":0},"north":{"uv":[8.0,6.5,8.125,6.75],"rotation":0,"texture":"#0","tintindex":0},"west":{"uv":[7.0,8.0,7.125,8.25],"rotation":0,"texture":"#0","tintindex":0},"up":{"uv":[0.125,8.625,0.0,8.5],"rotation":0,"texture":"#0","tintindex":0},"down":{"uv":[8.625,0.0,8.5,0.125],"rotation":0,"texture":"#0","tintindex":0}}},{"from":[9.093297,7.158604,6.7968535],"to":[9.664726,8.301461,7.3397107],"rotation":{"angle":45.0,"axis":"y","origin":[8.179011,-22.555683,7.0825677]},"faces":{"east":{"uv":[7.375,8.0,7.5,8.25],"rotation":0,"texture":"#0","tintindex":0},"south":{"uv":[8.0,7.375,8.125,7.625],"rotation":0,"texture":"#0","tintindex":0},"north":{"uv":[8.0,7.0,8.125,7.25],"rotation":0,"texture":"#0","tintindex":0},"west":{"uv":[7.5,8.0,7.625,8.25],"rotation":0,"texture":"#0","tintindex":0},"up":{"uv":[0.25,8.625,0.125,8.5],"rotation":0,"texture":"#0","tintindex":0},"down":{"uv":[8.625,0.125,8.5,0.25],"rotation":0,"texture":"#0","tintindex":0}}},{"from":[8.843724,7.158604,6.8041434],"to":[9.415153,8.301461,8.489858],"rotation":{"angle":22.5,"axis":"y","origin":[7.9294386,-22.555683,6.5184293]},"faces":{"east":{"uv":[6.875,2.0,7.25,2.25],"rotation":0,"texture":"#0","tintindex":0},"south":{"uv":[8.0,7.875,8.125,8.125],"rotation":0,"texture":"#0","tintindex":0},"north":{"uv":[8.0,7.625,8.125,7.875],"rotation":0,"texture":"#0","tintindex":0},"west":{"uv":[6.875,2.25,7.25,2.5],"rotation":0,"texture":"#0","tintindex":0},"up":{"uv":[5.25,7.875,5.125,7.5],"rotation":0,"texture":"#0","tintindex":0},"down":{"uv":[5.375,7.5,5.25,7.875],"rotation":0,"texture":"#0","tintindex":0}}},{"from":[9.485064,7.158604,7.7712336],"to":[10.056493,8.301461,9.456948],"rotation":{"angle":0.0,"axis":"y","origin":[8.570778,-22.555683,5.7712336]},"faces":{"east":{"uv":[2.75,6.875,3.125,7.125],"rotation":0,"texture":"#0","tintindex":0},"south":{"uv":[8.125,0.25,8.25,0.5],"rotation":0,"texture":"#0","tintindex":0},"north":{"uv":[8.125,0.0,8.25,0.25],"rotation":0,"texture":"#0","tintindex":0},"west":{"uv":[6.875,4.5,7.25,4.75],"rotation":0,"texture":"#0","tintindex":0},"up":{"uv":[5.5,7.875,5.375,7.5],"rotation":0,"texture":"#0","tintindex":0},"down":{"uv":[7.625,5.375,7.5,5.75],"rotation":0,"texture":"#0","tintindex":0}}},{"from":[6.8261623,7.158604,9.8067045],"to":[8.540448,8.87289,10.349562],"rotation":{"angle":22.5,"axis":"y","origin":[7.0547333,-22.555683,6.0924187]},"faces":{"east":{"uv":[5.5,7.5,5.625,7.875],"rotation":0,"texture":"#0","tintindex":0},"south":{"uv":[4.5,6.375,4.875,6.75],"rotation":0,"texture":"#0","tintindex":0},"north":{"uv":[6.375,4.125,6.75,4.5],"rotation":0,"texture":"#0","tintindex":0},"west":{"uv":[5.625,7.5,5.75,7.875],"rotation":0,"texture":"#0","tintindex":0},"up":{"uv":[6.125,7.625,5.75,7.5],"rotation":0,"texture":"#0","tintindex":0},"down":{"uv":[7.875,6.25,7.5,6.375],"rotation":0,"texture":"#0","tintindex":0}}},{"from":[7.4582515,7.158604,9.8067045],"to":[9.172538,8.87289,10.349562],"rotation":{"angle":-22.5,"axis":"y","origin":[8.943966,-22.555683,6.0924187]},"faces":{"east":{"uv":[6.125,7.5,6.25,7.875],"rotation":0,"texture":"#0","tintindex":0},"south":{"uv":[6.375,5.375,6.75,5.75],"rotation":0,"texture":"#0","tintindex":0},"north":{"uv":[6.375,5.0,6.75,5.375],"rotation":0,"texture":"#0","tintindex":0},"west":{"uv":[6.25,7.5,6.375,7.875],"rotation":0,"texture":"#0","tintindex":0},"up":{"uv":[7.875,6.5,7.5,6.375],"rotation":0,"texture":"#0","tintindex":0},"down":{"uv":[6.875,7.5,6.5,7.625],"rotation":0,"texture":"#0","tintindex":0}}},{"from":[5.942207,7.158604,7.7712336],"to":[6.5136356,8.301461,9.456948],"rotation":{"angle":0.0,"axis":"y","origin":[7.4279213,-22.555683,5.7712336]},"faces":{"east":{"uv":[4.875,6.875,5.25,7.125],"rotation":0,"texture":"#0","tintindex":0},"south":{"uv":[8.125,0.5,8.25,0.75],"rotation":0,"texture":"#0","tintindex":0},"north":{"uv":[0.375,8.125,0.5,8.375],"rotation":0,"texture":"#0","tintindex":0},"west":{"uv":[6.875,6.75,7.25,7.0],"rotation":0,"texture":"#0","tintindex":0},"up":{"uv":[7.0,7.875,6.875,7.5],"rotation":0,"texture":"#0","tintindex":0},"down":{"uv":[7.125,7.5,7.0,7.875],"rotation":0,"texture":"#0","tintindex":0}}},{"from":[6.5835466,7.158604,6.8041434],"to":[7.1549754,8.301461,8.489858],"rotation":{"angle":-22.5,"axis":"y","origin":[8.069261,-22.555683,6.5184293]},"faces":{"east":{"uv":[0.25,7.0,0.625,7.25],"rotation":0,"texture":"#0","tintindex":0},"south":{"uv":[8.125,1.0,8.25,1.25],"rotation":0,"texture":"#0","tintindex":0},"north":{"uv":[8.125,0.75,8.25,1.0],"rotation":0,"texture":"#0","tintindex":0},"west":{"uv":[2.25,7.0,2.625,7.25],"rotation":0,"texture":"#0","tintindex":0},"up":{"uv":[7.25,7.875,7.125,7.5],"rotation":0,"texture":"#0","tintindex":0},"down":{"uv":[7.375,7.5,7.25,7.875],"rotation":0,"texture":"#0","tintindex":0}}},{"from":[7.743966,6.587176,9.8067045],"to":[8.886823,7.158604,10.349562],"rotation":{"angle":-22.5,"axis":"y","origin":[9.22968,-23.69854,6.0924187]},"faces":{"east":{"uv":[0.25,8.5,0.375,8.625],"rotation":0,"texture":"#0","tintindex":0},"south":{"uv":[8.125,1.375,8.375,1.5],"rotation":0,"texture":"#0","tintindex":0},"north":{"uv":[8.125,1.25,8.375,1.375],"rotation":0,"texture":"#0","tintindex":0},"west":{"uv":[8.5,0.25,8.625,0.375],"rotation":0,"texture":"#0","tintindex":0},"up":{"uv":[8.375,1.75,8.125,1.625],"rotation":0,"texture":"#0","tintindex":0},"down":{"uv":[8.375,1.875,8.125,2.0],"rotation":0,"texture":"#0","tintindex":0}}},{"from":[7.1118765,6.587176,9.8067045],"to":[8.254734,7.158604,10.349562],"rotation":{"angle":22.5,"axis":"y","origin":[6.769019,-23.69854,6.0924187]},"faces":{"east":{"uv":[0.375,8.5,0.5,8.625],"rotation":0,"texture":"#0","tintindex":0},"south":{"uv":[8.125,2.125,8.375,2.25],"rotation":0,"texture":"#0","tintindex":0},"north":{"uv":[8.125,2.0,8.375,2.125],"rotation":0,"texture":"#0","tintindex":0},"west":{"uv":[8.5,0.375,8.625,0.5],"rotation":0,"texture":"#0","tintindex":0},"up":{"uv":[8.375,2.375,8.125,2.25],"rotation":0,"texture":"#0","tintindex":0},"down":{"uv":[2.625,8.125,2.375,8.25],"rotation":0,"texture":"#0","tintindex":0}}},{"from":[6.9980693,7.158604,9.351443],"to":[8.99807,8.301461,9.8943],"rotation":{"angle":0.0,"axis":"y","origin":[7.340926,-22.555683,5.6371574]},"faces":{"east":{"uv":[1.25,8.125,1.375,8.375],"rotation":0,"texture":"#0","tintindex":0},"south":{"uv":[6.5,6.5,7.0,6.75],"rotation":0,"texture":"#0","tintindex":0},"north":{"uv":[6.0,6.5,6.5,6.75],"rotation":0,"texture":"#0","tintindex":0},"west":{"uv":[1.5,8.125,1.625,8.375],"rotation":0,"texture":"#0","tintindex":0},"up":{"uv":[7.75,1.25,7.25,1.125],"rotation":0,"texture":"#0","tintindex":0},"down":{"uv":[7.75,1.75,7.25,1.875],"rotation":0,"texture":"#0","tintindex":0}}},{"from":[6.227921,6.587176,7.7712336],"to":[6.79935,7.158604,9.456948],"rotation":{"angle":0.0,"axis":"y","origin":[7.7136354,-23.69854,5.7712336]},"faces":{"east":{"uv":[7.5,6.5,7.875,6.625],"rotation":0,"texture":"#0","tintindex":0},"south":{"uv":[8.5,0.5,8.625,0.625],"rotation":0,"texture":"#0","tintindex":0},"north":{"uv":[0.5,8.5,0.625,8.625],"rotation":0,"texture":"#0","tintindex":0},"west":{"uv":[7.5,6.625,7.875,6.75],"rotation":0,"texture":"#0","tintindex":0},"up":{"uv":[7.5,7.875,7.375,7.5],"rotation":0,"texture":"#0","tintindex":0},"down":{"uv":[7.625,7.5,7.5,7.875],"rotation":0,"texture":"#0","tintindex":0}}},{"from":[6.869261,6.587176,6.8041434],"to":[7.4406896,7.158604,8.489858],"rotation":{"angle":-22.5,"axis":"y","origin":[8.354976,-23.69854,6.5184293]},"faces":{"east":{"uv":[7.5,7.25,7.875,7.375],"rotation":0,"texture":"#0","tintindex":0},"south":{"uv":[8.5,0.625,8.625,0.75],"rotation":0,"texture":"#0","tintindex":0},