{"textures":{"0":"modelengine:entity/skeleton_texture"},"elements":[{"from":[6.985714,2.9285712,7.0142856],"to":[9.071428,8.042857,9.014286],"rotation":{"angle":0.0,"axis":"y","origin":[7.7351336,26.983936,7.5309095]},"faces":{"east":{"uv":[3.25,3.375,3.75,4.5],"rotation":0,"texture":"#0","tintindex":0},"south":{"uv":[3.75,2.25,4.25,3.375],"rotation":0,"texture":"#0","tintindex":0},"north":{"uv":[3.25,2.25,3.75,3.375],"rotation":0,"texture":"#0","tintindex":0},"west":{"uv":[3.75,3.375,4.25,4.5],"rotation":0,"texture":"#0","tintindex":0},"up":{"uv":[6.25,3.0,5.75,2.5],"rotation":0,"texture":"#0","tintindex":0},"down":{"uv":[6.375,3.75,5.875,4.25],"rotation":0,"texture":"#0","tintindex":0}}},{"from":[6.6142855,3.5,6.8714285],"to":[6.985714,6.9,9.157143],"rotation":{"angle":0.0,"axis":"y","origin":[7.7637053,26.983936,7.5309095]},"faces":{"east":{"uv":[5.0,1.5,5.5,2.25],"rotation":0,"texture":"#0","tintindex":0},"south":{"uv":[1.25,6.625,1.375,7.375],"rotation":0,"texture":"#0","tintindex":0},"north":{"uv":[3.375,6.5,3.5,7.25],"rotation":0,"texture":"#0","tintindex":0},"west":{"uv":[2.25,5.0,2.75,5.75],"rotation":0,"texture":"#0","tintindex":0},"up":{"uv":[3.375,7.5,3.25,7.0],"rotation":0,"texture":"#0","tintindex":0},"down":{"uv":[1.875,7.125,1.75,7.625],"rotation":0,"texture":"#0","tintindex":0}}},{"from":[6.6142855,6.9000006,7.4428573],"to":[6.985714,7.157143,8.585714],"rotation":{"angle":0.0,"axis":"y","origin":[7.7637053,26.955364,7.5309095]},"faces":{"east":{"uv":[7.875,1.625,8.125,1.75],"rotation":0,"texture":"#0","tintindex":0},"south":{"uv":[4.625,8.375,4.75,8.5],"rotation":0,"texture":"#0","tintindex":0},"north":{"uv":[8.375,4.5,8.5,4.625],"rotation":0,"texture":"#0","tintindex":0},"west":{"uv":[7.875,1.875,8.125,2.0],"rotation":0,"texture":"#0","tintindex":0},"up":{"uv":[1.375,8.125,1.25,7.875],"rotation":0,"texture":"#0","tintindex":0},"down":{"uv":[1.625,7.875,1.5,8.125],"rotation":0,"texture":"#0","tintindex":0}}},{"from":[6.6142855,3.2428575,7.4428573],"to":[6.985714,3.5000005,8.585714],"rotation":{"angle":0.0,"axis":"y","origin":[7.7637053,26.955364,7.5309095]},"faces":{"east":{"uv":[7.875,2.0,8.125,2.125],"rotation":0,"texture":"#0","tintindex":0},"south":{"uv":[4.75,8.375,4.875,8.5],"rotation":0,"texture":"#0","tintindex":0},"north":{"uv":[8.375,4.625,8.5,4.75],"rotation":0,"texture":"#0","tintindex":0},"west":{"uv":[2.125,7.875,2.375,8.0],"rotation":0,"texture":"#0","tintindex":0},"up":{"uv":[8.0,2.375,7.875,2.125],"rotation":0,"texture":"#0","tintindex":0},"down":{"uv":[2.5,7.875,2.375,8.125],"rotation":0,"texture":"#0","tintindex":0}}}],"display":{"head":{"translation":[0.0,-6.4,0.0],"scale":[4.0,4.0,4.0]}}}