{"textures":{"0":"modelengine:entity/skeleton_texture"},"elements":[{"from":[6.928571,2.9285712,7.0142856],"to":[9.014286,8.042857,9.014286],"rotation":{"angle":0.0,"axis":"y","origin":[8.264866,26.983936,7.5309095]},"faces":{"east":{"uv":[2.25,3.875,2.75,5.0],"rotation":0,"texture":"#0","tintindex":0},"south":{"uv":[2.75,3.875,3.25,5.0],"rotation":0,"texture":"#0","tintindex":0},"north":{"uv":[1.75,3.875,2.25,5.0],"rotation":0,"texture":"#0","tintindex":0},"west":{"uv":[4.25,2.25,4.75,3.375],"rotation":0,"texture":"#0","tintindex":0},"up":{"uv":[6.375,4.75,5.875,4.25],"rotation":0,"texture":"#0","tintindex":0},"down":{"uv":[6.5,0.0,6.0,0.5],"rotation":0,"texture":"#0","tintindex":0}}},{"from":[9.014286,3.5,6.8714285],"to":[9.385715,6.9,9.157143],"rotation":{"angle":0.0,"axis":"y","origin":[8.236295,26.983936,7.5309095]},"faces":{"east":{"uv":[3.5,5.125,4.0,5.875],"rotation":0,"texture":"#0","tintindex":0},"south":{"uv":[4.75,6.75,4.875,7.5],"rotation":0,"texture":"#0","tintindex":0},"north":{"uv":[2.125,6.75,2.25,7.5],"rotation":0,"texture":"#0","tintindex":0},"west":{"uv":[5.125,3.75,5.625,4.5],"rotation":0,"texture":"#0","tintindex":0},"up":{"uv":[3.125,7.625,3.0,7.125],"rotation":0,"texture":"#0","tintindex":0},"down":{"uv":[7.25,3.75,7.125,4.25],"rotation":0,"texture":"#0","tintindex":0}}},{"from":[9.014286,6.9000006,7.4428573],"to":[9.385715,7.157143,8.585714],"rotation":{"angle":0.0,"axis":"y","origin":[8.236295,26.955364,7.5309095]},"faces":{"east":{"uv":[7.875,5.0,8.125,5.125],"rotation":0,"texture":"#0","tintindex":0},"south":{"uv":[6.375,8.375,6.5,8.5],"rotation":0,"texture":"#0","tintindex":0},"north":{"uv":[8.375,6.25,8.5,6.375],"rotation":0,"texture":"#0","tintindex":0},"west":{"uv":[6.875,7.875,7.125,8.0],"rotation":0,"texture":"#0","tintindex":0},"up":{"uv":[7.25,8.125,7.125,7.875],"rotation":0,"texture":"#0","tintindex":0},"down":{"uv":[7.375,7.875,7.25,8.125],"rotation":0,"texture":"#0","tintindex":0}}},{"from":[9.014286,3.2428575,7.4428573],"to":[9.385715,3.5000005,8.585714],"rotation":{"angle":0.0,"axis":"y","origin":[8.236295,26.955364,7.5309095]},"faces":{"east":{"uv":[7.875,7.25,8.125,7.375],"rotation":0,"texture":"#0","tintindex":0},"south":{"uv":[6.5,8.375,6.625,8.5],"rotation":0,"texture":"#0","tintindex":0},"north":{"uv":[8.375,6.375,8.5,6.5],"rotation":0,"texture":"#0","tintindex":0},"west":{"uv":[7.375,7.875,7.625,8.0],"rotation":0,"texture":"#0","tintindex":0},"up":{"uv":[8.0,7.625,7.875,7.375],"rotation":0,"texture":"#0","tintindex":0},"down":{"uv":[7.75,7.875,7.625,8.125],"rotation":0,"texture":"#0","tintindex":0}}}],"display":{"head":{"translation":[0.0,-6.4,0.0],"scale":[4.0,4.0,4.0]}}}