{"textures":{"0":"modelengine:entity/em_bandit_a1"},"elements":[{"from":[5.7691517,8.137143,5.6481795],"to":[10.340581,12.708571,10.219608],"rotation":{"angle":0.0,"axis":"y","origin":[8.0,8.08,7.7665267]},"faces":{"east":{"uv":[1.125,1.125,2.125,2.125],"rotation":0,"texture":"#0","tintindex":0},"south":{"uv":[0.0,2.25,1.0,3.25],"rotation":0,"texture":"#0","tintindex":0},"north":{"uv":[1.125,0.0,2.125,1.0],"rotation":0,"texture":"#0","tintindex":0},"west":{"uv":[2.25,0.0,3.25,1.0],"rotation":0,"texture":"#0","tintindex":0},"up":{"uv":[2.125,3.25,1.125,2.25],"rotation":0,"texture":"#0","tintindex":0},"down":{"uv":[3.25,1.125,2.25,2.125],"rotation":0,"texture":"#0","tintindex":0}}},{"from":[9.789457,8.137143,9.501118],"to":[9.789457,10.422857,11.786832],"rotation":{"angle":-45.0,"axis":"y","origin":[8.054866,8.08,7.7665267]},"faces":{"east":{"uv":[3.125,6.75,3.625,7.25],"rotation":0,"texture":"#0","tintindex":0},"south":{"uv":[8.0,9.75,8.0,10.25],"rotation":0,"texture":"#0","tintindex":0},"north":{"uv":[2.125,3.375,2.125,3.875],"rotation":0,"texture":"#0","tintindex":0},"west":{"uv":[3.625,6.75,3.125,7.25],"rotation":0,"texture":"#0","tintindex":0},"up":{"uv":[2.625,10.375,2.625,9.875],"rotation":0,"texture":"#0","tintindex":0},"down":{"uv":[6.375,9.875,6.375,10.375],"rotation":0,"texture":"#0","tintindex":0}}},{"from":[6.3202753,8.137143,9.501118],"to":[6.3202753,10.422857,11.786832],"rotation":{"angle":45.0,"axis":"y","origin":[8.054866,8.08,7.7665267]},"faces":{"east":{"uv":[6.125,6.875,5.625,7.375],"rotation":0,"texture":"#0","tintindex":0},"south":{"uv":[9.625,9.875,9.625,10.375],"rotation":0,"texture":"#0","tintindex":0},"north":{"uv":[7.25,9.875,7.25,10.375],"rotation":0,"texture":"#0","tintindex":0},"west":{"uv":[5.625,6.875,6.125,7.375],"rotation":0,"texture":"#0","tintindex":0},"up":{"uv":[2.25,10.5,2.25,10.0],"rotation":0,"texture":"#0","tintindex":0},"down":{"uv":[3.5,10.0,3.5,10.5],"rotation":0,"texture":"#0","tintindex":0}}},{"from":[5.7120085,8.08,5.591037],"to":[10.397723,10.48,10.2767515],"rotation":{"angle":0.0,"axis":"y","origin":[8.0,8.08,7.7665267]},"faces":{"east":{"uv":[1.0,4.375,2.0,4.875],"rotation":0,"texture":"#0","tintindex":0},"south":{"uv":[4.375,2.25,5.375,2.75],"rotation":0,"texture":"#0","tintindex":0},"north":{"uv":[3.875,4.25,4.875,4.75],"rotation":0,"texture":"#0","tintindex":0},"west":{"uv":[4.375,2.875,5.375,3.375],"rotation":0,"texture":"#0","tintindex":0},"up":{"uv":[1.0,1.0,0.0,0.0],"rotation":0,"texture":"#0","tintindex":0},"down":{"uv":[1.0,1.125,0.0,2.125],"rotation":0,"texture":"#0","tintindex":0}}},{"from":[5.7120085,6.822858,5.591037],"to":[10.397723,8.080001,5.7053223],"rotation":{"angle":0.0,"axis":"y","origin":[8.0,8.08,7.7665267]},"faces":{"east":{"uv":[3.75,6.0,3.75,6.25],"rotation":0,"texture":"#0","tintindex":0},"south":{"uv":[6.25,6.875,7.25,7.125],"rotation":0,"texture":"#0","tintindex":0},"north":{"uv":[6.5,5.75,7.5,6.0],"rotation":0,"texture":"#0","tintindex":0},"west":{"uv":[3.625,7.375,3.625,7.625],"rotation":0,"texture":"#0","tintindex":0},"up":{"uv":[10.875,6.0,9.875,6.0],"rotation":0,"texture":"#0","tintindex":0},"down":{"uv":[10.875,7.5,9.875,7.5],"rotation":0,"texture":"#0","tintindex":0}}}],"display":{"head":{"translation":[0.0,-6.4,0.0],"scale":[4.0,4.0,4.0]}}}