{"textures":{"0":"modelengine:entity/em_bandit_a1"},"elements":[{"from":[5.125922,10.90229,6.913265],"to":[10.840208,14.330862,9.770409],"rotation":{"angle":0.0,"axis":"y","origin":[9.411636,10.90229,7.770408]},"faces":{"east":{"uv":[0.0,4.875,0.625,5.625],"rotation":0,"texture":"#0","tintindex":0},"south":{"uv":[2.25,3.125,3.5,3.875],"rotation":0,"texture":"#0","tintindex":0},"north":{"uv":[2.25,2.25,3.5,3.0],"rotation":0,"texture":"#0","tintindex":0},"west":{"uv":[3.875,4.875,4.5,5.625],"rotation":0,"texture":"#0","tintindex":0},"up":{"uv":[1.25,4.0,0.0,3.375],"rotation":0,"texture":"#0","tintindex":0},"down":{"uv":[4.625,0.0,3.375,0.625],"rotation":0,"texture":"#0","tintindex":0}}},{"from":[7.3567705,6.9022903,6.913265],"to":[8.499628,8.045148,9.198979],"rotation":{"angle":0.0,"axis":"y","origin":[9.3567705,6.9022903,7.770408]},"faces":{"east":{"uv":[4.0,8.375,4.5,8.625],"rotation":0,"texture":"#0","tintindex":0},"south":{"uv":[7.75,9.375,8.0,9.625],"rotation":0,"texture":"#0","tintindex":0},"north":{"uv":[5.875,9.375,6.125,9.625],"rotation":0,"texture":"#0","tintindex":0},"west":{"uv":[6.25,8.375,6.75,8.625],"rotation":0,"texture":"#0","tintindex":0},"up":{"uv":[7.125,8.875,6.875,8.375],"rotation":0,"texture":"#0","tintindex":0},"down":{"uv":[8.0,8.375,7.75,8.875],"rotation":0,"texture":"#0","tintindex":0}}},{"from":[7.3567705,7.616576,6.484694],"to":[8.499628,8.759433,6.770408],"rotation":{"angle":0.0,"axis":"y","origin":[9.3567705,6.4737186,7.0561223]},"faces":{"east":{"uv":[9.75,7.625,9.875,7.875],"rotation":0,"texture":"#0","tintindex":0},"south":{"uv":[2.125,9.375,2.375,9.625],"rotation":0,"texture":"#0","tintindex":0},"north":{"uv":[7.375,9.25,7.625,9.5],"rotation":0,"texture":"#0","tintindex":0},"west":{"uv":[9.75,9.625,9.875,9.875],"rotation":0,"texture":"#0","tintindex":0},"up":{"uv":[10.125,0.125,9.875,0.0],"rotation":0,"texture":"#0","tintindex":0},"down":{"uv":[10.125,0.25,9.875,0.375],"rotation":0,"texture":"#0","tintindex":0}}},{"from":[3.9993877,12.0583,6.827551],"to":[8.170816,12.801157,9.856123],"rotation":{"angle":-45.0,"axis":"z","origin":[6.656531,12.4297285,8.056123]},"faces":{"east":{"uv":[9.0,1.5,9.625,1.625],"rotation":0,"texture":"#0","tintindex":0},"south":{"uv":[0.0,8.625,0.875,8.75],"rotation":0,"texture":"#0","tintindex":0},"north":{"uv":[4.5,2.0,5.375,2.125],"rotation":0,"texture":"#0","tintindex":0},"west":{"uv":[9.0,1.75,9.625,1.875],"rotation":0,"texture":"#0","tintindex":0},"up":{"uv":[0.875,4.75,0.0,4.125],"rotation":0,"texture":"#0","tintindex":0},"down":{"uv":[3.75,4.25,2.875,4.875],"rotation":0,"texture":"#0","tintindex":0}}},{"from":[7.5596275,10.819433,8.544694],"to":[9.439628,11.556576,9.853266],"rotation":{"angle":-22.5,"axis":"z","origin":[8.213914,11.1880045,8.627551]},"faces":{"east":{"uv":[9.75,6.5,10.0,6.625],"rotation":0,"texture":"#0","tintindex":0},"south":{"uv":[9.625,2.5,10.0,2.625],"rotation":0,"texture":"#0","tintindex":0},"north":{"uv":[9.5,5.5,9.875,5.625],"rotation":0,"texture":"#0","tintindex":0},"west":{"uv":[7.625,9.75,7.875,9.875],"rotation":0,"texture":"#0","tintindex":0},"up":{"uv":[7.625,9.125,7.25,8.875],"rotation":0,"texture":"#0","tintindex":0},"down":{"uv":[9.25,8.5,8.875,8.75],"rotation":0,"texture":"#0","tintindex":0}}},{"from":[6.826627,11.003536,6.341837],"to":[7.3980556,12.717822,6.913265],"rotation":{"angle":-22.5,"axis":"z","origin":[7.1123414,11.86068,6.627551]},"faces":{"east":{"uv":[8.625,9.625,8.75,10.0],"rotation":0,"texture":"#0","tintindex":0},"south":{"uv":[8.875,9.625,9.0,10.0],"rotation":0,"texture":"#0","tintindex":0},"north":{"uv":[8.375,9.625,8.5,10.0],"rotation":0,"texture":"#0","tintindex":0},"west":{"uv":[9.625,8.875,9.75,9.25],"rotation":0,"texture":"#0","tintindex":0},"up":{"uv":[4.5,10.125,4.375,10.0],"rotation":0,"texture":"#0","tintindex":0},"down":{"uv":[10.125,5.375,10.0,5.5],"rotation":0,"texture":"#0","tintindex":0}}},{"from":[8.213914,10.330862,6.341837],"to":[8.785342,12.045148,6.913265],"rotation":{"angle":-22.5,"axis":"z","origin":[8.213914,11.1880045,7.484694]},"faces":{"east":{"uv":[9.625,2.0,9.75,2.375],"rotation":0,"texture":"#0","tintindex":0},"south":{"uv":[7.375,9.625,7.5,10.0],"rotation":0,"texture":"#0","tintindex":0},"north":{"uv":[1.75,9.625,1.875,10.0],"rotation":0,"texture":"#0","tintindex":0},"west":{"uv":[8.125,9.625,8.25,10.0],"rotation":0,"texture":"#0","tintindex":0},"up":{"uv":[4.0,10.125,3.875,10.0],"rotation":0,"texture":"#0","tintindex":0},"down":{"uv":[4.25,10.0,4.125,10.125],"rotation":0,"texture":"#0","tintindex":0}}},{"from":[9.3567705,10.330862,6.341837],"to":[9.9282,12.045148,6.913265],"rotation":{"angle":-22.5,"axis":"z","origin":[8.213914,11.1880045,7.484694]},"faces":{"east":{"uv":[6.5,9.5,6.625,9.875],"rotation":0,"texture":"#0","tintindex":0},"south":{"uv":[6.75,9.5,6.875,9.875],"rotation":0,"texture":"#0","tintindex":0},"north":{"uv":[1.0,9.5,1.125,9.875],"rotation":0,"texture":"#0","tintindex":0},"west":{"uv":[1.5,9.625,1.625,10.0],"rotation":0,"texture":"#0","tintindex":0},"up":{"uv":[3.375,10.125,3.25,10.0],"rotation":0,"texture":"#0","tintindex":0},"down":{"uv":[10.125,3.5,10.0,3.625],"rotation":0,"texture":"#0","tintindex":0}}},{"from":[7.5590563,10.818862,6.829837],"to":[10.583056,11.557148,9.282408],"rotation":{"angle":-22.5,"axis":"z","origin":[8.213914,11.1880045,8.056123]},"faces":{"east":{"uv":[9.25,8.125,9.75,8.25],"rotation":0,"texture":"#0","tintindex":0},"south":{"uv":[9.0,1.25,9.625,1.375],"rotation":0,"texture":"#0","tintindex":0},"north":{"uv":[9.0,1.0,9.625,1.125],"rotation":0,"texture":"#0","tintindex":0},"west":{"uv":[1.5,9.375,2.0,9.5],"rotation":0,"texture":"#0","tintindex":0},"up":{"uv":[6.5,0.5,5.875,0.0],"rotation":0,"texture":"#0","tintindex":0},"down":{"uv":[6.875,0.625,6.25,1.125],"rotation":0,"texture":"#0","tintindex":0}}},{"from":[5.5567703,7.959433,6.827551],"to":[10.299628,8.702291,9.284694],"rotation":{"angle":0.0,"axis":"y","origin":[9.3567705,6.9022903,7.770408]},"faces":{"east":{"uv":[9.25,7.125,9.75,7.25],"rotation":0,"texture":"#0","tintindex":0},"south":{"uv":[2.125,8.5,3.125,8.625],"rotation":0,"texture":"#0","tintindex":0},"north":{"uv":[8.25,5.875,9.25,6.0],"rotation":0,"texture":"#0","tintindex":0},"west":{"uv":[9.25,7.375,9.75,7.5],"rotation":0,"texture":"#0","tintindex":0},"up":{"uv":[5.5,1.875,4.5,1.375],"rotation":0,"texture":"#0","tintindex":0},"down":{"uv":[5.75,0.0,4.75,0.5],"rotation":0,"texture":"#0","tintindex":0}}},{"from":[6.2139134,9.1880045,9.770409],"to":[6.785342,9.759434,9.913265],"rotation":{"angle":0.0,"axis":"y","origin":[9.3567705,8.045148,7.770408]},"faces":{"east":{"uv":[1.0,10.0,1.125,10.125],"rotation":0,"texture":"#0","tintindex":0},"south":{"uv":[10.0,1.0,10.125,1.125],"rotation":0,"texture":"#0","tintindex":0},"north":{"uv":[10.0,0.75,10.125,0.875],"rotation":0,"texture":"#0","tintindex":0},"west":{"uv":[10.0,1.25,10.125,1.375],"rotation":0,"texture":"#0","tintindex":0},"up":{"uv":[10.125,1.625,10.0,1.5],"rotation":0,"texture":"#0","tintindex":0},"down":{"uv":[2.125,10.0,2.0,10.125],"rotation":0,"texture":"#0","tintindex":0}}},{"from":[5.6424847,8.045148,9.198979],"to":[7.3567705,10.330862,9.770409],"rotation":{"angle":0.0,"axis":"y","origin":[9.3567705,8.045148,7.770408]},"faces":{"east":{"uv":[5.625,9.25,5.75,9.75],"rotation":0,"texture":"#0","tintindex":0},"south":{"uv":[0.5,8.0,0.875,8.5],"rotation":0,"texture":"#0","tintindex":0},"north":{"uv":[0.0,8.0,0.375,8.5],"rotation":0,"texture":"#0","tintindex":0},"west":{"uv":[7.125,9.25,7.25,9.75],"rotation":0,"texture":"#0","tintindex":0},"up":{"uv":[4.875,9.625,4.5,9.5],"rotation":0,"texture":"#0","tintindex":0},"down":{"uv":[5.375,9.5,5.0,9.625],"rotation":0,"texture":"#0","tintindex":0}}},{"from":[10.213914,8.045148,6.913265],"to":[10.785342,9.759434,9.198979],"rotation":{"angle":0.0,"axis":"y","origin":[9.3567705,8.045148,7.770408]},"faces":{"east":{"uv":[7.625,4.75,8.125,5.125],"rotation":0,"texture":"#0","tintindex":0},"south":{"uv":[6.25,9.375,6.375,9.75],"rotation":0,