{"textures":{"0":"modelengine:entity/redancientsamurai"},"elements":[{"from":[8.186088,1.7857985,6.7714286],"to":[10.528945,4.357227,9.228572],"rotation":{"angle":0.0,"axis":"y","origin":[4.528945,-4.8999157,7.0]},"faces":{"east":{"uv":[8.375,7.75,8.625,8.03125],"rotation":0,"texture":"#0","tintindex":0},"south":{"uv":[8.375,7.75,8.625,8.03125],"rotation":0,"texture":"#0","tintindex":0},"north":{"uv":[8.375,7.75,8.625,8.03125],"rotation":0,"texture":"#0","tintindex":0},"west":{"uv":[8.375,7.75,8.625,8.03125],"rotation":0,"texture":"#0","tintindex":0},"up":{"uv":[8.375,7.75,8.625,8.03125],"rotation":0,"texture":"#0","tintindex":0},"down":{"uv":[8.375,7.75,8.625,8.03125],"rotation":0,"texture":"#0","tintindex":0}}},{"from":[8.128945,1.7286553,6.6],"to":[10.586088,4.4143696,9.4],"rotation":{"angle":0.0,"axis":"y","origin":[4.528945,-4.8999157,7.0]},"faces":{"east":{"uv":[9.3125,12.5,9.58125,12.79375],"rotation":0,"texture":"#0","tintindex":0},"south":{"uv":[9.3125,12.5,9.58125,12.79375],"rotation":0,"texture":"#0","tintindex":0},"north":{"uv":[9.3125,12.5,9.58125,12.79375],"rotation":0,"texture":"#0","tintindex":0},"west":{"uv":[9.3125,12.5,9.58125,12.79375],"rotation":0,"texture":"#0","tintindex":0},"up":{"uv":[9.3125,12.5,9.58125,12.79375],"rotation":0,"texture":"#0","tintindex":0},"down":{"uv":[9.3125,12.5,9.58125,12.79375],"rotation":0,"texture":"#0","tintindex":0}}},{"from":[8.128945,1.7286553,6.6],"to":[10.586088,4.4143696,9.4],"rotation":{"angle":0.0,"axis":"y","origin":[4.528945,-4.8999157,7.0]},"faces":{"east":{"uv":[9.3125,12.5,9.58125,12.79375],"rotation":0,"texture":"#0","tintindex":0},"south":{"uv":[9.3125,12.5,9.58125,12.79375],"rotation":0,"texture":"#0","tintindex":0},"north":{"uv":[9.3125,12.5,9.58125,12.79375],"rotation":0,"texture":"#0","tintindex":0},"west":{"uv":[9.3125,12.5,9.58125,12.79375],"rotation":0,"texture":"#0","tintindex":0},"up":{"uv":[9.3125,12.5,9.58125,12.79375],"rotation":0,"texture":"#0","tintindex":0},"down":{"uv":[9.3125,12.5,9.58125,12.79375],"rotation":0,"texture":"#0","tintindex":0}}},{"from":[7.500374,5.728656,6.6],"to":[10.814659,6.8143697,9.4],"rotation":{"angle":0.0,"axis":"y","origin":[4.528945,-4.785631,7.0]},"faces":{"east":{"uv":[4.625,0.0,4.9875,0.11875],"rotation":0,"texture":"#0","tintindex":0},"south":{"uv":[4.625,0.0,4.9875,0.11875],"rotation":0,"texture":"#0","tintindex":0},"north":{"uv":[4.625,0.0,4.9875,0.11875],"rotation":0,"texture":"#0","tintindex":0},"west":{"uv":[4.625,0.0,4.9875,0.11875],"rotation":0,"texture":"#0","tintindex":0},"up":{"uv":[4.625,0.0,4.9875,0.11875],"rotation":0,"texture":"#0","tintindex":0},"down":{"uv":[4.625,0.0,4.9875,0.11875],"rotation":0,"texture":"#0","tintindex":0}}},{"from":[7.500374,7.1000843,6.6],"to":[10.814659,8.300084,9.4],"rotation":{"angle":0.0,"axis":"y","origin":[4.528945,-4.8999157,7.0]},"faces":{"east":{"uv":[2.5,9.1875,2.8125,9.3125],"rotation":0,"texture":"#0","tintindex":0},"south":{"uv":[9.125,0.875,9.4375,1.0],"rotation":0,"texture":"#0","tintindex":0},"north":{"uv":[9.125,4.625,9.4375,4.75],"rotation":0,"texture":"#0","tintindex":0},"west":{"uv":[9.1875,6.375,9.5,6.5],"rotation":0,"texture":"#0","tintindex":0},"up":{"uv":[1.5625,0.0,1.925,0.30625],"rotation":0,"texture":"#0","tintindex":0},"down":{"uv":[7.375,0.0,7.0625,0.3125],"rotation":0,"texture":"#0","tintindex":0}}},{"from":[7.500374,4.471513,6.6],"to":[10.814659,5.557227,9.4],"rotation":{"angle":0.0,"axis":"y","origin":[4.528945,-7.6427736,7.0]},"faces":{"east":{"uv":[4.625,0.0,4.9875,0.13125],"rotation":0,"texture":"#0","tintindex":0},"south":{"uv":[4.625,0.0,4.9875,0.13125],"rotation":0,"texture":"#0","tintindex":0},"north":{"uv":[4.625,0.0,4.9875,0.13125],"rotation":0,"texture":"#0","tintindex":0},"west":{"uv":[4.625,0.0,4.9875,0.13125],"rotation":0,"texture":"#0","tintindex":0},"up":{"uv":[4.625,0.0,4.9875,0.13125],"rotation":0,"texture":"#0","tintindex":0},"down":{"uv":[4.625,0.0,4.9875,0.13125],"rotation":0,"texture":"#0","tintindex":0}}},{"from":[7.6718025,4.357227,6.7714286],"to":[10.643231,7.3286557,9.228572],"rotation":{"angle":0.0,"axis":"y","origin":[4.528945,-7.6427736,7.0]},"faces":{"east":{"uv":[8.375,7.75,8.625,8.028125],"rotation":0,"texture":"#0","tintindex":0},"south":{"uv":[8.375,7.75,8.625,8.028125],"rotation":0,"texture":"#0","tintindex":0},"north":{"uv":[8.375,7.75,8.625,8.028125],"rotation":0,"texture":"#0","tintindex":0},"west":{"uv":[8.375,7.75,8.625,8.028125],"rotation":0,"texture":"#0","tintindex":0},"up":{"uv":[8.375,7.75,8.625,8.028125],"rotation":0,"texture":"#0","tintindex":0},"down":{"uv":[8.375,7.75,8.625,8.028125],"rotation":0,"texture":"#0","tintindex":0}}},{"from":[10.81466,6.1857986,6.3142858],"to":[11.614659,8.300084,9.685715],"rotation":{"angle":0.0,"axis":"y","origin":[11.21466,6.271513,8.0]},"faces":{"east":{"uv":[4.625,0.0,4.99375,0.23125],"rotation":0,"texture":"#0","tintindex":0},"south":{"uv":[4.625,0.0,4.99375,0.23125],"rotation":0,"texture":"#0","tintindex":0},"north":{"uv":[4.625,0.0,4.99375,0.23125],"rotation":0,"texture":"#0","tintindex":0},"west":{"uv":[4.625,0.0,4.99375,0.23125],"rotation":0,"texture":"#0","tintindex":0},"up":{"uv":[4.625,0.0,4.99375,0.23125],"rotation":0,"texture":"#0","tintindex":0},"down":{"uv":[4.625,0.0,4.99375,0.23125],"rotation":0,"texture":"#0","tintindex":0}}},{"from":[10.440557,8.066541,6.3142858],"to":[11.240557,8.809398,9.685715],"rotation":{"angle":22.5,"axis":"z","origin":[10.840557,9.123684,8.0]},"faces":{"east":{"uv":[4.625,0.0,4.99375,0.08125],"rotation":0,"texture":"#0","tintindex":0},"south":{"uv":[4.625,0.0,4.99375,0.08125],"rotation":0,"texture":"#0","tintindex":0},"north":{"uv":[4.625,0.0,4.99375,0.08125],"rotation":0,"texture":"#0","tintindex":0},"west":{"uv":[4.625,0.0,4.99375,0.08125],"rotation":0,"texture":"#0","tintindex":0},"up":{"uv":[4.625,0.0,4.99375,0.08125],"rotation":0,"texture":"#0","tintindex":0},"down":{"uv":[4.625,0.0,4.99375,0.08125],"rotation":0,"texture":"#0","tintindex":0}}},{"from":[9.444666,8.243538,6.3714285],"to":[11.33038,8.986395,9.6285715],"rotation":{"angle":0.0,"axis":"y","origin":[10.930381,8.614966,8.0]},"faces":{"east":{"uv":[4.6875,0.125,5.04375,0.33125],"rotation":90,"texture":"#0","tintindex":0},"south":{"uv":[4.6875,0.125,4.76875,0.33125],"rotation":90,"texture":"#0","tintindex":0},"north":{"uv":[4.6875,0.125,4.76875,0.33125],"rotation":90,"texture":"#0","tintindex":0},"west":{"uv":[4.6875,0.125,5.04375,0.33125],"rotation":90,"texture":"#0","tintindex":0},"up":{"uv":[4.6875,0.125,5.04375,0.33125],"rotation":90,"texture":"#0","tintindex":0},"down":{"uv":[4.6875,0.125,5.04375,0.33125],"rotation":90,"texture":"#0","tintindex":0}}},{"from":[8.669177,8.80145,6.3714285],"to":[9.983462,9.544307,9.6285715],"rotation":{"angle":-45.0,"axis":"z","origin":[9.040606,9.172878,8.0]},"faces":{"east":{"uv":[4.6875,0.125,5.04375,0.26875],"rotation":90,"texture":"#0","tintindex":0},"south":{"uv":[4.6875,0.125,4.76875,0.26875],"rotation":90,"texture":"#0","tintindex":0},"north":{"uv":[4.6875,0.125,4.76875,0.26875],"rotation":90,"texture":"#0","tintindex":0},"west":{"uv":[4.6875,0.125,5.04375,0.26875],"rotation":90,"texture":"#0","tintindex":0},"up":{"uv":[4.6875,0.125,5.04375,0.26875],"rotation":90,"texture":"#0","tintindex":0},"down":{"uv":[4.6875,0.125,5.04375,0.26875],"rotation":90,"texture":"#0","tintindex":0}}},{"from":[9.739837,6.1857986,6.4051485],"to":[10.539837,8.300084,7.0908628],"rotation":{"angle":45.0,"axis":"y","origin":[10.139837,6.271513,5.4051485]},"faces":{"east":{"uv":[4.75,0.0625,4.825,0.29375],"rotation":0,"texture":"#0","tintindex":0},"south":{"uv":[4.75,0.0625,4.825,0.29375],"rotation":0,"texture":"#0","tintindex":0},"north":{"uv":[4.75,0.0625,4.825,0.29375],"rotation":0,"texture":"#0","tintindex":0},"west":{"uv":[4.75,0.0625,4.825,0.29375],"rotation":0,"texture":"#0","tintindex":0},"up":{"uv":[4.75,0.0625,4.825,0.29375],"rotation":0,"texture":"#0","tintindex":0},"down":{"uv":[4.75,0.0625,4.825,0.29375],"rotation":0,"texture":"#0",