{"textures":{"0":"modelengine:entity/redancientsamurai"},"elements":[{"from":[5.311378,1.7463245,6.8211412],"to":[7.6542354,4.317753,9.278284],"rotation":{"angle":0.0,"axis":"y","origin":[1.6542349,-4.93939,7.0497127]},"faces":{"east":{"uv":[8.375,7.75,8.625,8.03125],"rotation":0,"texture":"#0","tintindex":0},"south":{"uv":[8.375,7.75,8.625,8.03125],"rotation":0,"texture":"#0","tintindex":0},"north":{"uv":[8.375,7.75,8.625,8.03125],"rotation":0,"texture":"#0","tintindex":0},"west":{"uv":[8.375,7.75,8.625,8.03125],"rotation":0,"texture":"#0","tintindex":0},"up":{"uv":[8.375,7.75,8.625,8.03125],"rotation":0,"texture":"#0","tintindex":0},"down":{"uv":[8.375,7.75,8.625,8.03125],"rotation":0,"texture":"#0","tintindex":0}}},{"from":[5.2542353,1.6891813,6.6497126],"to":[7.711378,4.374896,9.449713],"rotation":{"angle":0.0,"axis":"y","origin":[1.6542349,-4.93939,7.0497127]},"faces":{"east":{"uv":[9.3125,12.5,9.58125,12.79375],"rotation":0,"texture":"#0","tintindex":0},"south":{"uv":[9.3125,12.5,9.58125,12.79375],"rotation":0,"texture":"#0","tintindex":0},"north":{"uv":[9.3125,12.5,9.58125,12.79375],"rotation":0,"texture":"#0","tintindex":0},"west":{"uv":[9.3125,12.5,9.58125,12.79375],"rotation":0,"texture":"#0","tintindex":0},"up":{"uv":[9.3125,12.5,9.58125,12.79375],"rotation":0,"texture":"#0","tintindex":0},"down":{"uv":[9.3125,12.5,9.58125,12.79375],"rotation":0,"texture":"#0","tintindex":0}}},{"from":[5.1970925,5.6891813,6.6497126],"to":[8.511378,6.774896,9.449713],"rotation":{"angle":0.0,"axis":"y","origin":[1.6542349,-4.8251047,7.0497127]},"faces":{"east":{"uv":[4.625,0.0,4.9875,0.11875],"rotation":0,"texture":"#0","tintindex":0},"south":{"uv":[4.625,0.0,4.9875,0.11875],"rotation":0,"texture":"#0","tintindex":0},"north":{"uv":[4.625,0.0,4.9875,0.11875],"rotation":0,"texture":"#0","tintindex":0},"west":{"uv":[4.625,0.0,4.9875,0.11875],"rotation":0,"texture":"#0","tintindex":0},"up":{"uv":[4.625,0.0,4.9875,0.11875],"rotation":0,"texture":"#0","tintindex":0},"down":{"uv":[4.625,0.0,4.9875,0.11875],"rotation":0,"texture":"#0","tintindex":0}}},{"from":[5.1970925,7.0606103,6.6497126],"to":[8.511378,8.260611,9.449713],"rotation":{"angle":0.0,"axis":"y","origin":[1.6542349,-4.93939,7.0497127]},"faces":{"east":{"uv":[1.0,9.125,1.3125,9.25],"rotation":0,"texture":"#0","tintindex":0},"south":{"uv":[9.125,4.625,9.4375,4.75],"rotation":0,"texture":"#0","tintindex":0},"north":{"uv":[9.125,0.875,9.4375,1.0],"rotation":0,"texture":"#0","tintindex":0},"west":{"uv":[9.125,4.4375,9.4375,4.5625],"rotation":0,"texture":"#0","tintindex":0},"up":{"uv":[1.5625,0.0,1.925,0.30625],"rotation":0,"texture":"#0","tintindex":0},"down":{"uv":[7.3125,6.125,7.0,6.4375],"rotation":0,"texture":"#0","tintindex":0}}},{"from":[5.1970925,4.432039,6.6497126],"to":[8.511378,5.5177526,9.449713],"rotation":{"angle":0.0,"axis":"y","origin":[1.6542349,-7.682247,7.0497127]},"faces":{"east":{"uv":[4.625,0.0,4.9875,0.13125],"rotation":0,"texture":"#0","tintindex":0},"south":{"uv":[4.625,0.0,4.9875,0.13125],"rotation":0,"texture":"#0","tintindex":0},"north":{"uv":[4.625,0.0,4.9875,0.13125],"rotation":0,"texture":"#0","tintindex":0},"west":{"uv":[4.625,0.0,4.9875,0.13125],"rotation":0,"texture":"#0","tintindex":0},"up":{"uv":[4.625,0.0,4.9875,0.13125],"rotation":0,"texture":"#0","tintindex":0},"down":{"uv":[4.625,0.0,4.9875,0.13125],"rotation":0,"texture":"#0","tintindex":0}}},{"from":[5.3685207,4.317753,6.8211412],"to":[8.33995,7.2891817,9.278284],"rotation":{"angle":0.0,"axis":"y","origin":[1.6542349,-7.682247,7.0497127]},"faces":{"east":{"uv":[8.375,7.75,8.625,8.028125],"rotation":0,"texture":"#0","tintindex":0},"south":{"uv":[8.375,7.75,8.625,8.028125],"rotation":0,"texture":"#0","tintindex":0},"north":{"uv":[8.375,7.75,8.625,8.028125],"rotation":0,"texture":"#0","tintindex":0},"west":{"uv":[8.375,7.75,8.625,8.028125],"rotation":0,"texture":"#0","tintindex":0},"up":{"uv":[8.375,7.75,8.625,8.028125],"rotation":0,"texture":"#0","tintindex":0},"down":{"uv":[8.375,7.75,8.625,8.028125],"rotation":0,"texture":"#0","tintindex":0}}},{"from":[6.1956573,8.415057,6.3639984],"to":[7.509943,9.157914,9.621141],"rotation":{"angle":45.0,"axis":"z","origin":[6.5670857,8.786486,7.99257]},"faces":{"east":{"uv":[9.25,8.9375,9.59375,9.03125],"rotation":0,"texture":"#0","tintindex":0},"south":{"uv":[4.6875,0.125,4.76875,0.26875],"rotation":90,"texture":"#0","tintindex":0},"north":{"uv":[4.6875,0.125,4.76875,0.26875],"rotation":90,"texture":"#0","tintindex":0},"west":{"uv":[9.3125,0.0,9.65625,0.09375],"rotation":0,"texture":"#0","tintindex":0},"up":{"uv":[4.6875,0.125,5.04375,0.33125],"rotation":90,"texture":"#0","tintindex":0},"down":{"uv":[4.46875,8.8125,4.3125,9.15625],"rotation":0,"texture":"#0","tintindex":0}}},{"from":[4.6813717,8.261207,6.3639984],"to":[6.5670857,9.004064,9.621141],"rotation":{"angle":0.0,"axis":"y","origin":[1.5956569,8.632635,7.99257]},"faces":{"east":{"uv":[9.3125,0.1875,9.65625,0.28125],"rotation":0,"texture":"#0","tintindex":0},"south":{"uv":[4.6875,0.125,4.76875,0.33125],"rotation":90,"texture":"#0","tintindex":0},"north":{"uv":[4.6875,0.125,4.76875,0.33125],"rotation":90,"texture":"#0","tintindex":0},"west":{"uv":[9.3125,0.375,9.65625,0.46875],"rotation":0,"texture":"#0","tintindex":0},"up":{"uv":[4.6875,0.125,5.04375,0.26875],"rotation":90,"texture":"#0","tintindex":0},"down":{"uv":[3.40625,8.1875,3.1875,8.53125],"rotation":0,"texture":"#0","tintindex":0}}},{"from":[4.639276,8.792436,6.3639984],"to":[5.439276,9.535293,9.735427],"rotation":{"angle":-22.5,"axis":"z","origin":[3.3249903,9.163864,8.049713]},"faces":{"east":{"uv":[9.25,3.625,9.625,3.71875],"rotation":0,"texture":"#0","tintindex":0},"south":{"uv":[4.625,0.0,4.99375,0.08125],"rotation":0,"texture":"#0","tintindex":0},"north":{"uv":[10.5,4.5625,10.59375,4.65625],"rotation":0,"texture":"#0","tintindex":0},"west":{"uv":[4.625,0.0,4.99375,0.08125],"rotation":0,"texture":"#0","tintindex":0},"up":{"uv":[4.09375,9.5,4.0,9.125],"rotation":0,"texture":"#0","tintindex":0},"down":{"uv":[3.34375,9.1875,3.25,9.5625],"rotation":0,"texture":"#0","tintindex":0}}},{"from":[4.542575,4.0891814,8.943795],"to":[5.342575,6.2034674,9.686653],"rotation":{"angle":45.0,"axis":"y","origin":[4.9425745,5.1463246,9.315224]},"faces":{"east":{"uv":[4.75,0.0625,4.83125,0.29375],"rotation":0,"texture":"#0","tintindex":0},"south":{"uv":[4.75,0.0625,4.83125,0.29375],"rotation":0,"texture":"#0","tintindex":0},"north":{"uv":[4.75,0.0625,4.83125,0.29375],"rotation":0,"texture":"#0","tintindex":0},"west":{"uv":[4.75,0.0625,4.83125,0.29375],"rotation":0,"texture":"#0","tintindex":0},"up":{"uv":[4.75,0.0625,4.83125,0.29375],"rotation":0,"texture":"#0","tintindex":0},"down":{"uv":[4.75,0.0625,4.83125,0.29375],"rotation":0,"texture":"#0","tintindex":0}}},{"from":[3.0475488,4.0891814,5.793513],"to":[3.847549,6.2034674,6.5363703],"rotation":{"angle":-45.0,"axis":"y","origin":[3.4475489,5.1463246,8.279227]},"faces":{"east":{"uv":[4.75,0.0625,4.83125,0.29375],"rotation":0,"texture":"#0","tintindex":0},"south":{"uv":[4.75,0.0625,4.83125,0.29375],"rotation":0,"texture":"#0","tintindex":0},"north":{"uv":[4.75,0.0625,4.83125,0.29375],"rotation":0,"texture":"#0","tintindex":0},"west":{"uv":[4.75,0.0625,4.83125,0.29375],"rotation":0,"texture":"#0","tintindex":0},"up":{"uv":[4.75,0.0625,4.83125,0.29375],"rotation":0,"texture":"#0","tintindex":0},"down":{"uv":[4.75,0.0625,4.83125,0.29375],"rotation":0,"texture":"#0","tintindex":0}}},{"from":[4.522372,6.2034674,9.352164],"to":[5.3223715,8.317753,10.037878],"rotation":{"angle":45.0,"axis":"y","origin":[4.922372,7.26061,9.695021]},"faces":{"east":{"uv":[4.75,0.0625,4.825,0.29375],"rotation":0,"texture":"#0","tintindex":0},"south":{"uv":[4.75,0.0625,4.825,0.29375],"rotation":0,"texture":"#0","tintindex":0},"north":{"uv":[4.75,0.0625,4.825,0.29375],"rotation":0,"texture":"#0","tintindex":0},"west":{"uv":[4.75,0.0625,4.825,0.29375],"rotation":0,"texture":"#0","tintindex":0},"up":{"uv":[4.75,0.0625,4.825,0.29375],"rotation":0,