{"textures":{"0":"modelengine:entity/redancientsamurai"},"elements":[{"from":[6.7,0.18479109,7.6584754],"to":[9.271429,2.9276485,10.229904],"rotation":{"angle":0.0,"axis":"y","origin":[10.471429,12.984792,7.915618]},"faces":{"east":{"uv":[0.375,3.75,0.65625,4.04375],"rotation":0,"texture":"#0","tintindex":0},"south":{"uv":[0.375,3.75,0.65625,4.04375],"rotation":0,"texture":"#0","tintindex":0},"north":{"uv":[0.375,3.75,0.65625,4.04375],"rotation":0,"texture":"#0","tintindex":0},"west":{"uv":[0.375,3.75,0.65625,4.04375],"rotation":0,"texture":"#0","tintindex":0},"up":{"uv":[0.375,3.75,0.65625,4.04375],"rotation":0,"texture":"#0","tintindex":0},"down":{"uv":[0.375,3.75,0.65625,4.04375],"rotation":0,"texture":"#0","tintindex":0}}},{"from":[6.8142858,0.5921731,6.2192445],"to":[9.157143,2.306459,8.390673],"rotation":{"angle":-22.5,"axis":"x","origin":[9.785714,1.449316,7.304959]},"faces":{"east":{"uv":[0.375,3.75,0.63125,3.9375],"rotation":0,"texture":"#0","tintindex":0},"south":{"uv":[0.375,3.75,0.63125,3.9375],"rotation":0,"texture":"#0","tintindex":0},"north":{"uv":[0.375,3.75,0.63125,3.9375],"rotation":0,"texture":"#0","tintindex":0},"west":{"uv":[0.375,3.75,0.63125,3.9375],"rotation":0,"texture":"#0","tintindex":0},"up":{"uv":[0.375,3.75,0.63125,3.9375],"rotation":0,"texture":"#0","tintindex":0},"down":{"uv":[0.375,3.75,0.63125,3.9375],"rotation":0,"texture":"#0","tintindex":0}}},{"from":[6.5857143,0.2419343,6.629904],"to":[9.385715,1.9562201,9.887047],"rotation":{"angle":0.0,"axis":"y","origin":[10.471429,12.984792,8.201332]},"faces":{"east":{"uv":[0.375,3.75,0.68125,3.9375],"rotation":0,"texture":"#0","tintindex":0},"south":{"uv":[8.75,4.4375,9.0625,4.625],"rotation":0,"texture":"#0","tintindex":0},"north":{"uv":[1.125,6.0625,1.4375,6.25],"rotation":0,"texture":"#0","tintindex":0},"west":{"uv":[0.375,3.75,0.68125,3.9375],"rotation":0,"texture":"#0","tintindex":0},"up":{"uv":[6.9375,6.53125,6.625,6.1875],"rotation":0,"texture":"#0","tintindex":0},"down":{"uv":[0.375,3.75,0.68125,3.9375],"rotation":0,"texture":"#0","tintindex":0}}},{"from":[6.7,3.4990768,7.6584754],"to":[9.271429,7.7276487,10.229904],"rotation":{"angle":0.0,"axis":"y","origin":[10.471429,12.984792,7.915618]},"faces":{"east":{"uv":[12.6875,9.71875,12.96875,10.1875],"rotation":0,"texture":"#0","tintindex":0},"south":{"uv":[12.6875,9.71875,12.96875,10.1875],"rotation":0,"texture":"#0","tintindex":0},"north":{"uv":[12.6875,9.71875,12.96875,10.1875],"rotation":0,"texture":"#0","tintindex":0},"west":{"uv":[12.6875,9.71875,12.96875,10.1875],"rotation":0,"texture":"#0","tintindex":0},"up":{"uv":[12.6875,9.71875,12.96875,10.1875],"rotation":0,"texture":"#0","tintindex":0},"down":{"uv":[12.6875,9.71875,12.96875,10.1875],"rotation":0,"texture":"#0","tintindex":0}}},{"from":[6.8142858,2.8705053,7.829904],"to":[9.157143,3.4990768,10.0584755],"rotation":{"angle":0.0,"axis":"y","origin":[10.471429,12.984792,7.915618]},"faces":{"east":{"uv":[0.0,9.6875,0.25,9.75],"rotation":0,"texture":"#0","tintindex":0},"south":{"uv":[0.3125,9.6875,0.5625,9.75],"rotation":0,"texture":"#0","tintindex":0},"north":{"uv":[9.625,1.3125,9.875,1.375],"rotation":0,"texture":"#0","tintindex":0},"west":{"uv":[9.6875,1.4375,9.9375,1.5],"rotation":0,"texture":"#0","tintindex":0},"up":{"uv":[8.9375,6.875,8.6875,6.625],"rotation":0,"texture":"#0","tintindex":0},"down":{"uv":[7.0,8.6875,6.75,8.9375],"rotation":0,"texture":"#0","tintindex":0}}},{"from":[6.642857,2.9276485,7.601332],"to":[9.442857,7.7276487,10.287046],"rotation":{"angle":0.0,"axis":"y","origin":[10.528571,12.413363,7.915618]},"faces":{"east":{"uv":[5.625,5.3125,5.90625,5.84375],"rotation":0,"texture":"#0","tintindex":0},"south":{"uv":[5.625,5.3125,5.90625,5.84375],"rotation":0,"texture":"#0","tintindex":0},"north":{"uv":[5.625,5.3125,5.90625,5.84375],"rotation":0,"texture":"#0","tintindex":0},"west":{"uv":[5.625,5.3125,5.90625,5.84375],"rotation":0,"texture":"#0","tintindex":0},"up":{"uv":[5.625,5.3125,5.90625,5.84375],"rotation":0,"texture":"#0","tintindex":0},"down":{"uv":[5.625,5.3125,5.90625,5.84375],"rotation":0,"texture":"#0","tintindex":0}}},{"from":[6.528571,2.9276485,7.429904],"to":[9.557142,7.7276487,10.458475],"rotation":{"angle":0.0,"axis":"y","origin":[10.528571,12.413363,7.915618]},"faces":{"east":{"uv":[11.9375,6.375,12.21875,6.90625],"rotation":0,"texture":"#0","tintindex":0},"south":{"uv":[11.9375,6.375,12.21875,6.90625],"rotation":0,"texture":"#0","tintindex":0},"north":{"uv":[11.9375,6.375,12.21875,6.90625],"rotation":0,"texture":"#0","tintindex":0},"west":{"uv":[11.9375,6.375,12.21875,6.90625],"rotation":0,"texture":"#0","tintindex":0},"up":{"uv":[11.9375,6.375,12.21875,6.90625],"rotation":0,"texture":"#0","tintindex":0},"down":{"uv":[11.9375,6.375,12.21875,6.90625],"rotation":0,"texture":"#0","tintindex":0}}},{"from":[6.7,0.2419343,4.458475],"to":[9.271429,1.9562201,6.629904],"rotation":{"angle":0.0,"axis":"y","origin":[10.471429,12.984792,8.201332]},"faces":{"east":{"uv":[0.375,3.75,0.65625,3.9375],"rotation":0,"texture":"#0","tintindex":0},"south":{"uv":[0.375,3.75,0.65625,3.9375],"rotation":0,"texture":"#0","tintindex":0},"north":{"uv":[0.375,3.75,0.65625,3.9375],"rotation":0,"texture":"#0","tintindex":0},"west":{"uv":[0.375,3.75,0.65625,3.9375],"rotation":0,"texture":"#0","tintindex":0},"up":{"uv":[0.375,3.75,0.65625,3.9375],"rotation":0,"texture":"#0","tintindex":0},"down":{"uv":[0.375,3.75,0.65625,3.9375],"rotation":0,"texture":"#0","tintindex":0}}}],"display":{"head":{"translation":[0.0,-6.4,0.0],"scale":[4.0,4.0,4.0]}}}