{"textures":{"0":"modelengine:entity/redancientsamurai"},"elements":[{"from":[4.448,6.40101,7.0270395],"to":[8.152228,9.141125,7.280754],"rotation":{"angle":22.5,"axis":"y","origin":[6.477714,7.771067,7.153897]},"faces":{"east":{"uv":[6.3125,3.625,6.71875,3.9375],"rotation":0,"texture":"#0","tintindex":0},"south":{"uv":[6.3125,3.625,6.71875,3.9375],"rotation":0,"texture":"#0","tintindex":0},"north":{"uv":[6.3125,3.625,6.71875,3.9375],"rotation":180,"texture":"#0","tintindex":0},"west":{"uv":[6.3125,3.625,6.34025,3.9247],"rotation":0,"texture":"#0","tintindex":0},"up":{"uv":[6.3125,3.625,6.34025,3.9247],"rotation":0,"texture":"#0","tintindex":0},"down":{"uv":[6.3125,3.625,6.71875,3.9375],"rotation":0,"texture":"#0","tintindex":0}}},{"from":[4.5439997,4.98021,7.3314967],"to":[8.152228,7.720324,7.5852113],"rotation":{"angle":22.5,"axis":"y","origin":[6.477714,6.350267,7.458354]},"faces":{"east":{"uv":[6.3125,3.625,6.71875,3.9375],"rotation":0,"texture":"#0","tintindex":0},"south":{"uv":[6.3125,3.625,6.71875,3.9375],"rotation":0,"texture":"#0","tintindex":0},"north":{"uv":[6.3125,3.625,6.71875,3.9375],"rotation":180,"texture":"#0","tintindex":0},"west":{"uv":[6.3125,3.625,6.34025,3.9247],"rotation":0,"texture":"#0","tintindex":0},"up":{"uv":[6.3125,3.625,6.71875,3.9375],"rotation":0,"texture":"#0","tintindex":0},"down":{"uv":[6.3125,3.625,6.71875,3.9375],"rotation":0,"texture":"#0","tintindex":0}}},{"from":[4.5769143,3.762381,7.5852113],"to":[8.152228,6.502496,7.8389254],"rotation":{"angle":22.5,"axis":"y","origin":[6.477714,5.1324387,7.712068]},"faces":{"east":{"uv":[6.3125,3.625,6.71875,3.9375],"rotation":0,"texture":"#0","tintindex":0},"south":{"uv":[6.3125,3.625,6.71875,3.9375],"rotation":0,"texture":"#0","tintindex":0},"north":{"uv":[6.3125,3.625,6.71875,3.9375],"rotation":180,"texture":"#0","tintindex":0},"west":{"uv":[6.3125,3.625,6.34025,3.9247],"rotation":0,"texture":"#0","tintindex":0},"up":{"uv":[6.3125,3.625,6.71875,3.9375],"rotation":0,"texture":"#0","tintindex":0},"down":{"uv":[6.3125,3.625,6.71875,3.9375],"rotation":0,"texture":"#0","tintindex":0}}},{"from":[4.681143,2.443067,7.7881823],"to":[8.152228,5.1831813,8.041897],"rotation":{"angle":22.5,"axis":"y","origin":[6.477714,3.8131242,7.9150395]},"faces":{"east":{"uv":[6.3125,3.625,6.71875,3.9375],"rotation":0,"texture":"#0","tintindex":0},"south":{"uv":[6.3125,3.625,6.71875,3.9375],"rotation":0,"texture":"#0","tintindex":0},"north":{"uv":[6.3125,3.625,6.71875,3.9375],"rotation":180,"texture":"#0","tintindex":0},"west":{"uv":[6.3125,3.625,6.34025,3.9247],"rotation":0,"texture":"#0","tintindex":0},"up":{"uv":[6.3125,3.625,6.71875,3.9375],"rotation":0,"texture":"#0","tintindex":0},"down":{"uv":[6.3125,3.625,6.71875,3.9375],"rotation":0,"texture":"#0","tintindex":0}}},{"from":[7.7970285,6.40101,7.0270395],"to":[11.552,9.141125,7.280754],"rotation":{"angle":-22.5,"axis":"y","origin":[9.522285,7.771067,7.153897]},"faces":{"east":{"uv":[6.3125,3.625,6.34025,3.9247],"rotation":0,"texture":"#0","tintindex":0},"south":{"uv":[6.3125,3.625,6.71875,3.9375],"rotation":0,"texture":"#0","tintindex":0},"north":{"uv":[6.3125,3.625,6.71875,3.9375],"rotation":180,"texture":"#0","tintindex":0},"west":{"uv":[6.3125,3.625,6.71875,3.9375],"rotation":0,"texture":"#0","tintindex":0},"up":{"uv":[6.3125,3.625,6.34025,3.9247],"rotation":0,"texture":"#0","tintindex":0},"down":{"uv":[6.3125,3.625,6.71875,3.9375],"rotation":0,"texture":"#0","tintindex":0}}},{"from":[7.7970285,4.98021,7.3314967],"to":[11.524571,7.720324,7.5852113],"rotation":{"angle":-22.5,"axis":"y","origin":[9.522285,6.350267,7.458354]},"faces":{"east":{"uv":[6.3125,3.625,6.34025,3.9247],"rotation":0,"texture":"#0","tintindex":0},"south":{"uv":[6.3125,3.625,6.71875,3.9375],"rotation":0,"texture":"#0","tintindex":0},"north":{"uv":[6.3125,3.625,6.71875,3.9375],"rotation":180,"texture":"#0","tintindex":0},"west":{"uv":[6.3125,3.625,6.71875,3.9375],"rotation":0,"texture":"#0","tintindex":0},"up":{"uv":[6.3125,3.625,6.71875,3.9375],"rotation":0,"texture":"#0","tintindex":0},"down":{"uv":[6.3125,3.625,6.71875,3.9375],"rotation":0,"texture":"#0","tintindex":0}}},{"from":[7.7970285,3.762381,7.5852113],"to":[11.491657,6.502496,7.8389254],"rotation":{"angle":-22.5,"axis":"y","origin":[9.522285,5.1324387,7.712068]},"faces":{"east":{"uv":[6.3125,3.625,6.34025,3.9247],"rotation":0,"texture":"#0","tintindex":0},"south":{"uv":[6.3125,3.625,6.71875,3.9375],"rotation":0,"texture":"#0","tintindex":0},"north":{"uv":[6.3125,3.625,6.71875,3.9375],"rotation":180,"texture":"#0","tintindex":0},"west":{"uv":[6.3125,3.625,6.71875,3.9375],"rotation":0,"texture":"#0","tintindex":0},"up":{"uv":[6.3125,3.625,6.71875,3.9375],"rotation":0,"texture":"#0","tintindex":0},"down":{"uv":[6.3125,3.625,6.71875,3.9375],"rotation":0,"texture":"#0","tintindex":0}}},{"from":[7.7970285,2.443067,7.7881823],"to":[11.456,5.1831813,8.041897],"rotation":{"angle":-22.5,"axis":"y","origin":[9.522285,3.8131242,7.9150395]},"faces":{"east":{"uv":[6.3125,3.625,6.34025,3.9247],"rotation":0,"texture":"#0","tintindex":0},"south":{"uv":[6.3125,3.625,6.71875,3.9375],"rotation":0,"texture":"#0","tintindex":0},"north":{"uv":[6.3125,3.625,6.71875,3.9375],"rotation":180,"texture":"#0","tintindex":0},"west":{"uv":[6.3125,3.625,6.71875,3.9375],"rotation":0,"texture":"#0","tintindex":0},"up":{"uv":[6.3125,3.625,6.71875,3.9375],"rotation":0,"texture":"#0","tintindex":0},"down":{"uv":[6.3125,3.625,6.71875,3.9375],"rotation":0,"texture":"#0","tintindex":0}}}],"display":{"head":{"translation":[0.0,-6.4,0.0],"scale":[4.0,4.0,4.0]}}}