{"textures":{"0":"modelengine:entity/redancientsamurai"},"elements":[{"from":[5.613963,5.258933,7.654006],"to":[8.175335,7.9990478,7.90772],"rotation":{"angle":22.5,"axis":"y","origin":[6.50082,6.6289907,7.7808633]},"faces":{"east":{"uv":[6.3125,3.625,6.59265,3.9247],"rotation":0,"texture":"#0","tintindex":0},"south":{"uv":[6.3125,3.625,6.59265,3.9247],"rotation":0,"texture":"#0","tintindex":0},"north":{"uv":[6.3125,3.625,6.59265,3.9247],"rotation":180,"texture":"#0","tintindex":0},"west":{"uv":[6.3125,3.625,6.59265,3.9247],"rotation":0,"texture":"#0","tintindex":0},"up":{"uv":[6.3125,3.625,6.59265,3.9247],"rotation":0,"texture":"#0","tintindex":0},"down":{"uv":[6.3125,3.625,6.59265,3.9247],"rotation":0,"texture":"#0","tintindex":0}}},{"from":[5.709963,3.8381333,7.958463],"to":[8.175335,6.578248,8.212177],"rotation":{"angle":22.5,"axis":"y","origin":[6.50082,5.2081904,8.08532]},"faces":{"east":{"uv":[6.3125,3.625,6.58215,3.9247],"rotation":0,"texture":"#0","tintindex":0},"south":{"uv":[6.3125,3.625,6.58215,3.9247],"rotation":0,"texture":"#0","tintindex":0},"north":{"uv":[6.3125,3.625,6.58215,3.9247],"rotation":180,"texture":"#0","tintindex":0},"west":{"uv":[6.3125,3.625,6.58215,3.9247],"rotation":0,"texture":"#0","tintindex":0},"up":{"uv":[6.3125,3.625,6.58215,3.9247],"rotation":0,"texture":"#0","tintindex":0},"down":{"uv":[6.3125,3.625,6.58215,3.9247],"rotation":0,"texture":"#0","tintindex":0}}},{"from":[5.742877,2.620305,8.212177],"to":[8.175335,5.3604193,8.465892],"rotation":{"angle":22.5,"axis":"y","origin":[6.50082,3.9903622,8.339035]},"faces":{"east":{"uv":[6.3125,3.625,6.57855,3.9247],"rotation":0,"texture":"#0","tintindex":0},"south":{"uv":[6.3125,3.625,6.57855,3.9247],"rotation":0,"texture":"#0","tintindex":0},"north":{"uv":[6.3125,3.625,6.57855,3.9247],"rotation":180,"texture":"#0","tintindex":0},"west":{"uv":[6.3125,3.625,6.57855,3.9247],"rotation":0,"texture":"#0","tintindex":0},"up":{"uv":[6.3125,3.625,6.57855,3.9247],"rotation":0,"texture":"#0","tintindex":0},"down":{"uv":[6.3125,3.625,6.57855,3.9247],"rotation":0,"texture":"#0","tintindex":0}}},{"from":[5.847106,1.3009901,8.415149],"to":[8.175335,4.041105,8.668863],"rotation":{"angle":22.5,"axis":"y","origin":[6.50082,2.6710477,8.542006]},"faces":{"east":{"uv":[6.3125,3.625,6.56715,3.9247],"rotation":0,"texture":"#0","tintindex":0},"south":{"uv":[6.3125,3.625,6.56715,3.9247],"rotation":0,"texture":"#0","tintindex":0},"north":{"uv":[6.3125,3.625,6.56715,3.9247],"rotation":180,"texture":"#0","tintindex":0},"west":{"uv":[6.3125,3.625,6.56715,3.9247],"rotation":0,"texture":"#0","tintindex":0},"up":{"uv":[6.3125,3.625,6.56715,3.9247],"rotation":0,"texture":"#0","tintindex":0},"down":{"uv":[6.3125,3.625,6.56715,3.9247],"rotation":0,"texture":"#0","tintindex":0}}},{"from":[7.8201346,5.258933,7.654006],"to":[10.032249,7.9990478,7.90772],"rotation":{"angle":-22.5,"axis":"y","origin":[9.545392,6.6289907,7.7808633]},"faces":{"east":{"uv":[6.3125,3.625,6.55445,3.9247],"rotation":0,"texture":"#0","tintindex":0},"south":{"uv":[6.3125,3.625,6.55445,3.9247],"rotation":0,"texture":"#0","tintindex":0},"north":{"uv":[6.3125,3.625,6.55445,3.9247],"rotation":180,"texture":"#0","tintindex":0},"west":{"uv":[6.3125,3.625,6.55445,3.9247],"rotation":0,"texture":"#0","tintindex":0},"up":{"uv":[6.3125,3.625,6.55445,3.9247],"rotation":0,"texture":"#0","tintindex":0},"down":{"uv":[6.3125,3.625,6.55445,3.9247],"rotation":0,"texture":"#0","tintindex":0}}},{"from":[7.8201346,3.8381333,7.958463],"to":[10.00482,6.578248,8.212177],"rotation":{"angle":-22.5,"axis":"y","origin":[9.545392,5.2081904,8.08532]},"faces":{"east":{"uv":[6.3125,3.625,6.55145,3.9247],"rotation":0,"texture":"#0","tintindex":0},"south":{"uv":[6.3125,3.625,6.55145,3.9247],"rotation":0,"texture":"#0","tintindex":0},"north":{"uv":[6.3125,3.625,6.55145,3.9247],"rotation":180,"texture":"#0","tintindex":0},"west":{"uv":[6.3125,3.625,6.55145,3.9247],"rotation":0,"texture":"#0","tintindex":0},"up":{"uv":[6.3125,3.625,6.55145,3.9247],"rotation":0,"texture":"#0","tintindex":0},"down":{"uv":[6.3125,3.625,6.55145,3.9247],"rotation":0,"texture":"#0","tintindex":0}}},{"from":[7.8201346,2.620305,8.212177],"to":[10.486192,5.3604193,8.465892],"rotation":{"angle":-22.5,"axis":"y","origin":[9.545392,3.9903622,8.339035]},"faces":{"east":{"uv":[6.3125,3.625,6.6041,3.9247],"rotation":0,"texture":"#0","tintindex":0},"south":{"uv":[6.3125,3.625,6.6041,3.9247],"rotation":0,"texture":"#0","tintindex":0},"north":{"uv":[6.3125,3.625,6.6041,3.9247],"rotation":180,"texture":"#0","tintindex":0},"west":{"uv":[6.3125,3.625,6.6041,3.9247],"rotation":0,"texture":"#0","tintindex":0},"up":{"uv":[6.3125,3.625,6.6041,3.9247],"rotation":0,"texture":"#0","tintindex":0},"down":{"uv":[6.3125,3.625,6.6041,3.9247],"rotation":0,"texture":"#0","tintindex":0}}},{"from":[7.8201346,1.3009901,8.415149],"to":[10.450535,4.041105,8.668863],"rotation":{"angle":-22.5,"axis":"y","origin":[9.545392,2.6710477,8.542006]},"faces":{"east":{"uv":[6.3125,3.625,6.6002,3.9247],"rotation":0,"texture":"#0","tintindex":0},"south":{"uv":[6.3125,3.625,6.6002,3.9247],"rotation":0,"texture":"#0","tintindex":0},"north":{"uv":[6.3125,3.625,6.6002,3.9247],"rotation":180,"texture":"#0","tintindex":0},"west":{"uv":[6.3125,3.625,6.6002,3.9247],"rotation":0,"texture":"#0","tintindex":0},"up":{"uv":[6.3125,3.625,6.6002,3.9247],"rotation":0,"texture":"#0","tintindex":0},"down":{"uv":[6.3125,3.625,6.6002,3.9247],"rotation":0,"texture":"#0","tintindex":0}}}],"display":{"head":{"translation":[0.0,-6.4,0.0],"scale":[4.0,4.0,4.0]}}}