{"textures":{"0":"modelengine:entity/redancientsamurai"},"elements":[{"from":[5.04,6.667508,7.1891994],"to":[8.126857,8.950937,7.400628],"rotation":{"angle":22.5,"axis":"y","origin":[6.7314286,7.8092227,7.294914]},"faces":{"east":{"uv":[2.0625,10.4375,2.09375,10.6875],"rotation":0,"texture":"#0","tintindex":0},"south":{"uv":[7.4375,4.375,7.78125,4.625],"rotation":0,"texture":"#0","tintindex":0},"north":{"uv":[4.875,4.25,5.28125,4.59375],"rotation":0,"texture":"#0","tintindex":0},"west":{"uv":[3.4375,10.5,3.46875,10.75],"rotation":0,"texture":"#0","tintindex":0},"up":{"uv":[10.28125,8.40625,9.9375,8.375],"rotation":0,"texture":"#0","tintindex":0},"down":{"uv":[7.59375,10.0,7.25,10.03125],"rotation":0,"texture":"#0","tintindex":0}}},{"from":[5.12,5.483508,7.442914],"to":[8.126857,7.766937,7.6543427],"rotation":{"angle":22.5,"axis":"y","origin":[6.7314286,6.6252227,7.5486283]},"faces":{"east":{"uv":[4.0,10.5,4.03125,10.75],"rotation":0,"texture":"#0","tintindex":0},"south":{"uv":[4.5,7.5,4.84375,7.75],"rotation":0,"texture":"#0","tintindex":0},"north":{"uv":[5.6875,0.0,6.0625,0.34375],"rotation":0,"texture":"#0","tintindex":0},"west":{"uv":[4.4375,10.5,4.46875,10.75],"rotation":0,"texture":"#0","tintindex":0},"up":{"uv":[8.53125,10.03125,8.1875,10.0],"rotation":0,"texture":"#0","tintindex":0},"down":{"uv":[8.96875,10.0,8.625,10.03125],"rotation":0,"texture":"#0","tintindex":0}}},{"from":[5.1474285,4.468651,7.6543427],"to":[8.126857,6.7520795,7.8657713],"rotation":{"angle":22.5,"axis":"y","origin":[6.7314286,5.6103654,7.760057]},"faces":{"east":{"uv":[10.5,7.6875,10.53125,7.9375],"rotation":0,"texture":"#0","tintindex":0},"south":{"uv":[7.8125,6.1875,8.125,6.4375],"rotation":0,"texture":"#0","tintindex":0},"north":{"uv":[5.6875,0.0,6.0625,0.34375],"rotation":0,"texture":"#0","tintindex":0},"west":{"uv":[10.5,8.0,10.53125,8.25],"rotation":0,"texture":"#0","tintindex":0},"up":{"uv":[10.0,10.28125,9.6875,10.25],"rotation":0,"texture":"#0","tintindex":0},"down":{"uv":[10.375,10.25,10.0625,10.28125],"rotation":0,"texture":"#0","tintindex":0}}},{"from":[5.2342854,3.3692222,7.8234854],"to":[8.126857,5.652651,8.034914],"rotation":{"angle":22.5,"axis":"y","origin":[6.7314286,4.5109367,7.9291997]},"faces":{"east":{"uv":[10.5,8.625,10.53125,8.875],"rotation":0,"texture":"#0","tintindex":0},"south":{"uv":[8.0625,2.0,8.375,2.25],"rotation":0,"texture":"#0","tintindex":0},"north":{"uv":[5.0,3.5625,5.40625,3.90625],"rotation":0,"texture":"#0","tintindex":0},"west":{"uv":[10.5,9.75,10.53125,10.0],"rotation":0,"texture":"#0","tintindex":0},"up":{"uv":[0.3125,10.34375,0.0,10.3125],"rotation":0,"texture":"#0","tintindex":0},"down":{"uv":[0.6875,10.3125,0.375,10.34375],"rotation":0,"texture":"#0","tintindex":0}}},{"from":[7.8308573,6.667508,7.1891994],"to":[10.96,8.950937,7.400628],"rotation":{"angle":-22.5,"axis":"y","origin":[9.268572,7.8092227,7.294914]},"faces":{"east":{"uv":[10.4375,10.5,10.46875,10.75],"rotation":0,"texture":"#0","tintindex":0},"south":{"uv":[7.5625,0.375,7.90625,0.625],"rotation":0,"texture":"#0","tintindex":0},"north":{"uv":[5.0,5.125,5.40625,5.46875],"rotation":0,"texture":"#0","tintindex":0},"west":{"uv":[10.5625,1.0,10.59375,1.25],"rotation":0,"texture":"#0","tintindex":0},"up":{"uv":[9.40625,10.09375,9.0625,10.0625],"rotation":0,"texture":"#0","tintindex":0},"down":{"uv":[10.40625,9.75,10.0625,9.78125],"rotation":0,"texture":"#0","tintindex":0}}},{"from":[7.8308573,5.483508,7.442914],"to":[10.937143,7.766937,7.6543427],"rotation":{"angle":-22.5,"axis":"y","origin":[9.268572,6.6252227,7.5486283]},"faces":{"east":{"uv":[10.5625,1.3125,10.59375,1.5625],"rotation":0,"texture":"#0","tintindex":0},"south":{"uv":[7.5625,5.0,7.90625,5.25],"rotation":0,"texture":"#0","tintindex":0},"north":{"uv":[5.8125,2.8125,6.1875,3.15625],"rotation":0,"texture":"#0","tintindex":0},"west":{"uv":[10.5625,1.625,10.59375,1.875],"rotation":0,"texture":"#0","tintindex":0},"up":{"uv":[10.40625,9.90625,10.0625,9.875],"rotation":0,"texture":"#0","tintindex":0},"down":{"uv":[10.40625,10.0,10.0625,10.03125],"rotation":0,"texture":"#0","tintindex":0}}},{"from":[7.8308573,4.468651,7.6543427],"to":[10.909715,6.7520795,7.8657713],"rotation":{"angle":-22.5,"axis":"y","origin":[9.268572,5.6103654,7.760057]},"faces":{"east":{"uv":[1.6875,10.5625,1.71875,10.8125],"rotation":0,"texture":"#0","tintindex":0},"south":{"uv":[7.625,2.0,7.96875,2.25],"rotation":0,"texture":"#0","tintindex":0},"north":{"uv":[5.8125,2.8125,6.1875,3.15625],"rotation":0,"texture":"#0","tintindex":0},"west":{"uv":[1.8125,10.5625,1.84375,10.8125],"rotation":0,"texture":"#0","tintindex":0},"up":{"uv":[10.46875,1.09375,10.125,1.0625],"rotation":0,"texture":"#0","tintindex":0},"down":{"uv":[10.46875,1.1875,10.125,1.21875],"rotation":0,"texture":"#0","tintindex":0}}},{"from":[7.8308573,3.3692222,7.8234854],"to":[10.88,5.652651,8.034914],"rotation":{"angle":-22.5,"axis":"y","origin":[9.268572,4.5109367,7.9291997]},"faces":{"east":{"uv":[1.9375,10.5625,1.96875,10.8125],"rotation":0,"texture":"#0","tintindex":0},"south":{"uv":[7.625,7.4375,7.96875,7.6875],"rotation":0,"texture":"#0","tintindex":0},"north":{"uv":[1.5,5.0625,1.90625,5.40625],"rotation":0,"texture":"#0","tintindex":0},"west":{"uv":[2.5,10.5625,2.53125,10.8125],"rotation":0,"texture":"#0","tintindex":0},"up":{"uv":[10.46875,1.34375,10.125,1.3125],"rotation":0,"texture":"#0","tintindex":0},"down":{"uv":[10.46875,1.4375,10.125,1.46875],"rotation":0,"texture":"#0","tintindex":0}}}],"display":{"head":{"translation":[0.0,-6.4,0.0],"scale":[4.0,4.0,4.0]}}}