{"textures":{"0":"modelengine:entity/redancientsamurai"},"elements":[{"from":[5.5239096,5.8826003,7.7607503],"to":[8.096481,8.166029,7.972179],"rotation":{"angle":22.5,"axis":"y","origin":[6.7010527,7.024315,7.8664646]},"faces":{"east":{"uv":[5.0,5.125,5.22975,5.37475],"rotation":0,"texture":"#0","tintindex":0},"south":{"uv":[4.625,0.0,5.09375,0.34375],"rotation":0,"texture":"#0","tintindex":0},"north":{"uv":[5.0,5.125,5.22975,5.37475],"rotation":0,"texture":"#0","tintindex":0},"west":{"uv":[5.0,5.125,5.22975,5.37475],"rotation":0,"texture":"#0","tintindex":0},"up":{"uv":[5.0,5.125,5.22975,5.37475],"rotation":0,"texture":"#0","tintindex":0},"down":{"uv":[5.0,5.125,5.22975,5.37475],"rotation":0,"texture":"#0","tintindex":0}}},{"from":[5.6039095,4.6986003,8.014464],"to":[8.096481,6.982029,8.225893],"rotation":{"angle":22.5,"axis":"y","origin":[6.7010527,5.840315,8.120179]},"faces":{"east":{"uv":[5.6875,0.0,6.0625,0.34375],"rotation":0,"texture":"#0","tintindex":0},"south":{"uv":[4.625,0.0,5.09375,0.34375],"rotation":0,"texture":"#0","tintindex":0},"north":{"uv":[5.6875,0.0,6.0625,0.34375],"rotation":0,"texture":"#0","tintindex":0},"west":{"uv":[5.6875,0.0,6.0625,0.34375],"rotation":0,"texture":"#0","tintindex":0},"up":{"uv":[5.6875,0.0,6.0625,0.34375],"rotation":0,"texture":"#0","tintindex":0},"down":{"uv":[5.6875,0.0,6.0625,0.34375],"rotation":0,"texture":"#0","tintindex":0}}},{"from":[5.631338,3.683743,8.225893],"to":[8.096481,5.9671717,8.437322],"rotation":{"angle":22.5,"axis":"y","origin":[6.7010527,4.8254576,8.331608]},"faces":{"east":{"uv":[5.6875,0.0,6.0625,0.34375],"rotation":0,"texture":"#0","tintindex":0},"south":{"uv":[4.625,0.0,5.09375,0.34375],"rotation":0,"texture":"#0","tintindex":0},"north":{"uv":[5.6875,0.0,6.0625,0.34375],"rotation":0,"texture":"#0","tintindex":0},"west":{"uv":[5.6875,0.0,6.0625,0.34375],"rotation":0,"texture":"#0","tintindex":0},"up":{"uv":[5.6875,0.0,6.0625,0.34375],"rotation":0,"texture":"#0","tintindex":0},"down":{"uv":[5.6875,0.0,6.0625,0.34375],"rotation":0,"texture":"#0","tintindex":0}}},{"from":[5.7181954,2.5843143,8.395037],"to":[8.096481,4.8677435,8.606464],"rotation":{"angle":22.5,"axis":"y","origin":[6.7010527,3.726029,8.500751]},"faces":{"east":{"uv":[5.6875,0.0,6.0625,0.34375],"rotation":0,"texture":"#0","tintindex":0},"south":{"uv":[4.625,0.0,5.09375,0.34375],"rotation":0,"texture":"#0","tintindex":0},"north":{"uv":[5.6875,0.0,6.0625,0.34375],"rotation":0,"texture":"#0","tintindex":0},"west":{"uv":[5.6875,0.0,6.0625,0.34375],"rotation":0,"texture":"#0","tintindex":0},"up":{"uv":[5.6875,0.0,6.0625,0.34375],"rotation":0,"texture":"#0","tintindex":0},"down":{"uv":[5.6875,0.0,6.0625,0.34375],"rotation":0,"texture":"#0","tintindex":0}}},{"from":[7.8004813,5.8826003,7.7607503],"to":[10.472482,8.166029,7.972179],"rotation":{"angle":-22.5,"axis":"y","origin":[9.238195,7.024315,7.8664646]},"faces":{"east":{"uv":[4.875,4.25,5.28125,4.59375],"rotation":0,"texture":"#0","tintindex":0},"south":{"uv":[4.625,0.0,5.09375,0.34375],"rotation":0,"texture":"#0","tintindex":0},"north":{"uv":[4.875,4.25,5.28125,4.59375],"rotation":0,"texture":"#0","tintindex":0},"west":{"uv":[4.875,4.25,5.28125,4.59375],"rotation":0,"texture":"#0","tintindex":0},"up":{"uv":[4.875,4.25,5.28125,4.59375],"rotation":0,"texture":"#0","tintindex":0},"down":{"uv":[4.875,4.25,5.28125,4.59375],"rotation":0,"texture":"#0","tintindex":0}}},{"from":[7.8004813,4.6986003,8.014464],"to":[10.449624,6.982029,8.225893],"rotation":{"angle":-22.5,"axis":"y","origin":[9.238195,5.840315,8.120179]},"faces":{"east":{"uv":[5.8125,2.8125,6.1875,3.15625],"rotation":0,"texture":"#0","tintindex":0},"south":{"uv":[4.625,0.0,5.09375,0.34375],"rotation":0,"texture":"#0","tintindex":0},"north":{"uv":[5.8125,2.8125,6.1875,3.15625],"rotation":0,"texture":"#0","tintindex":0},"west":{"uv":[5.8125,2.8125,6.1875,3.15625],"rotation":0,"texture":"#0","tintindex":0},"up":{"uv":[5.8125,2.8125,6.1875,3.15625],"rotation":0,"texture":"#0","tintindex":0},"down":{"uv":[5.8125,2.8125,6.1875,3.15625],"rotation":0,"texture":"#0","tintindex":0}}},{"from":[7.8004813,3.683743,8.225893],"to":[10.422195,5.9671717,8.437322],"rotation":{"angle":-22.5,"axis":"y","origin":[9.238195,4.8254576,8.331608]},"faces":{"east":{"uv":[5.8125,2.8125,6.1875,3.15625],"rotation":0,"texture":"#0","tintindex":0},"south":{"uv":[4.625,0.0,5.09375,0.34375],"rotation":0,"texture":"#0","tintindex":0},"north":{"uv":[5.8125,2.8125,6.1875,3.15625],"rotation":0,"texture":"#0","tintindex":0},"west":{"uv":[5.8125,2.8125,6.1875,3.15625],"rotation":0,"texture":"#0","tintindex":0},"up":{"uv":[5.8125,2.8125,6.1875,3.15625],"rotation":0,"texture":"#0","tintindex":0},"down":{"uv":[5.8125,2.8125,6.1875,3.15625],"rotation":0,"texture":"#0","tintindex":0}}},{"from":[7.8004813,2.5843143,8.395037],"to":[10.392481,4.8677435,8.606464],"rotation":{"angle":-22.5,"axis":"y","origin":[9.238195,3.726029,8.500751]},"faces":{"east":{"uv":[5.8125,2.8125,6.1875,3.15625],"rotation":0,"texture":"#0","tintindex":0},"south":{"uv":[4.625,0.0,5.09375,0.34375],"rotation":0,"texture":"#0","tintindex":0},"north":{"uv":[5.8125,2.8125,6.1875,3.15625],"rotation":0,"texture":"#0","tintindex":0},"west":{"uv":[5.8125,2.8125,6.1875,3.15625],"rotation":0,"texture":"#0","tintindex":0},"up":{"uv":[5.8125,2.8125,6.1875,3.15625],"rotation":0,"texture":"#0","tintindex":0},"down":{"uv":[5.8125,2.8125,6.1875,3.15625],"rotation":0,"texture":"#0","tintindex":0}}}],"display":{"head":{"translation":[0.0,-6.4,0.0],"scale":[4.0,4.0,4.0]}}}