{"textures":{"0":"modelengine:entity/redancientsamurai"},"elements":[{"from":[4.448,5.3600054,7.335399],"to":[8.152228,8.10012,7.589113],"rotation":{"angle":22.5,"axis":"y","origin":[6.477714,6.7300625,7.4622564]},"faces":{"east":{"uv":[6.3125,3.625,6.71875,3.9375],"rotation":0,"texture":"#0","tintindex":0},"south":{"uv":[6.3125,3.625,6.71875,3.9375],"rotation":0,"texture":"#0","tintindex":0},"north":{"uv":[6.3125,3.625,6.71765,3.9247],"rotation":180,"texture":"#0","tintindex":0},"west":{"uv":[6.3125,3.625,6.71875,3.9375],"rotation":0,"texture":"#0","tintindex":0},"up":{"uv":[6.3125,3.625,6.71875,3.9375],"rotation":0,"texture":"#0","tintindex":0},"down":{"uv":[6.3125,3.625,6.71875,3.9375],"rotation":0,"texture":"#0","tintindex":0}}},{"from":[4.5439997,3.9392056,7.6398563],"to":[8.152228,6.67932,7.8935704],"rotation":{"angle":22.5,"axis":"y","origin":[6.477714,5.3092628,7.7667136]},"faces":{"east":{"uv":[6.3125,3.625,6.71875,3.9375],"rotation":0,"texture":"#0","tintindex":0},"south":{"uv":[6.3125,3.625,6.71875,3.9375],"rotation":0,"texture":"#0","tintindex":0},"north":{"uv":[6.3125,3.625,6.70715,3.9247],"rotation":180,"texture":"#0","tintindex":0},"west":{"uv":[6.3125,3.625,6.71875,3.9375],"rotation":0,"texture":"#0","tintindex":0},"up":{"uv":[6.3125,3.625,6.71875,3.9375],"rotation":0,"texture":"#0","tintindex":0},"down":{"uv":[6.3125,3.625,6.71875,3.9375],"rotation":0,"texture":"#0","tintindex":0}}},{"from":[4.5769143,2.721377,7.8935704],"to":[8.152228,5.4614916,8.1472845],"rotation":{"angle":22.5,"axis":"y","origin":[6.477714,4.091434,8.020428]},"faces":{"east":{"uv":[6.3125,3.625,6.71875,3.9375],"rotation":0,"texture":"#0","tintindex":0},"south":{"uv":[6.3125,3.625,6.71875,3.9375],"rotation":0,"texture":"#0","tintindex":0},"north":{"uv":[6.3125,3.625,6.70355,3.9247],"rotation":180,"texture":"#0","tintindex":0},"west":{"uv":[6.3125,3.625,6.71875,3.9375],"rotation":0,"texture":"#0","tintindex":0},"up":{"uv":[6.3125,3.625,6.71875,3.9375],"rotation":0,"texture":"#0","tintindex":0},"down":{"uv":[6.3125,3.625,6.71875,3.9375],"rotation":0,"texture":"#0","tintindex":0}}},{"from":[4.681143,1.4020624,8.096542],"to":[8.152228,4.1421766,8.350256],"rotation":{"angle":22.5,"axis":"y","origin":[6.477714,2.7721195,8.223399]},"faces":{"east":{"uv":[6.3125,3.625,6.71875,3.9375],"rotation":0,"texture":"#0","tintindex":0},"south":{"uv":[6.3125,3.625,6.71875,3.9375],"rotation":0,"texture":"#0","tintindex":0},"north":{"uv":[6.3125,3.625,6.69215,3.9247],"rotation":180,"texture":"#0","tintindex":0},"west":{"uv":[6.3125,3.625,6.71875,3.9375],"rotation":0,"texture":"#0","tintindex":0},"up":{"uv":[6.3125,3.625,6.71875,3.9375],"rotation":0,"texture":"#0","tintindex":0},"down":{"uv":[6.3125,3.625,6.71875,3.9375],"rotation":0,"texture":"#0","tintindex":0}}},{"from":[7.7970285,5.3600054,7.335399],"to":[11.552,8.10012,7.589113],"rotation":{"angle":-22.5,"axis":"y","origin":[9.522285,6.7300625,7.4622564]},"faces":{"east":{"uv":[6.3125,3.625,6.71875,3.9375],"rotation":0,"texture":"#0","tintindex":0},"south":{"uv":[6.3125,3.625,6.71875,3.9375],"rotation":0,"texture":"#0","tintindex":0},"north":{"uv":[6.3125,3.625,6.7232,3.9247],"rotation":180,"texture":"#0","tintindex":0},"west":{"uv":[6.3125,3.625,6.71875,3.9375],"rotation":0,"texture":"#0","tintindex":0},"up":{"uv":[6.3125,3.625,6.71875,3.9375],"rotation":0,"texture":"#0","tintindex":0},"down":{"uv":[6.3125,3.625,6.71875,3.9375],"rotation":0,"texture":"#0","tintindex":0}}},{"from":[7.7970285,3.9392056,7.6398563],"to":[11.524571,6.67932,7.8935704],"rotation":{"angle":-22.5,"axis":"y","origin":[9.522285,5.3092628,7.7667136]},"faces":{"east":{"uv":[6.3125,3.625,6.71875,3.9375],"rotation":0,"texture":"#0","tintindex":0},"south":{"uv":[6.3125,3.625,6.71875,3.9375],"rotation":0,"texture":"#0","tintindex":0},"north":{"uv":[6.3125,3.625,6.7202,3.9247],"rotation":180,"texture":"#0","tintindex":0},"west":{"uv":[6.3125,3.625,6.71875,3.9375],"rotation":0,"texture":"#0","tintindex":0},"up":{"uv":[6.3125,3.625,6.71875,3.9375],"rotation":0,"texture":"#0","tintindex":0},"down":{"uv":[6.3125,3.625,6.71875,3.9375],"rotation":0,"texture":"#0","tintindex":0}}},{"from":[7.7970285,2.721377,7.8935704],"to":[11.491657,5.4614916,8.1472845],"rotation":{"angle":-22.5,"axis":"y","origin":[9.522285,4.091434,8.020428]},"faces":{"east":{"uv":[6.3125,3.625,6.71875,3.9375],"rotation":0,"texture":"#0","tintindex":0},"south":{"uv":[6.3125,3.625,6.71875,3.9375],"rotation":0,"texture":"#0","tintindex":0},"north":{"uv":[6.3125,3.625,6.7166,3.9247],"rotation":180,"texture":"#0","tintindex":0},"west":{"uv":[6.3125,3.625,6.71875,3.9375],"rotation":0,"texture":"#0","tintindex":0},"up":{"uv":[6.3125,3.625,6.71875,3.9375],"rotation":0,"texture":"#0","tintindex":0},"down":{"uv":[6.3125,3.625,6.71875,3.9375],"rotation":0,"texture":"#0","tintindex":0}}},{"from":[7.7970285,1.4020624,8.096542],"to":[11.456,4.1421766,8.350256],"rotation":{"angle":-22.5,"axis":"y","origin":[9.522285,2.7721195,8.223399]},"faces":{"east":{"uv":[6.3125,3.625,6.71875,3.9375],"rotation":0,"texture":"#0","tintindex":0},"south":{"uv":[6.3125,3.625,6.71875,3.9375],"rotation":0,"texture":"#0","tintindex":0},"north":{"uv":[6.3125,3.625,6.7127,3.9247],"rotation":180,"texture":"#0","tintindex":0},"west":{"uv":[6.3125,3.625,6.71875,3.9375],"rotation":0,"texture":"#0","tintindex":0},"up":{"uv":[6.3125,3.625,6.71875,3.9375],"rotation":0,"texture":"#0","tintindex":0},"down":{"uv":[6.3125,3.625,6.71875,3.9375],"rotation":0,"texture":"#0","tintindex":0}}}],"display":{"head":{"translation":[0.0,-6.4,0.0],"scale":[4.0,4.0,4.0]}}}