{"textures":{"0":"modelengine:entity/redancientsamurai"},"elements":[{"from":[7.5714283,7.857143,6.1142855],"to":[8.428572,8.142858,9.885715],"rotation":{"angle":0.0,"axis":"y","origin":[8.714286,-9.342857,7.6571426]},"faces":{"east":{"uv":[2.4375,4.09375,2.53125,4.125],"rotation":0,"texture":"#0","tintindex":0},"south":{"uv":[2.4375,4.09375,2.53125,4.125],"rotation":0,"texture":"#0","tintindex":0},"north":{"uv":[2.4375,4.09375,2.53125,4.125],"rotation":0,"texture":"#0","tintindex":0},"west":{"uv":[2.4375,4.09375,2.53125,4.125],"rotation":0,"texture":"#0","tintindex":0},"up":{"uv":[2.4375,4.09375,2.53125,4.125],"rotation":0,"texture":"#0","tintindex":0},"down":{"uv":[2.4375,4.09375,2.53125,4.125],"rotation":0,"texture":"#0","tintindex":0}}}],"display":{"head":{"translation":[0.0,-6.4,0.0],"scale":[4.0,4.0,4.0]}}}