{"textures":{"0":"modelengine:entity/redancientsamurai"},"elements":[{"from":[6.678571,3.0785713,7.1928573],"to":[9.021429,8.85,9.535714],"rotation":{"angle":0.0,"axis":"y","origin":[5.8214283,-3.6642866,7.3642855]},"faces":{"east":{"uv":[4.0625,4.75,4.3125,5.375],"rotation":0,"texture":"#0","tintindex":0},"south":{"uv":[4.375,4.75,4.625,5.375],"rotation":0,"texture":"#0","tintindex":0},"north":{"uv":[3.75,4.75,4.0,5.375],"rotation":0,"texture":"#0","tintindex":0},"west":{"uv":[4.6875,4.75,4.9375,5.375],"rotation":0,"texture":"#0","tintindex":0},"up":{"uv":[2.25,8.8125,2.0,8.5625],"rotation":0,"texture":"#0","tintindex":0},"down":{"uv":[4.25,8.5625,4.0,8.8125],"rotation":0,"texture":"#0","tintindex":0}}},{"from":[7.25,0.73571396,7.3071427],"to":[8.792857,3.0785713,9.421429],"rotation":{"angle":0.0,"axis":"y","origin":[5.8214283,0.27857113,7.3642855]},"faces":{"east":{"uv":[8.75,4.9375,8.96875,5.1875],"rotation":0,"texture":"#0","tintindex":0},"south":{"uv":[8.75,4.9375,8.96875,5.1875],"rotation":0,"texture":"#0","tintindex":0},"north":{"uv":[8.75,4.9375,8.96875,5.1875],"rotation":0,"texture":"#0","tintindex":0},"west":{"uv":[8.75,4.9375,8.96875,5.1875],"rotation":0,"texture":"#0","tintindex":0},"up":{"uv":[8.75,4.9375,8.96875,5.1875],"rotation":0,"texture":"#0","tintindex":0},"down":{"uv":[8.75,4.9375,8.96875,5.1875],"rotation":0,"texture":"#0","tintindex":0}}},{"from":[7.7642856,2.1642857,6.507143],"to":[8.792857,3.0785713,7.3071427],"rotation":{"angle":0.0,"axis":"y","origin":[5.8214283,0.27857113,8.107142]},"faces":{"east":{"uv":[1.125,10.4375,1.21875,10.53125],"rotation":0,"texture":"#0","tintindex":0},"south":{"uv":[1.125,10.4375,1.21875,10.53125],"rotation":0,"texture":"#0","tintindex":0},"north":{"uv":[1.125,10.4375,1.21875,10.53125],"rotation":0,"texture":"#0","tintindex":0},"west":{"uv":[1.125,10.4375,1.21875,10.53125],"rotation":0,"texture":"#0","tintindex":0},"up":{"uv":[1.125,10.4375,1.21875,10.53125],"rotation":0,"texture":"#0","tintindex":0},"down":{"uv":[1.125,10.4375,1.21875,10.53125],"rotation":0,"texture":"#0","tintindex":0}}},{"from":[6.6214285,3.0214286,7.135714],"to":[9.078571,8.907143,9.592857],"rotation":{"angle":0.0,"axis":"y","origin":[5.8214283,-3.6642866,7.3642855]},"faces":{"east":{"uv":[2.8125,4.4375,3.0625,5.0625],"rotation":0,"texture":"#0","tintindex":0},"south":{"uv":[2.8125,4.4375,3.0625,5.0625],"rotation":0,"texture":"#0","tintindex":0},"north":{"uv":[2.8125,4.4375,3.0625,5.0625],"rotation":0,"texture":"#0","tintindex":0},"west":{"uv":[2.8125,4.4375,3.0625,5.0625],"rotation":0,"texture":"#0","tintindex":0},"up":{"uv":[2.8125,4.4375,3.0625,5.0625],"rotation":0,"texture":"#0","tintindex":0},"down":{"uv":[2.8125,4.4375,3.0625,5.0625],"rotation":0,"texture":"#0","tintindex":0}}}],"display":{"head":{"translation":[0.0,-6.4,0.0],"scale":[4.0,4.0,4.0]}}}