{"textures":{"0":"modelengine:entity/redancientsamurai"},"elements":[{"from":[11.927445,0.65919685,5.8630857],"to":[14.679445,3.6667395,10.136914],"rotation":{"angle":45.0,"axis":"z","origin":[3.605802,-1.3203402,7.9142857]},"faces":{"east":{"uv":[3.875,6.625,4.1875,6.96875],"rotation":0,"texture":"#0","tintindex":0},"south":{"uv":[6.625,5.75,6.9375,6.09375],"rotation":0,"texture":"#0","tintindex":0},"north":{"uv":[3.875,6.625,4.1875,6.96875],"rotation":0,"texture":"#0","tintindex":0},"west":{"uv":[3.875,6.625,4.1875,6.96875],"rotation":0,"texture":"#0","tintindex":0},"up":{"uv":[6.625,5.75,6.7755,5.9806],"rotation":0,"texture":"#0","tintindex":0},"down":{"uv":[3.875,6.625,4.0255,6.858725],"rotation":0,"texture":"#0","tintindex":0}}}],"display":{"head":{"translation":[0.0,-6.4,0.0],"scale":[4.0,4.0,4.0]}}}