{"textures":{"0":"modelengine:entity/redancientsamurai"},"elements":[{"from":[7.753386,7.2422433,6.4291887],"to":[8.195672,8.765672,7.442903],"rotation":{"angle":0.0,"axis":"y","origin":[8.097386,7.8811007,7.8051887]},"faces":{"east":{"uv":[7.5625,0.6875,7.6875,0.84375],"rotation":0,"texture":"#0","tintindex":0},"south":{"uv":[7.5,7.125,7.5625,7.28125],"rotation":0,"texture":"#0","tintindex":0},"north":{"uv":[1.5,7.4375,1.5625,7.59375],"rotation":0,"texture":"#0","tintindex":0},"west":{"uv":[8.25,9.625,8.375,9.78125],"rotation":0,"texture":"#0","tintindex":0},"up":{"uv":[4.375,8.6875,4.3125,8.5625],"rotation":0,"texture":"#0","tintindex":0},"down":{"uv":[1.3125,9.3125,1.25,9.4375],"rotation":0,"texture":"#0","tintindex":0}}},{"from":[5.689386,8.537101,6.560617],"to":[10.259672,11.534815,6.560617],"rotation":{"angle":0.0,"axis":"y","origin":[8.097386,7.8811007,7.8051887]},"faces":{"east":{"uv":[0.9375,2.625,0.9375,2.9375],"rotation":0,"texture":"#0","tintindex":0},"south":{"uv":[12.71875,13.90625,15.5625,16.0],"rotation":0,"texture":"#0","tintindex":0},"north":{"uv":[12.71875,13.90625,15.5625,16.0],"rotation":0,"texture":"#0","tintindex":0},"west":{"uv":[0.4375,5.875,0.4375,6.1875],"rotation":0,"texture":"#0","tintindex":0},"up":{"uv":[3.9375,1.75,3.4375,1.75],"rotation":0,"texture":"#0","tintindex":0},"down":{"uv":[6.875,2.0625,6.375,2.0625],"rotation":0,"texture":"#0","tintindex":0}}},{"from":[5.9485197,7.54869,6.697531],"to":[7.717663,9.081947,11.028503],"rotation":{"angle":22.5,"axis":"z","origin":[8.01252,7.9025183,9.161531]},"faces":{"east":{"uv":[6.625,5.75,6.8185,5.9177],"rotation":0,"texture":"#0","tintindex":0},"south":{"uv":[6.625,5.75,6.8185,5.9177],"rotation":0,"texture":"#0","tintindex":0},"north":{"uv":[6.625,5.75,6.8185,5.9177],"rotation":0,"texture":"#0","tintindex":0},"west":{"uv":[6.625,5.75,6.8185,5.9177],"rotation":0,"texture":"#0","tintindex":0},"up":{"uv":[6.625,5.75,6.8185,5.9177],"rotation":0,"texture":"#0","tintindex":0},"down":{"uv":[6.625,5.75,6.8185,5.9177],"rotation":0,"texture":"#0","tintindex":0}}},{"from":[7.1904736,3.7106457,6.697531],"to":[8.861331,8.879332,10.857075],"rotation":{"angle":0.0,"axis":"y","origin":[8.173331,8.112702,9.161531]},"faces":{"east":{"uv":[8.8125,9.375,8.964,9.534075],"rotation":0,"texture":"#0","tintindex":0},"south":{"uv":[8.8125,9.375,8.964,9.534075],"rotation":0,"texture":"#0","tintindex":0},"north":{"uv":[8.8125,9.375,8.964,9.534075],"rotation":0,"texture":"#0","tintindex":0},"west":{"uv":[8.8125,9.375,8.964,9.534075],"rotation":0,"texture":"#0","tintindex":0},"up":{"uv":[8.8125,9.375,8.964,9.534075],"rotation":0,"texture":"#0","tintindex":0},"down":{"uv":[8.8125,9.375,8.964,9.534075],"rotation":0,"texture":"#0","tintindex":0}}},{"from":[8.307377,7.54869,6.697531],"to":[10.07652,9.081947,11.028503],"rotation":{"angle":-22.5,"axis":"z","origin":[8.01252,7.9025183,9.161531]},"faces":{"east":{"uv":[6.625,5.75,6.8185,5.9177],"rotation":0,"texture":"#0","tintindex":0},"south":{"uv":[6.625,5.75,6.8185,5.9177],"rotation":0,"texture":"#0","tintindex":0},"north":{"uv":[6.625,5.75,6.8185,5.9177],"rotation":0,"texture":"#0","tintindex":0},"west":{"uv":[6.625,5.75,6.8185,5.9177],"rotation":0,"texture":"#0","tintindex":0},"up":{"uv":[6.625,5.75,6.8185,5.9177],"rotation":0,"texture":"#0","tintindex":0},"down":{"uv":[6.625,5.75,6.8185,5.9177],"rotation":0,"texture":"#0","tintindex":0}}}],"display":{"head":{"translation":[0.0,-6.4,0.0],"scale":[4.0,4.0,4.0]}}}