{"textures":{"0":"modelengine:entity/redancientsamurai"},"elements":[{"from":[-2.6481934,1.489511,5.891657],"to":[-1.3704796,8.330196,10.279772],"rotation":{"angle":-45.0,"axis":"z","origin":[9.756378,6.8264256,8.0]},"faces":{"east":{"uv":[2.25,7.0625,2.375,7.8125],"rotation":0,"texture":"#0","tintindex":0},"south":{"uv":[2.25,7.0625,2.375,7.8125],"rotation":0,"texture":"#0","tintindex":0},"north":{"uv":[2.25,7.0625,2.375,7.8125],"rotation":0,"texture":"#0","tintindex":0},"west":{"uv":[2.25,7.0625,2.375,7.8125],"rotation":0,"texture":"#0","tintindex":0},"up":{"uv":[2.25,7.0625,2.319875,7.302475],"rotation":0,"texture":"#0","tintindex":0},"down":{"uv":[2.25,7.0625,2.319875,7.302475],"rotation":0,"texture":"#0","tintindex":0}}}],"display":{"head":{"translation":[0.0,-6.4,0.0],"scale":[4.0,4.0,4.0]}}}