{"textures":{"0":"modelengine:entity/redancientsamurai"},"elements":[{"from":[6.678571,3.1928568,7.1928573],"to":[9.021429,8.964286,9.535714],"rotation":{"angle":0.0,"axis":"y","origin":[5.8214283,-3.5500002,7.3642855]},"faces":{"east":{"uv":[8.28125,13.90625,8.53125,14.53125],"rotation":0,"texture":"#0","tintindex":0},"south":{"uv":[8.28125,13.90625,8.53125,14.53125],"rotation":0,"texture":"#0","tintindex":0},"north":{"uv":[8.28125,13.90625,8.53125,14.53125],"rotation":0,"texture":"#0","tintindex":0},"west":{"uv":[8.28125,13.90625,8.53125,14.53125],"rotation":0,"texture":"#0","tintindex":0},"up":{"uv":[8.28125,13.90625,8.53125,14.53125],"rotation":0,"texture":"#0","tintindex":0},"down":{"uv":[8.28125,13.90625,8.53125,14.53125],"rotation":0,"texture":"#0","tintindex":0}}},{"from":[7.25,0.8499999,7.3071427],"to":[8.792857,3.1928568,9.421429],"rotation":{"angle":0.0,"axis":"y","origin":[5.8214283,0.3928566,7.3642855]},"faces":{"east":{"uv":[8.75,4.9375,8.96875,5.1875],"rotation":0,"texture":"#0","tintindex":0},"south":{"uv":[8.75,4.9375,8.96875,5.1875],"rotation":0,"texture":"#0","tintindex":0},"north":{"uv":[8.75,4.9375,8.96875,5.1875],"rotation":0,"texture":"#0","tintindex":0},"west":{"uv":[8.75,4.9375,8.96875,5.1875],"rotation":0,"texture":"#0","tintindex":0},"up":{"uv":[6.15625,9.46875,6.0,9.25],"rotation":0,"texture":"#0","tintindex":0},"down":{"uv":[9.40625,6.9375,9.25,7.15625],"rotation":0,"texture":"#0","tintindex":0}}},{"from":[7.7642856,2.2785711,6.507143],"to":[8.792857,3.1928568,7.3071427],"rotation":{"angle":0.0,"axis":"y","origin":[5.8214283,0.3928566,8.107142]},"faces":{"east":{"uv":[1.125,10.4375,1.21875,10.53125],"rotation":0,"texture":"#0","tintindex":0},"south":{"uv":[1.125,10.4375,1.21875,10.53125],"rotation":0,"texture":"#0","tintindex":0},"north":{"uv":[1.125,10.4375,1.21875,10.53125],"rotation":0,"texture":"#0","tintindex":0},"west":{"uv":[1.125,10.4375,1.21875,10.53125],"rotation":0,"texture":"#0","tintindex":0},"up":{"uv":[1.125,10.4375,1.21875,10.53125],"rotation":0,"texture":"#0","tintindex":0},"down":{"uv":[1.125,10.4375,1.21875,10.53125],"rotation":0,"texture":"#0","tintindex":0}}},{"from":[6.6214285,3.135714,7.135714],"to":[9.078571,9.021429,9.592857],"rotation":{"angle":0.0,"axis":"y","origin":[5.8214283,-3.5500002,7.3642855]},"faces":{"east":{"uv":[2.8125,4.4375,3.0625,5.0625],"rotation":0,"texture":"#0","tintindex":0},"south":{"uv":[2.8125,4.4375,3.0625,5.0625],"rotation":0,"texture":"#0","tintindex":0},"north":{"uv":[2.8125,4.4375,3.0625,5.0625],"rotation":0,"texture":"#0","tintindex":0},"west":{"uv":[2.8125,4.4375,3.0625,5.0625],"rotation":0,"texture":"#0","tintindex":0},"up":{"uv":[2.8125,4.4375,3.0625,5.0625],"rotation":0,"texture":"#0","tintindex":0},"down":{"uv":[2.8125,4.4375,3.0625,5.0625],"rotation":0,"texture":"#0","tintindex":0}}}],"display":{"head":{"translation":[0.0,-6.4,0.0],"scale":[4.0,4.0,4.0]}}}