{"textures":{"0":"modelengine:entity/redancientsamurai"},"elements":[{"from":[4.0,6.1993356,6.9043236],"to":[8.171429,9.285049,7.190038],"rotation":{"angle":22.5,"axis":"y","origin":[6.285714,7.7421927,7.047181]},"faces":{"east":{"uv":[7.125,9.9375,7.15625,10.28125],"rotation":0,"texture":"#0","tintindex":0},"south":{"uv":[4.5625,2.5625,5.03125,2.90625],"rotation":0,"texture":"#0","tintindex":0},"north":{"uv":[0.0,4.5625,0.46875,4.90625],"rotation":0,"texture":"#0","tintindex":0},"west":{"uv":[4.625,0.0,4.65625,0.3375],"rotation":0,"texture":"#0","tintindex":0},"up":{"uv":[4.625,0.0,5.08125,0.03125],"rotation":0,"texture":"#0","tintindex":0},"down":{"uv":[10.15625,4.0625,9.6875,4.09375],"rotation":0,"texture":"#0","tintindex":0}}},{"from":[4.5714283,4.5993357,7.247181],"to":[8.171429,7.68505,7.532895],"rotation":{"angle":22.5,"axis":"y","origin":[6.285714,6.142193,7.390038]},"faces":{"east":{"uv":[6.125,9.9375,6.15625,10.28125],"rotation":0,"texture":"#0","tintindex":0},"south":{"uv":[0.0,5.0,0.40625,5.34375],"rotation":0,"texture":"#0","tintindex":0},"north":{"uv":[4.875,4.25,5.28125,4.59375],"rotation":0,"texture":"#0","tintindex":0},"west":{"uv":[6.25,9.9375,6.28125,10.28125],"rotation":0,"texture":"#0","tintindex":0},"up":{"uv":[10.21875,5.09375,9.8125,5.0625],"rotation":0,"texture":"#0","tintindex":0},"down":{"uv":[10.21875,5.1875,9.8125,5.21875],"rotation":0,"texture":"#0","tintindex":0}}},{"from":[4.685714,3.2279067,7.532895],"to":[8.171429,6.313621,7.8186097],"rotation":{"angle":22.5,"axis":"y","origin":[6.285714,4.7707644,7.6757526]},"faces":{"east":{"uv":[9.9375,9.75,9.96875,10.09375],"rotation":0,"texture":"#0","tintindex":0},"south":{"uv":[2.375,5.8125,2.75,6.15625],"rotation":0,"texture":"#0","tintindex":0},"north":{"uv":[5.6875,0.0,6.0625,0.34375],"rotation":0,"texture":"#0","tintindex":0},"west":{"uv":[0.875,10.0,0.90625,10.34375],"rotation":0,"texture":"#0","tintindex":0},"up":{"uv":[5.0625,9.90625,4.6875,9.875],"rotation":0,"texture":"#0","tintindex":0},"down":{"uv":[7.6875,9.875,7.3125,9.90625],"rotation":0,"texture":"#0","tintindex":0}}},{"from":[4.5714283,1.7421927,7.761467],"to":[8.171429,4.8279066,8.047181],"rotation":{"angle":22.5,"axis":"y","origin":[6.285714,3.28505,7.904324]},"faces":{"east":{"uv":[1.0,10.0,1.03125,10.34375],"rotation":0,"texture":"#0","tintindex":0},"south":{"uv":[5.0,4.6875,5.40625,5.03125],"rotation":0,"texture":"#0","tintindex":0},"north":{"uv":[5.0,3.5625,5.40625,3.90625],"rotation":0,"texture":"#0","tintindex":0},"west":{"uv":[1.125,10.0,1.15625,10.34375],"rotation":0,"texture":"#0","tintindex":0},"up":{"uv":[10.21875,5.34375,9.8125,5.3125],"rotation":0,"texture":"#0","tintindex":0},"down":{"uv":[10.21875,5.4375,9.8125,5.46875],"rotation":0,"texture":"#0","tintindex":0}}},{"from":[7.7714286,6.1993356,6.9043236],"to":[12.0,9.285049,7.190038],"rotation":{"angle":-22.5,"axis":"y","origin":[9.714286,7.7421927,7.047181]},"faces":{"east":{"uv":[4.625,0.0,4.65625,0.3375],"rotation":0,"texture":"#0","tintindex":0},"south":{"uv":[1.5,4.625,1.96875,4.96875],"rotation":0,"texture":"#0","tintindex":0},"north":{"uv":[4.625,0.0,5.09375,0.34375],"rotation":0,"texture":"#0","tintindex":0},"west":{"uv":[4.8125,10.0,4.84375,10.34375],"rotation":0,"texture":"#0","tintindex":0},"up":{"uv":[4.625,0.0,5.0875,0.03125],"rotation":0,"texture":"#0","tintindex":0},"down":{"uv":[10.21875,0.6875,9.75,0.71875],"rotation":0,"texture":"#0","tintindex":0}}},{"from":[7.7714286,4.5993357,7.247181],"to":[11.428572,7.68505,7.532895],"rotation":{"angle":-22.5,"axis":"y","origin":[9.714286,6.142193,7.390038]},"faces":{"east":{"uv":[1.9375,10.0,1.96875,10.34375],"rotation":0,"texture":"#0","tintindex":0},"south":{"uv":[5.1875,0.0,5.59375,0.34375],"rotation":0,"texture":"#0","tintindex":0},"north":{"uv":[5.0,5.125,5.40625,5.46875],"rotation":0,"texture":"#0","tintindex":0},"west":{"uv":[2.0625,10.0,2.09375,10.34375],"rotation":0,"texture":"#0","tintindex":0},"up":{"uv":[10.21875,5.84375,9.8125,5.8125],"rotation":0,"texture":"#0","tintindex":0},"down":{"uv":[10.21875,5.9375,9.8125,5.96875],"rotation":0,"texture":"#0","tintindex":0}}},{"from":[7.7714286,3.2279067,7.532895],"to":[11.314286,6.313621,7.8186097],"rotation":{"angle":-22.5,"axis":"y","origin":[9.714286,4.7707644,7.6757526]},"faces":{"east":{"uv":[1.6875,10.0,1.71875,10.34375],"rotation":0,"texture":"#0","tintindex":0},"south":{"uv":[0.0,5.875,0.375,6.21875],"rotation":0,"texture":"#0","tintindex":0},"north":{"uv":[5.8125,2.8125,6.1875,3.15625],"rotation":0,"texture":"#0","tintindex":0},"west":{"uv":[1.8125,10.0,1.84375,10.34375],"rotation":0,"texture":"#0","tintindex":0},"up":{"uv":[10.25,9.28125,9.875,9.25],"rotation":0,"texture":"#0","tintindex":0},"down":{"uv":[10.25,9.375,9.875,9.40625],"rotation":0,"texture":"#0","tintindex":0}}},{"from":[7.7714286,1.7421927,7.761467],"to":[11.428572,4.8279066,8.047181],"rotation":{"angle":-22.5,"axis":"y","origin":[9.714286,3.28505,7.904324]},"faces":{"east":{"uv":[1.25,10.0,1.28125,10.34375],"rotation":0,"texture":"#0","tintindex":0},"south":{"uv":[5.125,2.25,5.53125,2.59375],"rotation":0,"texture":"#0","tintindex":0},"north":{"uv":[1.5,5.0625,1.90625,5.40625],"rotation":0,"texture":"#0","tintindex":0},"west":{"uv":[10.0,1.4375,10.03125,1.78125],"rotation":0,"texture":"#0","tintindex":0},"up":{"uv":[10.21875,5.59375,9.8125,5.5625],"rotation":0,"texture":"#0","tintindex":0},"down":{"uv":[10.21875,5.6875,9.8125,5.71875],"rotation":0,"texture":"#0","tintindex":0}}}],"display":{"head":{"translation":[0.0,-6.4,0.0],"scale":[4.0,4.0,4.0]}}}