{"textures":{"0":"modelengine:entity/redancientsamurai"},"elements":[{"from":[4.3999996,8.859124,5.524226],"to":[11.6,17.487698,9.467084],"rotation":{"angle":0.0,"axis":"y","origin":[7.714286,4.287696,6.495655]},"faces":{"east":{"uv":[1.5625,0.0,1.99375,0.94375],"rotation":0,"texture":"#0","tintindex":0},"south":{"uv":[1.5625,0.0,2.34375,0.9375],"rotation":0,"texture":"#0","tintindex":0},"north":{"uv":[1.5625,0.0,2.34375,0.9375],"rotation":0,"texture":"#0","tintindex":0},"west":{"uv":[1.5625,0.0,1.99375,0.94375],"rotation":0,"texture":"#0","tintindex":0},"up":{"uv":[1.5625,0.0,2.34375,0.9375],"rotation":0,"texture":"#0","tintindex":0},"down":{"uv":[1.5625,0.0,2.34375,0.9375],"rotation":0,"texture":"#0","tintindex":0}}},{"from":[10.114286,15.716268,5.467084],"to":[11.028572,17.487698,5.752798],"rotation":{"angle":22.5,"axis":"x","origin":[8.0,16.601982,5.3813696]},"faces":{"east":{"uv":[10.75,4.125,10.78125,4.3125],"rotation":0,"texture":"#0","tintindex":0},"south":{"uv":[9.0,9.625,9.09375,9.8125],"rotation":0,"texture":"#0","tintindex":0},"north":{"uv":[8.8125,9.625,8.90625,9.8125],"rotation":0,"texture":"#0","tintindex":0},"west":{"uv":[6.0625,10.75,6.09375,10.9375],"rotation":0,"texture":"#0","tintindex":0},"up":{"uv":[10.96875,4.28125,10.875,4.25],"rotation":0,"texture":"#0","tintindex":0},"down":{"uv":[10.96875,4.375,10.875,4.40625],"rotation":0,"texture":"#0","tintindex":0}}},{"from":[4.9714284,15.716268,5.467084],"to":[5.885714,17.487698,5.752798],"rotation":{"angle":22.5,"axis":"x","origin":[8.0,16.601982,5.3813696]},"faces":{"east":{"uv":[6.1875,10.75,6.21875,10.9375],"rotation":0,"texture":"#0","tintindex":0},"south":{"uv":[9.375,9.625,9.46875,9.8125],"rotation":0,"texture":"#0","tintindex":0},"north":{"uv":[9.1875,9.625,9.28125,9.8125],"rotation":0,"texture":"#0","tintindex":0},"west":{"uv":[10.75,6.5625,10.78125,6.75],"rotation":0,"texture":"#0","tintindex":0},"up":{"uv":[4.78125,10.90625,4.6875,10.875],"rotation":0,"texture":"#0","tintindex":0},"down":{"uv":[4.96875,10.875,4.875,10.90625],"rotation":0,"texture":"#0","tintindex":0}}},{"from":[10.114286,14.630552,9.067083],"to":[11.028572,15.830553,9.524227],"rotation":{"angle":-22.5,"axis":"x","origin":[8.0,16.601982,5.3813696]},"faces":{"east":{"uv":[7.375,9.375,7.4375,9.5],"rotation":0,"texture":"#0","tintindex":0},"south":{"uv":[8.0,5.125,8.09375,5.25],"rotation":0,"texture":"#0","tintindex":0},"north":{"uv":[5.75,9.875,5.84375,10.0],"rotation":0,"texture":"#0","tintindex":0},"west":{"uv":[8.25,9.375,8.3125,9.5],"rotation":0,"texture":"#0","tintindex":0},"up":{"uv":[7.15625,4.9375,7.0625,4.875],"rotation":0,"texture":"#0","tintindex":0},"down":{"uv":[7.28125,4.0,7.1875,4.0625],"rotation":0,"texture":"#0","tintindex":0}}},{"from":[4.9714284,14.630552,9.067083],"to":[5.885714,15.830553,9.524227],"rotation":{"angle":-22.5,"axis":"x","origin":[8.0,16.601982,5.3813696]},"faces":{"east":{"uv":[1.9375,9.3125,2.0,9.4375],"rotation":0,"texture":"#0","tintindex":0},"south":{"uv":[8.0,5.125,8.09375,5.25],"rotation":0,"texture":"#0","tintindex":0},"north":{"uv":[4.0,9.875,4.09375,10.0],"rotation":0,"texture":"#0","tintindex":0},"west":{"uv":[3.125,9.375,3.1875,9.5],"rotation":0,"texture":"#0","tintindex":0},"up":{"uv":[3.28125,4.25,3.1875,4.1875],"rotation":0,"texture":"#0","tintindex":0},"down":{"uv":[7.09375,6.5,7.0,6.5625],"rotation":0,"texture":"#0","tintindex":0}}},{"from":[10.114286,14.26568,9.287425],"to":[11.028572,16.437109,9.915997],"rotation":{"angle":0.0,"axis":"y","origin":[8.0,16.86568,9.60171]},"faces":{"east":{"uv":[10.625,8.8125,10.6875,8.9375],"rotation":0,"texture":"#0","tintindex":0},"south":{"uv":[8.8125,9.625,8.90625,9.8125],"rotation":0,"texture":"#0","tintindex":0},"north":{"uv":[9.1875,9.875,9.28125,10.0],"rotation":0,"texture":"#0","tintindex":0},"west":{"uv":[10.625,9.75,10.6875,9.875],"rotation":0,"texture":"#0","tintindex":0},"up":{"uv":[8.84375,5.3125,8.75,5.25],"rotation":0,"texture":"#0","tintindex":0},"down":{"uv":[9.15625,5.125,9.0625,5.1875],"rotation":0,"texture":"#0","tintindex":0}}},{"from":[4.9714284,14.26568,9.287425],"to":[5.885714,16.437109,9.915997],"rotation":{"angle":0.0,"axis":"y","origin":[8.0,16.86568,9.60171]},"faces":{"east":{"uv":[10.625,8.0,10.6875,8.125],"rotation":0,"texture":"#0","tintindex":0},"south":{"uv":[8.8125,9.625,8.90625,9.8125],"rotation":0,"texture":"#0","tintindex":0},"north":{"uv":[6.75,9.875,6.84375,10.0],"rotation":0,"texture":"#0","tintindex":0},"west":{"uv":[10.625,8.625,10.6875,8.75],"rotation":0,"texture":"#0","tintindex":0},"up":{"uv":[7.65625,5.375,7.5625,5.3125],"rotation":0,"texture":"#0","tintindex":0},"down":{"uv":[8.84375,0.5,8.75,0.5625],"rotation":0,"texture":"#0","tintindex":0}}},{"from":[10.114286,16.657368,5.4496846],"to":[11.028572,17.800226,9.621114],"rotation":{"angle":0.0,"axis":"y","origin":[8.0,16.514511,5.5925417]},"faces":{"east":{"uv":[8.75,1.9375,9.21875,2.0625],"rotation":0,"texture":"#0","tintindex":0},"south":{"uv":[8.0,5.125,8.09375,5.25],"rotation":0,"texture":"#0","tintindex":0},"north":{"uv":[1.375,9.875,1.46875,10.0],"rotation":0,"texture":"#0","tintindex":0},"west":{"uv":[8.75,4.25,9.21875,4.375],"rotation":0,"texture":"#0","tintindex":0},"up":{"uv":[6.84375,9.46875,6.75,9.0],"rotation":0,"texture":"#0","tintindex":0},"down":{"uv":[7.03125,9.0,6.9375,9.46875],"rotation":0,"texture":"#0","tintindex":0}}},{"from":[4.9714284,16.657368,5.4496846],"to":[5.885714,17.800226,9.621114],"rotation":{"angle":0.0,"axis":"y","origin":[8.0,16.514511,5.5925417]},"faces":{"east":{"uv":[8.75,0.3125,9.21875,0.4375],"rotation":0,"texture":"#0","tintindex":0},"south":{"uv":[8.0,5.125,8.09375,5.25],"rotation":0,"texture":"#0","tintindex":0},"north":{"uv":[8.0,5.125,8.09375,5.25],"rotation":0,"texture":"#0","tintindex":0},"west":{"uv":[8.75,1.75,9.21875,1.875],"rotation":0,"texture":"#0","tintindex":0},"up":{"uv":[6.84375,9.46875,6.75,9.0],"rotation":0,"texture":"#0","tintindex":0},"down":{"uv":[9.09375,6.375,9.0,6.84375],"rotation":0,"texture":"#0","tintindex":0}}}],"display":{"head":{"translation":[0.0,-6.4,0.0],"scale":[4.0,4.0,4.0]}}}