{"textures":{"0":"modelengine:entity/chaine"},"elements":[{"from":[6.2930164,5.426913,7.5542855],"to":[9.710159,6.16977,8.445714],"rotation":{"angle":0.0,"axis":"y","origin":[-10.569843,14.786913,8.0742855]},"faces":{"east":{"uv":[1.7,9.0,1.825,9.175],"rotation":0,"texture":"#0","tintindex":0},"south":{"uv":[1.7,9.0,1.825,9.175],"rotation":0,"texture":"#0","tintindex":0},"north":{"uv":[1.7,9.0,1.825,9.175],"rotation":0,"texture":"#0","tintindex":0},"west":{"uv":[1.7,9.0,1.825,9.175],"rotation":0,"texture":"#0","tintindex":0},"up":{"uv":[1.7,9.0,1.825,9.175],"rotation":0,"texture":"#0","tintindex":0},"down":{"uv":[1.7,9.0,1.825,9.175],"rotation":0,"texture":"#0","tintindex":0}}},{"from":[9.437962,6.052481,7.5542855],"to":[11.3693905,6.795338,8.445714],"rotation":{"angle":22.5,"axis":"z","origin":[11.146534,6.4239097,8.0]},"faces":{"east":{"uv":[1.7,9.0,1.825,9.175],"rotation":0,"texture":"#0","tintindex":0},"south":{"uv":[1.7,9.0,1.825,9.175],"rotation":0,"texture":"#0","tintindex":0},"north":{"uv":[1.7,9.0,1.825,9.175],"rotation":0,"texture":"#0","tintindex":0},"west":{"uv":[1.7,9.0,1.825,9.175],"rotation":0,"texture":"#0","tintindex":0},"up":{"uv":[1.7,9.0,1.825,9.175],"rotation":0,"texture":"#0","tintindex":0},"down":{"uv":[1.7,9.0,1.825,9.175],"rotation":0,"texture":"#0","tintindex":0}}},{"from":[4.5772386,5.768202,7.5542855],"to":[6.508667,6.5110593,8.445714],"rotation":{"angle":-22.5,"axis":"z","origin":[5.5429525,6.139631,8.0]},"faces":{"east":{"uv":[1.7,9.0,1.825,9.175],"rotation":0,"texture":"#0","tintindex":0},"south":{"uv":[1.7,9.0,1.825,9.175],"rotation":0,"texture":"#0","tintindex":0},"north":{"uv":[1.7,9.0,1.825,9.175],"rotation":0,"texture":"#0","tintindex":0},"west":{"uv":[1.7,9.0,1.825,9.175],"rotation":0,"texture":"#0","tintindex":0},"up":{"uv":[1.7,9.0,1.825,9.175],"rotation":0,"texture":"#0","tintindex":0},"down":{"uv":[1.7,9.0,1.825,9.175],"rotation":0,"texture":"#0","tintindex":0}}},{"from":[7.555874,6.0954843,7.48],"to":[8.447302,10.478342,8.5199995],"rotation":{"angle":0.0,"axis":"y","origin":[-10.569843,14.786913,8.0742855]},"faces":{"east":{"uv":[11.125,15.5,11.375,15.875],"rotation":0,"texture":"#0","tintindex":0},"south":{"uv":[11.125,15.5,11.375,15.875],"rotation":0,"texture":"#0","tintindex":0},"north":{"uv":[11.125,15.5,11.375,15.875],"rotation":0,"texture":"#0","tintindex":0},"west":{"uv":[11.125,15.5,11.375,15.875],"rotation":0,"texture":"#0","tintindex":0},"up":{"uv":[11.125,15.5,11.375,15.875],"rotation":0,"texture":"#0","tintindex":0},"down":{"uv":[11.125,15.5,11.375,15.875],"rotation":0,"texture":"#0","tintindex":0}}},{"from":[7.258731,10.255485,7.405714],"to":[8.744445,11.741199,8.594286],"rotation":{"angle":45.0,"axis":"z","origin":[8.001588,10.998342,8.0]},"faces":{"east":{"uv":[1.7,9.0,1.9375,9.7375],"rotation":0,"texture":"#0","tintindex":0},"south":{"uv":[1.7,9.0,1.9375,9.7375],"rotation":0,"texture":"#0","tintindex":0},"north":{"uv":[1.7,9.0,1.9375,9.7375],"rotation":0,"texture":"#0","tintindex":0},"west":{"uv":[1.7,9.0,1.9375,9.7375],"rotation":0,"texture":"#0","tintindex":0},"up":{"uv":[1.7,9.0,1.9375,9.7375],"rotation":0,"texture":"#0","tintindex":0},"down":{"uv":[1.7,9.0,1.9375,9.7375],"rotation":0,"texture":"#0","tintindex":0}}},{"from":[7.3330164,-11.36166,7.702857],"to":[8.670159,5.501199,8.297143],"rotation":{"angle":0.0,"axis":"y","origin":[-10.569843,14.786913,8.0742855]},"faces":{"east":{"uv":[6.6875,8.0625,7.0625,13.6875],"rotation":0,"texture":"#0","tintindex":0},"south":{"uv":[6.6875,8.0625,7.5625,13.6875],"rotation":0,"texture":"#0","tintindex":0},"north":{"uv":[6.6875,8.0625,7.5625,13.6875],"rotation":0,"texture":"#0","tintindex":0},"west":{"uv":[6.6875,8.0625,7.0625,13.6875],"rotation":0,"texture":"#0","tintindex":0},"up":{"uv":[6.6875,8.0625,7.5625,13.6875],"rotation":0,"texture":"#0","tintindex":0},"down":{"uv":[6.6875,8.0625,7.5625,13.6875],"rotation":0,"texture":"#0","tintindex":0}}},{"from":[5.138175,-10.886135,7.7771425],"to":[6.103889,-9.920422,8.222857],"rotation":{"angle":45.0,"axis":"z","origin":[7.961032,-8.026136,7.8514285]},"faces":{"east":{"uv":[6.6375,10.1875,7.6,11.225],"rotation":0,"texture":"#0","tintindex":0},"south":{"uv":[6.6375,10.1875,7.6,11.225],"rotation":0,"texture":"#0","tintindex":0},"north":{"uv":[6.6375,10.1875,7.6,11.225],"rotation":0,"texture":"#0","tintindex":0},"west":{"uv":[6.6375,10.1875,7.6,11.225],"rotation":0,"texture":"#0","tintindex":0},"up":{"uv":[6.6375,10.1875,7.6,11.225],"rotation":0,"texture":"#0","tintindex":0},"down":{"uv":[6.6375,10.1875,7.6,11.225],"rotation":0,"texture":"#0","tintindex":0}}},{"from":[3.2400956,5.025345,8.0],"to":[7.102953,7.2539163,8.0],"rotation":{"angle":-22.5,"axis":"z","origin":[5.5429525,6.139631,8.0]},"faces":{"east":{"uv":[4.125,3.125,4.125,3.5],"rotation":0,"texture":"#0","tintindex":0},"south":{"uv":[10.125,10.375,10.75,10.75],"rotation":0,"texture":"#0","tintindex":0},"north":{"uv":[10.0,5.75,10.625,6.125],"rotation":0,"texture":"#0","tintindex":0},"west":{"uv":[9.25,3.0,9.25,3.375],"rotation":0,"texture":"#0","tintindex":0},"up":{"uv":[13.125,4.25,12.5,4.25],"rotation":0,"texture":"#0","tintindex":0},"down":{"uv":[13.125,6.875,12.5,6.875],"rotation":0,"texture":"#0","tintindex":0}}},{"from":[8.843677,5.3096237,8.0],"to":[12.706533,7.5381956,8.0],"rotation":{"angle":22.5,"axis":"z","origin":[11.146534,6.4239097,8.0]},"faces":{"east":{"uv":[3.75,10.625,3.75,11.0],"rotation":0,"texture":"#0","tintindex":0},"south":{"uv":[10.25,9.75,10.875,10.125],"rotation":0,"texture":"#0","tintindex":0},"north":{"uv":[10.25,9.25,10.875,9.625],"rotation":0,"texture":"#0","tintindex":0},"west":{"uv":[2.375,11.0,2.375,11.375],"rotation":0,"texture":"#0","tintindex":0},"up":{"uv":[14.375,10.25,13.75,10.25],"rotation":0,"texture":"#0","tintindex":0},"down":{"uv":[14.375,10.375,13.75,10.375],"rotation":0,"texture":"#0","tintindex":0}}}],"display":{"head":{"translation":[0.0,-6.4,0.0],"scale":[4.0,4.0,4.0]}}}