{"textures":{"0":"modelengine:entity/gargoyle_spike"},"elements":[{"from":[2.7619042,-7.904763,-0.095238686],"to":[16.47619,17.238094,9.619047],"rotation":{"angle":0.0,"axis":"y","origin":[6.7619047,-7.904763,9.047619]},"faces":{"east":{"uv":[5.142857,6.285714,7.571429,12.571428],"rotation":0,"texture":"#0","tintindex":0},"south":{"uv":[3.4285715,0.0,6.857143,6.285714],"rotation":0,"texture":"#0","tintindex":0},"north":{"uv":[0.0,0.0,3.4285715,6.285714],"rotation":0,"texture":"#0","tintindex":0},"west":{"uv":[6.857143,0.0,9.285714,6.285714],"rotation":0,"texture":"#0","tintindex":0},"up":{"uv":[3.4285715,15.857142,0.0,13.428572],"rotation":0,"texture":"#0","tintindex":0},"down":{"uv":[6.857143,13.428572,3.4285715,15.857142],"rotation":0,"texture":"#0","tintindex":0}}},{"from":[-0.666667,-10.190477,3.333333],"to":[11.333334,2.9523811,17.047619],"rotation":{"angle":0.0,"axis":"y","origin":[6.7619047,-7.904763,9.047619]},"faces":{"east":{"uv":[9.571428,7.142857,13.0,10.428572],"rotation":0,"texture":"#0","tintindex":0},"south":{"uv":[13.0,10.142858,16.0,13.428572],"rotation":0,"texture":"#0","tintindex":0},"north":{"uv":[13.0,6.857143,16.0,10.142858],"rotation":0,"texture":"#0","tintindex":0},"west":{"uv":[9.571428,10.428572,13.0,13.714286],"rotation":0,"texture":"#0","tintindex":0},"up":{"uv":[14.571428,3.4285715,11.571428,0.0],"rotation":0,"texture":"#0","tintindex":0},"down":{"uv":[14.571428,3.4285715,11.571428,6.857143],"rotation":0,"texture":"#0","tintindex":0}}},{"from":[3.9047618,-3.333334,5.047619],"to":[14.190476,25.238096,13.047619],"rotation":{"angle":0.0,"axis":"y","origin":[6.7619047,-7.904763,9.047619]},"faces":{"east":{"uv":[7.571429,6.285714,9.571428,13.428572],"rotation":0,"texture":"#0","tintindex":0},"south":{"uv":[2.5714285,6.285714,5.142857,13.428572],"rotation":0,"texture":"#0","tintindex":0},"north":{"uv":[0.0,6.285714,2.5714285,13.428572],"rotation":0,"texture":"#0","tintindex":0},"west":{"uv":[9.571428,0.0,11.571428,7.142857],"rotation":0,"texture":"#0","tintindex":0},"up":{"uv":[9.428572,15.428572,6.857143,13.428572],"rotation":0,"texture":"#0","tintindex":0},"down":{"uv":[15.571428,13.428572,13.0,15.428572],"rotation":0,"texture":"#0","tintindex":0}}}],"display":{"head":{"translation":[0.0,-6.4,0.0],"scale":[4.0,4.0,4.0]}}}