{"textures":{"0":"modelengine:entity/shelob"},"elements":[{"from":[-2.9359932,21.064007,-15.005821],"to":[13.766251,31.204655,14.421942],"rotation":{"angle":22.5,"axis":"x","origin":[5.4151287,26.134329,-2.87681]},"faces":{"east":{"uv":[4.2875,1.9,2.1875,0.625],"rotation":0,"texture":"#0","tintindex":0},"south":{"uv":[4.2875,1.9,2.1875,0.625],"rotation":0,"texture":"#0","tintindex":0},"north":{"uv":[4.2875,1.9,2.1875,0.625],"rotation":0,"texture":"#0","tintindex":0},"west":{"uv":[4.2875,1.9,2.1875,0.625],"rotation":0,"texture":"#0","tintindex":0},"up":{"uv":[4.2875,1.9,2.1875,0.625],"rotation":0,"texture":"#0","tintindex":0},"down":{"uv":[4.2875,1.9,2.1875,0.625],"rotation":0,"texture":"#0","tintindex":0}}},{"from":[-1.9418106,13.963281,20.057524],"to":[12.374397,25.495783,24.034248],"rotation":{"angle":-22.5,"axis":"x","origin":[7.801164,19.23244,26.420282]},"faces":{"east":{"uv":[5.925,4.25,4.125,3.75],"rotation":0,"texture":"#0","tintindex":0},"south":{"uv":[5.925,4.25,4.125,3.75],"rotation":0,"texture":"#0","tintindex":0},"north":{"uv":[5.925,4.25,4.125,3.75],"rotation":0,"texture":"#0","tintindex":0},"west":{"uv":[5.925,4.25,4.125,3.75],"rotation":0,"texture":"#0","tintindex":0},"up":{"uv":[5.925,4.25,4.125,3.75],"rotation":0,"texture":"#0","tintindex":0},"down":{"uv":[5.925,4.25,4.125,3.75],"rotation":0,"texture":"#0","tintindex":0}}},{"from":[0.6430602,13.963281,17.870325],"to":[9.789527,25.69462,24.034248],"rotation":{"angle":-22.5,"axis":"x","origin":[7.801164,19.23244,26.420282]},"faces":{"east":{"uv":[4.65,5.525,3.5,4.75],"rotation":0,"texture":"#0","tintindex":0},"south":{"uv":[4.65,5.525,3.5,4.75],"rotation":0,"texture":"#0","tintindex":0},"north":{"uv":[4.65,5.525,3.5,4.75],"rotation":0,"texture":"#0","tintindex":0},"west":{"uv":[4.65,5.525,3.5,4.75],"rotation":0,"texture":"#0","tintindex":0},"up":{"uv":[4.65,5.525,3.5,4.75],"rotation":0,"texture":"#0","tintindex":0},"down":{"uv":[4.65,5.525,3.5,4.75],"rotation":0,"texture":"#0","tintindex":0}}},{"from":[0.6430602,14.585873,7.961795],"to":[9.789527,23.533504,16.312916],"rotation":{"angle":0.0,"axis":"y","origin":[5.2162933,16.87249,17.605352]},"faces":{"east":{"uv":[1.7125,3.3625,0.5625,2.3125],"rotation":0,"texture":"#0","tintindex":0},"south":{"uv":[1.7125,3.3625,0.5625,2.3125],"rotation":0,"texture":"#0","tintindex":0},"north":{"uv":[1.7125,3.3625,0.5625,2.3125],"rotation":0,"texture":"#0","tintindex":0},"west":{"uv":[1.7125,3.3625,0.5625,2.3125],"rotation":0,"texture":"#0","tintindex":0},"up":{"uv":[1.7125,3.3625,0.5625,2.3125],"rotation":0,"texture":"#0","tintindex":0},"down":{"uv":[1.7125,3.3625,0.5625,2.3125],"rotation":0,"texture":"#0","tintindex":0}}},{"from":[0.84189606,15.899232,13.686937],"to":[9.590691,24.846863,22.03806],"rotation":{"angle":22.5,"axis":"x","origin":[5.2162933,17.58934,11.698576]},"faces":{"east":{"uv":[5.85,2.6125,4.75,1.5625],"rotation":0,"texture":"#0","tintindex":0},"south":{"uv":[5.85,2.6125,4.75,1.5625],"rotation":0,"texture":"#0","tintindex":0},"north":{"uv":[5.85,2.6125,4.75,1.5625],"rotation":0,"texture":"#0","tintindex":0},"west":{"uv":[5.85,2.6125,4.75,1.5625],"rotation":0,"texture":"#0","tintindex":0},"up":{"uv":[5.85,2.6125,4.75,1.5625],"rotation":0,"texture":"#0","tintindex":0},"down":{"uv":[5.85,2.6125,4.75,1.5625],"rotation":0,"texture":"#0","tintindex":0}}},{"from":[-4.3278465,12.092515,17.606384],"to":[15.158104,22.034325,25.16216],"rotation":{"angle":0.0,"axis":"y","origin":[5.4151287,17.361675,21.384274]},"faces":{"east":{"uv":[4.0125,5.2625,1.5625,4.3125],"rotation":0,"texture":"#0","tintindex":0},"south":{"uv":[4.0125,5.2625,1.5625,4.3125],"rotation":0,"texture":"#0","tintindex":0},"north":{"uv":[4.0125,5.2625,1.5625,4.3125],"rotation":0,"texture":"#0","tintindex":0},"west":{"uv":[4.0125,5.2625,1.5625,4.3125],"rotation":0,"texture":"#0","tintindex":0},"up":{"uv":[4.0125,5.2625,1.5625,4.3125],"rotation":0,"texture":"#0","tintindex":0},"down":{"uv":[4.0125,5.2625,1.5625,4.3125],"rotation":0,"texture":"#0","tintindex":0}}},{"from":[-2.140648,13.086697,14.62384],"to":[12.970905,22.034325,17.606384],"rotation":{"angle":0.0,"axis":"y","origin":[5.4151287,17.560513,16.115112]},"faces":{"east":{"uv":[7.15,5.1875,5.25,4.8125],"rotation":0,"texture":"#0","tintindex":0},"south":{"uv":[7.15,5.1875,5.25,4.8125],"rotation":0,"texture":"#0","tintindex":0},"north":{"uv":[7.15,5.1875,5.25,4.8125],"rotation":0,"texture":"#0","tintindex":0},"west":{"uv":[7.15,5.1875,5.25,4.8125],"rotation":0,"texture":"#0","tintindex":0},"up":{"uv":[7.15,5.1875,5.25,4.8125],"rotation":0,"texture":"#0","tintindex":0},"down":{"uv":[7.15,5.1875,5.25,4.8125],"rotation":0,"texture":"#0","tintindex":0}}},{"from":[-1.7429762,13.316832,9.887816],"to":[12.573233,19.083084,16.449411],"rotation":{"angle":22.5,"axis":"x","origin":[5.4151287,17.790648,14.958139]},"faces":{"east":{"uv":[0.45,4.76875,0.0,4.5625],"rotation":0,"texture":"#0","tintindex":0},"south":{"uv":[0.45,4.76875,0.0,4.5625],"rotation":0,"texture":"#0","tintindex":0},"north":{"uv":[0.45,4.76875,0.0,4.5625],"rotation":0,"texture":"#0","tintindex":0},"west":{"uv":[0.45,4.76875,0.0,4.5625],"rotation":0,"texture":"#0","tintindex":0},"up":{"uv":[0.45,4.76875,0.0,4.5625],"rotation":0,"texture":"#0","tintindex":0},"down":{"uv":[0.45,4.76875,0.0,4.5625],"rotation":0,"texture":"#0","tintindex":0}}},{"from":[-3.5325003,13.167935,19.063343],"to":[13.965088,26.291126,25.028429],"rotation":{"angle":-22.5,"axis":"x","origin":[7.801164,19.23244,26.420282]},"faces":{"east":{"uv":[8.0,0.0,16.0,8.0],"rotation":0,"texture":"#0","tintindex":0},"south":{"uv":[8.0,0.0,16.0,8.0],"rotation":0,"texture":"#0","tintindex":0},"north":{"uv":[8.0,0.0,16.0,8.0],"rotation":0,"texture":"#0","tintindex":0},"west":{"uv":[8.0,0.0,16.0,8.0],"rotation":0,"texture":"#0","tintindex":0},"up":{"uv":[8.0,0.0,16.0,8.0],"rotation":0,"texture":"#0","tintindex":0},"down":{"uv":[8.0,0.0,16.0,8.0],"rotation":0,"texture":"#0","tintindex":0}}},{"from":[-5.918537,11.29717,16.612202],"to":[16.748795,22.829672,26.156342],"rotation":{"angle":0.0,"axis":"y","origin":[5.4151287,17.361675,21.384274]},"faces":{"east":{"uv":[8.0,0.0,16.0,8.0],"rotation":0,"texture":"#0","tintindex":0},"south":{"uv":[8.0,0.0,16.0,8.0],"rotation":0,"texture":"#0","tintindex":0},"north":{"uv":[8.0,0.0,16.0,8.0],"rotation":0,"texture":"#0","tintindex":0},"west":{"uv":[8.0,0.0,16.0,8.0],"rotation":0,"texture":"#0","tintindex":0},"up":{"uv":[8.0,0.0,16.0,8.0],"rotation":0,"texture":"#0","tintindex":0},"down":{"uv":[8.0,0.0,16.0,8.0],"rotation":0,"texture":"#0","tintindex":0}}},{"from":[-3.7313375,12.29135,13.62966],"to":[14.561595,22.829672,18.600565],"rotation":{"angle":0.0,"axis":"y","origin":[5.4151287,17.560513,16.115112]},"faces":{"east":{"uv":[8.0,0.0,16.0,8.0],"rotation":0,"texture":"#0","tintindex":0},"south":{"uv":[8.0,0.0,16.0,8.0],"rotation":0,"texture":"#0","tintindex":0},"north":{"uv":[8.0,0.0,16.0,8.0],"rotation":0,"texture":"#0","tintindex":0},"west":{"uv":[8.0,0.0,16.0,8.0],"rotation":0,"texture":"#0","tintindex":0},"up":{"uv":[8.0,0.0,16.0,8.0],"rotation":0,"texture":"#0","tintindex":0},"down":{"uv":[8.0,0.0,16.0,8.0],"rotation":0,"texture":"#0","tintindex":0}}},{"from":[-0.9476299,13.167935,16.876144],"to":[11.380217,26.489964,25.028429],"rotation":{"angle":-22.5,"axis":"x","origin":[7.801164,19.23244,26.420282]},"faces":{"east":{"uv":[8.0,0.0,16.0,8.0],"rotation":0,"texture":"#0","tintindex":0},"south":{"uv":[8.0,0.0,16.0,8.0],"rotation":0,"texture":"#0","tintindex":0},"north":{"uv":[8.0,0.0,16.0,8.0],"rotation":0,"texture":"#0","tintindex":0},"west":{"uv":[8.0,0.0,16.0,8.0],"rotation":0,"texture":"#0","tintindex":0},"up":{"uv":[8.0,0.0,16.0,8.0],"rotation":0,"texture":"#0","tintindex":0},"down":{"uv":[8.0,0.0,16.0,8.0],"rotation":0,"texture":"#0","tintindex":0}}},{"from":[-0.9476299,13.790528,6.967613],"to":[11.380217,24.328848,17.307098],"rotation":{"angle":0.0,"axis":"y","origin":[5.2162933,16.87249,17.605352]},"faces":{"east":{"uv":[8.0,0.0,16.0,8.0],"rotation":0,