{"textures":{"0":"modelengine:entity/shelob"},"elements":[{"from":[12.324688,6.4093103,6.4093103],"to":[21.471153,9.59069,9.59069],"rotation":{"angle":0.0,"axis":"y","origin":[-53.490105,6.210474,7.8011637]},"faces":{"east":{"uv":[1.85,5.7875,1.5625,5.6875],"rotation":0,"texture":"#0","tintindex":0},"south":{"uv":[1.85,5.7875,1.5625,5.6875],"rotation":0,"texture":"#0","tintindex":0},"north":{"uv":[1.85,5.7875,1.5625,5.6875],"rotation":0,"texture":"#0","tintindex":0},"west":{"uv":[1.85,5.7875,1.5625,5.6875],"rotation":0,"texture":"#0","tintindex":0},"up":{"uv":[1.85,5.7875,1.5625,5.6875],"rotation":0,"texture":"#0","tintindex":0},"down":{"uv":[1.85,5.7875,1.5625,5.6875],"rotation":0,"texture":"#0","tintindex":0}}},{"from":[8.347963,5.4151287,5.613965],"to":[12.921198,10.584871,10.386035],"rotation":{"angle":0.0,"axis":"y","origin":[-51.302906,6.210474,7.8011637]},"faces":{"east":{"uv":[4.95625,6.15,4.8125,6.0],"rotation":0,"texture":"#0","tintindex":0},"south":{"uv":[4.95625,6.15,4.8125,6.0],"rotation":0,"texture":"#0","tintindex":0},"north":{"uv":[4.95625,6.15,4.8125,6.0],"rotation":0,"texture":"#0","tintindex":0},"west":{"uv":[4.95625,6.15,4.8125,6.0],"rotation":0,"texture":"#0","tintindex":0},"up":{"uv":[4.95625,6.15,4.8125,6.0],"rotation":0,"texture":"#0","tintindex":0},"down":{"uv":[4.95625,6.15,4.8125,6.0],"rotation":0,"texture":"#0","tintindex":0}}},{"from":[6.7572737,4.6197844,4.6197844],"to":[14.511887,11.380216,11.380216],"rotation":{"angle":0.0,"axis":"y","origin":[-51.302906,6.210474,7.8011637]},"faces":{"east":{"uv":[8.0,0.0,16.0,8.0],"rotation":0,"texture":"#0","tintindex":0},"south":{"uv":[8.0,0.0,16.0,8.0],"rotation":0,"texture":"#0","tintindex":0},"north":{"uv":[8.0,0.0,16.0,8.0],"rotation":0,"texture":"#0","tintindex":0},"west":{"uv":[8.0,0.0,16.0,8.0],"rotation":0,"texture":"#0","tintindex":0},"up":{"uv":[8.0,0.0,16.0,8.0],"rotation":0,"texture":"#0","tintindex":0},"down":{"uv":[8.0,0.0,16.0,8.0],"rotation":0,"texture":"#0","tintindex":0}}},{"from":[10.733997,5.613965,5.4151287],"to":[23.061844,10.386035,10.584871],"rotation":{"angle":0.0,"axis":"y","origin":[-53.490105,6.210474,7.8011637]},"faces":{"east":{"uv":[8.0,0.0,16.0,8.0],"rotation":0,"texture":"#0","tintindex":0},"south":{"uv":[8.0,0.0,16.0,8.0],"rotation":0,"texture":"#0","tintindex":0},"north":{"uv":[8.0,0.0,16.0,8.0],"rotation":0,"texture":"#0","tintindex":0},"west":{"uv":[8.0,0.0,16.0,8.0],"rotation":0,"texture":"#0","tintindex":0},"up":{"uv":[8.0,0.0,16.0,8.0],"rotation":0,"texture":"#0","tintindex":0},"down":{"uv":[8.0,0.0,16.0,8.0],"rotation":0,"texture":"#0","tintindex":0}}}],"display":{"head":{"translation":[0.0,-6.4,0.0],"scale":[4.0,4.0,4.0]}}}