{"textures":{"0":"modelengine:entity/shelob"},"elements":[{"from":[-5.272319,6.0116377,6.210474],"to":[3.874148,9.988362,9.789526],"rotation":{"angle":0.0,"axis":"y","origin":[23.161263,6.210474,7.8011637]},"faces":{"east":{"uv":[5.6625,4.4875,5.375,4.375],"rotation":0,"texture":"#0","tintindex":0},"south":{"uv":[5.6625,4.4875,5.375,4.375],"rotation":0,"texture":"#0","tintindex":0},"north":{"uv":[5.6625,4.4875,5.375,4.375],"rotation":0,"texture":"#0","tintindex":0},"west":{"uv":[5.6625,4.4875,5.375,4.375],"rotation":0,"texture":"#0","tintindex":0},"up":{"uv":[5.6625,4.4875,5.375,4.375],"rotation":0,"texture":"#0","tintindex":0},"down":{"uv":[5.6625,4.4875,5.375,4.375],"rotation":0,"texture":"#0","tintindex":0}}},{"from":[2.8799677,5.4151287,5.613965],"to":[7.453201,10.584871,10.386035],"rotation":{"angle":0.0,"axis":"y","origin":[25.348461,6.210474,7.8011637]},"faces":{"east":{"uv":[1.01875,6.025,0.875,5.875],"rotation":0,"texture":"#0","tintindex":0},"south":{"uv":[1.01875,6.025,0.875,5.875],"rotation":0,"texture":"#0","tintindex":0},"north":{"uv":[1.01875,6.025,0.875,5.875],"rotation":0,"texture":"#0","tintindex":0},"west":{"uv":[1.01875,6.025,0.875,5.875],"rotation":0,"texture":"#0","tintindex":0},"up":{"uv":[1.01875,6.025,0.875,5.875],"rotation":0,"texture":"#0","tintindex":0},"down":{"uv":[1.01875,6.025,0.875,5.875],"rotation":0,"texture":"#0","tintindex":0}}},{"from":[1.2892776,4.6197844,4.6197844],"to":[9.043891,11.380216,11.380216],"rotation":{"angle":0.0,"axis":"y","origin":[25.348461,6.210474,7.8011637]},"faces":{"east":{"uv":[8.0,0.0,16.0,8.0],"rotation":0,"texture":"#0","tintindex":0},"south":{"uv":[8.0,0.0,16.0,8.0],"rotation":0,"texture":"#0","tintindex":0},"north":{"uv":[8.0,0.0,16.0,8.0],"rotation":0,"texture":"#0","tintindex":0},"west":{"uv":[8.0,0.0,16.0,8.0],"rotation":0,"texture":"#0","tintindex":0},"up":{"uv":[8.0,0.0,16.0,8.0],"rotation":0,"texture":"#0","tintindex":0},"down":{"uv":[8.0,0.0,16.0,8.0],"rotation":0,"texture":"#0","tintindex":0}}},{"from":[-6.8630085,5.2162924,5.2162924],"to":[5.4648376,10.783708,10.783708],"rotation":{"angle":0.0,"axis":"y","origin":[23.161263,6.210474,7.8011637]},"faces":{"east":{"uv":[8.0,0.0,16.0,8.0],"rotation":0,"texture":"#0","tintindex":0},"south":{"uv":[8.0,0.0,16.0,8.0],"rotation":0,"texture":"#0","tintindex":0},"north":{"uv":[8.0,0.0,16.0,8.0],"rotation":0,"texture":"#0","tintindex":0},"west":{"uv":[8.0,0.0,16.0,8.0],"rotation":0,"texture":"#0","tintindex":0},"up":{"uv":[8.0,0.0,16.0,8.0],"rotation":0,"texture":"#0","tintindex":0},"down":{"uv":[8.0,0.0,16.0,8.0],"rotation":0,"texture":"#0","tintindex":0}}}],"display":{"head":{"translation":[0.0,-6.4,0.0],"scale":[4.0,4.0,4.0]}}}