{"textures":{"0":"modelengine:entity/shelob"},"elements":[{"from":[3.1782217,5.613965,5.8128014],"to":[7.7514553,10.386035,10.187199],"rotation":{"angle":0.0,"axis":"y","origin":[41.15594,6.210474,7.8011637]},"faces":{"east":{"uv":[6.20625,5.325,6.0625,5.1875],"rotation":0,"texture":"#0","tintindex":0},"south":{"uv":[6.20625,5.325,6.0625,5.1875],"rotation":0,"texture":"#0","tintindex":0},"north":{"uv":[6.20625,5.325,6.0625,5.1875],"rotation":0,"texture":"#0","tintindex":0},"west":{"uv":[6.20625,5.325,6.0625,5.1875],"rotation":0,"texture":"#0","tintindex":0},"up":{"uv":[6.20625,5.325,6.0625,5.1875],"rotation":0,"texture":"#0","tintindex":0},"down":{"uv":[6.20625,5.325,6.0625,5.1875],"rotation":0,"texture":"#0","tintindex":0}}},{"from":[-4.7752285,6.4093103,6.4093103],"to":[4.371238,9.59069,9.59069],"rotation":{"angle":0.0,"axis":"y","origin":[38.968742,6.210474,7.8011637]},"faces":{"east":{"uv":[4.725,5.6625,4.4375,5.5625],"rotation":0,"texture":"#0","tintindex":0},"south":{"uv":[4.725,5.6625,4.4375,5.5625],"rotation":0,"texture":"#0","tintindex":0},"north":{"uv":[4.725,5.6625,4.4375,5.5625],"rotation":0,"texture":"#0","tintindex":0},"west":{"uv":[4.725,5.6625,4.4375,5.5625],"rotation":0,"texture":"#0","tintindex":0},"up":{"uv":[4.725,5.6625,4.4375,5.5625],"rotation":0,"texture":"#0","tintindex":0},"down":{"uv":[4.725,5.6625,4.4375,5.5625],"rotation":0,"texture":"#0","tintindex":0}}},{"from":[1.5875316,4.81862,4.81862],"to":[9.342145,11.181379,11.181379],"rotation":{"angle":0.0,"axis":"y","origin":[41.15594,6.210474,7.8011637]},"faces":{"east":{"uv":[8.0,0.0,16.0,8.0],"rotation":0,"texture":"#0","tintindex":0},"south":{"uv":[8.0,0.0,16.0,8.0],"rotation":0,"texture":"#0","tintindex":0},"north":{"uv":[8.0,0.0,16.0,8.0],"rotation":0,"texture":"#0","tintindex":0},"west":{"uv":[8.0,0.0,16.0,8.0],"rotation":0,"texture":"#0","tintindex":0},"up":{"uv":[8.0,0.0,16.0,8.0],"rotation":0,"texture":"#0","tintindex":0},"down":{"uv":[8.0,0.0,16.0,8.0],"rotation":0,"texture":"#0","tintindex":0}}},{"from":[-6.365918,5.613965,5.4151287],"to":[5.9619284,10.386035,10.584871],"rotation":{"angle":0.0,"axis":"y","origin":[38.968742,6.210474,7.8011637]},"faces":{"east":{"uv":[8.0,0.0,16.0,8.0],"rotation":0,"texture":"#0","tintindex":0},"south":{"uv":[8.0,0.0,16.0,8.0],"rotation":0,"texture":"#0","tintindex":0},"north":{"uv":[8.0,0.0,16.0,8.0],"rotation":0,"texture":"#0","tintindex":0},"west":{"uv":[8.0,0.0,16.0,8.0],"rotation":0,"texture":"#0","tintindex":0},"up":{"uv":[8.0,0.0,16.0,8.0],"rotation":0,"texture":"#0","tintindex":0},"down":{"uv":[8.0,0.0,16.0,8.0],"rotation":0,"texture":"#0","tintindex":0}}}],"display":{"head":{"translation":[0.0,-6.4,0.0],"scale":[4.0,4.0,4.0]}}}