{"textures":{"0":"modelengine:entity/shelob"},"elements":[{"from":[12.324688,6.0116377,6.210474],"to":[21.471153,9.988362,9.789526],"rotation":{"angle":0.0,"axis":"y","origin":[-41.361095,6.210474,7.8011637]},"faces":{"east":{"uv":[5.7875,1.4875,5.5,1.375],"rotation":0,"texture":"#0","tintindex":0},"south":{"uv":[5.7875,1.4875,5.5,1.375],"rotation":0,"texture":"#0","tintindex":0},"north":{"uv":[5.7875,1.4875,5.5,1.375],"rotation":0,"texture":"#0","tintindex":0},"west":{"uv":[5.7875,1.4875,5.5,1.375],"rotation":0,"texture":"#0","tintindex":0},"up":{"uv":[5.7875,1.4875,5.5,1.375],"rotation":0,"texture":"#0","tintindex":0},"down":{"uv":[5.7875,1.4875,5.5,1.375],"rotation":0,"texture":"#0","tintindex":0}}},{"from":[8.347963,5.4151287,5.613965],"to":[12.921198,10.584871,10.386035],"rotation":{"angle":0.0,"axis":"y","origin":[-39.173897,6.210474,7.8011637]},"faces":{"east":{"uv":[6.14375,4.0875,6.0,3.9375],"rotation":0,"texture":"#0","tintindex":0},"south":{"uv":[6.14375,4.0875,6.0,3.9375],"rotation":0,"texture":"#0","tintindex":0},"north":{"uv":[6.14375,4.0875,6.0,3.9375],"rotation":0,"texture":"#0","tintindex":0},"west":{"uv":[6.14375,4.0875,6.0,3.9375],"rotation":0,"texture":"#0","tintindex":0},"up":{"uv":[6.14375,4.0875,6.0,3.9375],"rotation":0,"texture":"#0","tintindex":0},"down":{"uv":[6.14375,4.0875,6.0,3.9375],"rotation":0,"texture":"#0","tintindex":0}}},{"from":[6.7572737,4.6197844,4.6197844],"to":[14.511887,11.380216,11.380216],"rotation":{"angle":0.0,"axis":"y","origin":[-39.173897,6.210474,7.8011637]},"faces":{"east":{"uv":[8.0,0.0,16.0,8.0],"rotation":0,"texture":"#0","tintindex":0},"south":{"uv":[8.0,0.0,16.0,8.0],"rotation":0,"texture":"#0","tintindex":0},"north":{"uv":[8.0,0.0,16.0,8.0],"rotation":0,"texture":"#0","tintindex":0},"west":{"uv":[8.0,0.0,16.0,8.0],"rotation":0,"texture":"#0","tintindex":0},"up":{"uv":[8.0,0.0,16.0,8.0],"rotation":0,"texture":"#0","tintindex":0},"down":{"uv":[8.0,0.0,16.0,8.0],"rotation":0,"texture":"#0","tintindex":0}}},{"from":[10.733997,5.2162924,5.2162924],"to":[23.061844,10.783708,10.783708],"rotation":{"angle":0.0,"axis":"y","origin":[-41.361095,6.210474,7.8011637]},"faces":{"east":{"uv":[8.0,0.0,16.0,8.0],"rotation":0,"texture":"#0","tintindex":0},"south":{"uv":[8.0,0.0,16.0,8.0],"rotation":0,"texture":"#0","tintindex":0},"north":{"uv":[8.0,0.0,16.0,8.0],"rotation":0,"texture":"#0","tintindex":0},"west":{"uv":[8.0,0.0,16.0,8.0],"rotation":0,"texture":"#0","tintindex":0},"up":{"uv":[8.0,0.0,16.0,8.0],"rotation":0,"texture":"#0","tintindex":0},"down":{"uv":[8.0,0.0,16.0,8.0],"rotation":0,"texture":"#0","tintindex":0}}}],"display":{"head":{"translation":[0.0,-6.4,0.0],"scale":[4.0,4.0,4.0]}}}