{"textures":{"0":"modelengine:entity/shelob"},"elements":[{"from":[14.502413,5.8128014,6.0116377],"to":[30.409311,10.187199,9.988362],"rotation":{"angle":0.0,"axis":"y","origin":[-19.896255,6.210474,7.8011637]},"faces":{"east":{"uv":[5.5625,1.75,5.0625,1.625],"rotation":0,"texture":"#0","tintindex":0},"south":{"uv":[5.5625,1.75,5.0625,1.625],"rotation":0,"texture":"#0","tintindex":0},"north":{"uv":[5.5625,1.75,5.0625,1.625],"rotation":0,"texture":"#0","tintindex":0},"west":{"uv":[5.5625,1.75,5.0625,1.625],"rotation":0,"texture":"#0","tintindex":0},"up":{"uv":[5.5625,1.75,5.0625,1.625],"rotation":0,"texture":"#0","tintindex":0},"down":{"uv":[5.5625,1.75,5.0625,1.625],"rotation":0,"texture":"#0","tintindex":0}}},{"from":[5.554783,5.4151287,5.4151287],"to":[16.490776,10.584871,10.584871],"rotation":{"angle":0.0,"axis":"y","origin":[7.940818,6.210474,7.8011637]},"faces":{"east":{"uv":[2.90625,5.225,2.5625,5.0625],"rotation":0,"texture":"#0","tintindex":0},"south":{"uv":[2.90625,5.225,2.5625,5.0625],"rotation":0,"texture":"#0","tintindex":0},"north":{"uv":[2.90625,5.225,2.5625,5.0625],"rotation":0,"texture":"#0","tintindex":0},"west":{"uv":[2.90625,5.225,2.5625,5.0625],"rotation":0,"texture":"#0","tintindex":0},"up":{"uv":[2.90625,5.225,2.5625,5.0625],"rotation":0,"texture":"#0","tintindex":0},"down":{"uv":[2.90625,5.225,2.5625,5.0625],"rotation":0,"texture":"#0","tintindex":0}}},{"from":[3.9640932,4.6197844,4.420948],"to":[18.081467,11.380216,11.579052],"rotation":{"angle":0.0,"axis":"y","origin":[7.940818,6.210474,7.8011637]},"faces":{"east":{"uv":[8.0,0.0,16.0,8.0],"rotation":0,"texture":"#0","tintindex":0},"south":{"uv":[8.0,0.0,16.0,8.0],"rotation":0,"texture":"#0","tintindex":0},"north":{"uv":[8.0,0.0,16.0,8.0],"rotation":0,"texture":"#0","tintindex":0},"west":{"uv":[8.0,0.0,16.0,8.0],"rotation":0,"texture":"#0","tintindex":0},"up":{"uv":[8.0,0.0,16.0,8.0],"rotation":0,"texture":"#0","tintindex":0},"down":{"uv":[8.0,0.0,16.0,8.0],"rotation":0,"texture":"#0","tintindex":0}}},{"from":[12.911724,5.0174565,5.0174565],"to":[32.0,10.982544,10.982544],"rotation":{"angle":0.0,"axis":"y","origin":[-19.896255,6.210474,7.8011637]},"faces":{"east":{"uv":[8.0,0.0,16.0,8.0],"rotation":0,"texture":"#0","tintindex":0},"south":{"uv":[8.0,0.0,16.0,8.0],"rotation":0,"texture":"#0","tintindex":0},"north":{"uv":[8.0,0.0,16.0,8.0],"rotation":0,"texture":"#0","tintindex":0},"west":{"uv":[8.0,0.0,16.0,8.0],"rotation":0,"texture":"#0","tintindex":0},"up":{"uv":[8.0,0.0,16.0,8.0],"rotation":0,"texture":"#0","tintindex":0},"down":{"uv":[8.0,0.0,16.0,8.0],"rotation":0,"texture":"#0","tintindex":0}}}],"display":{"head":{"translation":[11.172722,-6.4,0.0],"scale":[4.0,4.0,4.0]}}}