{"textures":{"0":"modelengine:entity/shelob"},"elements":[{"from":[17.113327,6.8069825,6.8069825],"to":[26.259794,9.193017,9.193017],"rotation":{"angle":0.0,"axis":"y","origin":[-105.56863,8.0,-0.25170422]},"faces":{"east":{"uv":[6.5375,5.8875,6.25,5.8125],"rotation":0,"texture":"#0","tintindex":0},"south":{"uv":[6.5375,5.8875,6.25,5.8125],"rotation":0,"texture":"#0","tintindex":0},"north":{"uv":[6.5375,5.8875,6.25,5.8125],"rotation":0,"texture":"#0","tintindex":0},"west":{"uv":[6.5375,5.8875,6.25,5.8125],"rotation":0,"texture":"#0","tintindex":0},"up":{"uv":[6.5375,5.8875,6.25,5.8125],"rotation":0,"texture":"#0","tintindex":0},"down":{"uv":[6.5375,5.8875,6.25,5.8125],"rotation":0,"texture":"#0","tintindex":0}}},{"from":[12.142422,6.608146,6.608146],"to":[21.288887,9.391853,9.391853],"rotation":{"angle":0.0,"axis":"y","origin":[-105.56863,8.0,-0.25170422]},"faces":{"east":{"uv":[5.975,4.275,5.6875,4.1875],"rotation":0,"texture":"#0","tintindex":0},"south":{"uv":[5.975,4.275,5.6875,4.1875],"rotation":0,"texture":"#0","tintindex":0},"north":{"uv":[5.975,4.275,5.6875,4.1875],"rotation":0,"texture":"#0","tintindex":0},"west":{"uv":[5.975,4.275,5.6875,4.1875],"rotation":0,"texture":"#0","tintindex":0},"up":{"uv":[5.975,4.275,5.6875,4.1875],"rotation":0,"texture":"#0","tintindex":0},"down":{"uv":[5.975,4.275,5.6875,4.1875],"rotation":0,"texture":"#0","tintindex":0}}},{"from":[8.364533,6.0116377,6.0116377],"to":[12.937767,9.988362,9.988362],"rotation":{"angle":0.0,"axis":"y","origin":[-63.415344,6.210474,7.8011637]},"faces":{"east":{"uv":[0.83125,6.375,0.6875,6.25],"rotation":0,"texture":"#0","tintindex":0},"south":{"uv":[0.83125,6.375,0.6875,6.25],"rotation":0,"texture":"#0","tintindex":0},"north":{"uv":[0.83125,6.375,0.6875,6.25],"rotation":0,"texture":"#0","tintindex":0},"west":{"uv":[0.83125,6.375,0.6875,6.25],"rotation":0,"texture":"#0","tintindex":0},"up":{"uv":[0.83125,6.375,0.6875,6.25],"rotation":0,"texture":"#0","tintindex":0},"down":{"uv":[0.83125,6.375,0.6875,6.25],"rotation":0,"texture":"#0","tintindex":0}}},{"from":[6.773844,5.2162924,5.0174565],"to":[14.528457,10.783708,10.982544],"rotation":{"angle":0.0,"axis":"y","origin":[-63.415344,6.210474,7.8011637]},"faces":{"east":{"uv":[8.0,0.0,16.0,8.0],"rotation":0,"texture":"#0","tintindex":0},"south":{"uv":[8.0,0.0,16.0,8.0],"rotation":0,"texture":"#0","tintindex":0},"north":{"uv":[8.0,0.0,16.0,8.0],"rotation":0,"texture":"#0","tintindex":0},"west":{"uv":[8.0,0.0,16.0,8.0],"rotation":0,"texture":"#0","tintindex":0},"up":{"uv":[8.0,0.0,16.0,8.0],"rotation":0,"texture":"#0","tintindex":0},"down":{"uv":[8.0,0.0,16.0,8.0],"rotation":0,"texture":"#0","tintindex":0}}},{"from":[10.551731,5.8128014,5.613965],"to":[22.879578,10.187199,10.386035],"rotation":{"angle":0.0,"axis":"y","origin":[-105.56863,8.0,-0.25170422]},"faces":{"east":{"uv":[8.0,0.0,16.0,8.0],"rotation":0,"texture":"#0","tintindex":0},"south":{"uv":[8.0,0.0,16.0,8.0],"rotation":0,"texture":"#0","tintindex":0},"north":{"uv":[8.0,0.0,16.0,8.0],"rotation":0,"texture":"#0","tintindex":0},"west":{"uv":[8.0,0.0,16.0,8.0],"rotation":0,"texture":"#0","tintindex":0},"up":{"uv":[8.0,0.0,16.0,8.0],"rotation":0,"texture":"#0","tintindex":0},"down":{"uv":[8.0,0.0,16.0,8.0],"rotation":0,"texture":"#0","tintindex":0}}},{"from":[15.522637,6.0116377,5.8128014],"to":[27.850485,9.988362,10.187199],"rotation":{"angle":0.0,"axis":"y","origin":[-105.56863,8.0,-0.25170422]},"faces":{"east":{"uv":[8.0,0.0,16.0,8.0],"rotation":0,"texture":"#0","tintindex":0},"south":{"uv":[8.0,0.0,16.0,8.0],"rotation":0,"texture":"#0","tintindex":0},"north":{"uv":[8.0,0.0,16.0,8.0],"rotation":0,"texture":"#0","tintindex":0},"west":{"uv":[8.0,0.0,16.0,8.0],"rotation":0,"texture":"#0","tintindex":0},"up":{"uv":[8.0,0.0,16.0,8.0],"rotation":0,"texture":"#0","tintindex":0},"down":{"uv":[8.0,0.0,16.0,8.0],"rotation":0,"texture":"#0","tintindex":0}}}],"display":{"head":{"translation":[0.0,-6.4,0.0],"scale":[4.0,4.0,4.0]}}}