{"textures":{"0":"modelengine:entity/shelob"},"elements":[{"from":[12.821778,6.4093103,6.4093103],"to":[21.968245,9.59069,9.59069],"rotation":{"angle":0.0,"axis":"y","origin":[-53.39069,6.210474,13.368578]},"faces":{"east":{"uv":[4.0375,5.7875,3.75,5.6875],"rotation":0,"texture":"#0","tintindex":0},"south":{"uv":[4.0375,5.7875,3.75,5.6875],"rotation":0,"texture":"#0","tintindex":0},"north":{"uv":[4.0375,5.7875,3.75,5.6875],"rotation":0,"texture":"#0","tintindex":0},"west":{"uv":[4.0375,5.7875,3.75,5.6875],"rotation":0,"texture":"#0","tintindex":0},"up":{"uv":[4.0375,5.7875,3.75,5.6875],"rotation":0,"texture":"#0","tintindex":0},"down":{"uv":[4.0375,5.7875,3.75,5.6875],"rotation":0,"texture":"#0","tintindex":0}}},{"from":[8.248546,5.4151287,5.613965],"to":[12.821779,10.584871,10.386035],"rotation":{"angle":0.0,"axis":"y","origin":[-51.20349,6.210474,13.368578]},"faces":{"east":{"uv":[6.20625,2.2125,6.0625,2.0625],"rotation":0,"texture":"#0","tintindex":0},"south":{"uv":[6.20625,2.2125,6.0625,2.0625],"rotation":0,"texture":"#0","tintindex":0},"north":{"uv":[6.20625,2.2125,6.0625,2.0625],"rotation":0,"texture":"#0","tintindex":0},"west":{"uv":[6.20625,2.2125,6.0625,2.0625],"rotation":0,"texture":"#0","tintindex":0},"up":{"uv":[6.20625,2.2125,6.0625,2.0625],"rotation":0,"texture":"#0","tintindex":0},"down":{"uv":[6.20625,2.2125,6.0625,2.0625],"rotation":0,"texture":"#0","tintindex":0}}},{"from":[6.657856,4.6197844,4.6197844],"to":[14.412469,11.380216,11.380216],"rotation":{"angle":0.0,"axis":"y","origin":[-51.20349,6.210474,13.368578]},"faces":{"east":{"uv":[8.0,0.0,16.0,8.0],"rotation":0,"texture":"#0","tintindex":0},"south":{"uv":[8.0,0.0,16.0,8.0],"rotation":0,"texture":"#0","tintindex":0},"north":{"uv":[8.0,0.0,16.0,8.0],"rotation":0,"texture":"#0","tintindex":0},"west":{"uv":[8.0,0.0,16.0,8.0],"rotation":0,"texture":"#0","tintindex":0},"up":{"uv":[8.0,0.0,16.0,8.0],"rotation":0,"texture":"#0","tintindex":0},"down":{"uv":[8.0,0.0,16.0,8.0],"rotation":0,"texture":"#0","tintindex":0}}},{"from":[11.231089,5.613965,5.4151287],"to":[23.558933,10.386035,10.584871],"rotation":{"angle":0.0,"axis":"y","origin":[-53.39069,6.210474,13.368578]},"faces":{"east":{"uv":[8.0,0.0,16.0,8.0],"rotation":0,"texture":"#0","tintindex":0},"south":{"uv":[8.0,0.0,16.0,8.0],"rotation":0,"texture":"#0","tintindex":0},"north":{"uv":[8.0,0.0,16.0,8.0],"rotation":0,"texture":"#0","tintindex":0},"west":{"uv":[8.0,0.0,16.0,8.0],"rotation":0,"texture":"#0","tintindex":0},"up":{"uv":[8.0,0.0,16.0,8.0],"rotation":0,"texture":"#0","tintindex":0},"down":{"uv":[8.0,0.0,16.0,8.0],"rotation":0,"texture":"#0","tintindex":0}}}],"display":{"head":{"translation":[0.0,-6.4,0.0],"scale":[4.0,4.0,4.0]}}}