{"textures":{"0":"modelengine:entity/shelob"},"elements":[{"from":[14.114214,5.8128014,6.0116377],"to":[30.021112,10.187199,9.988362],"rotation":{"angle":0.0,"axis":"y","origin":[-20.284454,6.210474,13.368578]},"faces":{"east":{"uv":[5.5,1.375,5.0,1.25],"rotation":0,"texture":"#0","tintindex":0},"south":{"uv":[5.5,1.375,5.0,1.25],"rotation":0,"texture":"#0","tintindex":0},"north":{"uv":[5.5,1.375,5.0,1.25],"rotation":0,"texture":"#0","tintindex":0},"west":{"uv":[5.5,1.375,5.0,1.25],"rotation":0,"texture":"#0","tintindex":0},"up":{"uv":[5.5,1.375,5.0,1.25],"rotation":0,"texture":"#0","tintindex":0},"down":{"uv":[5.5,1.375,5.0,1.25],"rotation":0,"texture":"#0","tintindex":0}}},{"from":[5.1665835,5.4151287,5.4151287],"to":[16.102577,10.584871,10.584871],"rotation":{"angle":0.0,"axis":"y","origin":[7.5526185,6.210474,13.368578]},"faces":{"east":{"uv":[5.53125,0.7875,5.1875,0.625],"rotation":0,"texture":"#0","tintindex":0},"south":{"uv":[5.53125,0.7875,5.1875,0.625],"rotation":0,"texture":"#0","tintindex":0},"north":{"uv":[5.53125,0.7875,5.1875,0.625],"rotation":0,"texture":"#0","tintindex":0},"west":{"uv":[5.53125,0.7875,5.1875,0.625],"rotation":0,"texture":"#0","tintindex":0},"up":{"uv":[5.53125,0.7875,5.1875,0.625],"rotation":0,"texture":"#0","tintindex":0},"down":{"uv":[5.53125,0.7875,5.1875,0.625],"rotation":0,"texture":"#0","tintindex":0}}},{"from":[3.5758939,4.6197844,4.420948],"to":[17.693266,11.380216,11.579052],"rotation":{"angle":0.0,"axis":"y","origin":[7.5526185,6.210474,13.368578]},"faces":{"east":{"uv":[8.0,0.0,16.0,8.0],"rotation":0,"texture":"#0","tintindex":0},"south":{"uv":[8.0,0.0,16.0,8.0],"rotation":0,"texture":"#0","tintindex":0},"north":{"uv":[8.0,0.0,16.0,8.0],"rotation":0,"texture":"#0","tintindex":0},"west":{"uv":[8.0,0.0,16.0,8.0],"rotation":0,"texture":"#0","tintindex":0},"up":{"uv":[8.0,0.0,16.0,8.0],"rotation":0,"texture":"#0","tintindex":0},"down":{"uv":[8.0,0.0,16.0,8.0],"rotation":0,"texture":"#0","tintindex":0}}},{"from":[12.523524,5.0174565,5.0174565],"to":[31.611803,10.982544,10.982544],"rotation":{"angle":0.0,"axis":"y","origin":[-20.284454,6.210474,13.368578]},"faces":{"east":{"uv":[8.0,0.0,16.0,8.0],"rotation":0,"texture":"#0","tintindex":0},"south":{"uv":[8.0,0.0,16.0,8.0],"rotation":0,"texture":"#0","tintindex":0},"north":{"uv":[8.0,0.0,16.0,8.0],"rotation":0,"texture":"#0","tintindex":0},"west":{"uv":[8.0,0.0,16.0,8.0],"rotation":0,"texture":"#0","tintindex":0},"up":{"uv":[8.0,0.0,16.0,8.0],"rotation":0,"texture":"#0","tintindex":0},"down":{"uv":[8.0,0.0,16.0,8.0],"rotation":0,"texture":"#0","tintindex":0}}}],"display":{"head":{"translation":[0.0,-6.4,0.0],"scale":[4.0,4.0,4.0]}}}