{"textures":{"0":"modelengine:entity/shelob"},"elements":[{"from":[-14.409309,5.8128014,6.0116377],"to":[1.4975891,10.187199,9.988362],"rotation":{"angle":0.0,"axis":"y","origin":[0.90108013,6.210474,13.368578]},"faces":{"east":{"uv":[5.375,4.4375,4.875,4.3125],"rotation":0,"texture":"#0","tintindex":0},"south":{"uv":[5.375,4.4375,4.875,4.3125],"rotation":0,"texture":"#0","tintindex":0},"north":{"uv":[5.375,4.4375,4.875,4.3125],"rotation":0,"texture":"#0","tintindex":0},"west":{"uv":[5.375,4.4375,4.875,4.3125],"rotation":0,"texture":"#0","tintindex":0},"up":{"uv":[5.375,4.4375,4.875,4.3125],"rotation":0,"texture":"#0","tintindex":0},"down":{"uv":[5.375,4.4375,4.875,4.3125],"rotation":0,"texture":"#0","tintindex":0}}},{"from":[0.50340843,5.4151287,5.4151287],"to":[11.439402,10.584871,10.584871],"rotation":{"angle":0.0,"axis":"y","origin":[0.90108013,6.210474,13.368578]},"faces":{"east":{"uv":[4.71875,5.4125,4.375,5.25],"rotation":0,"texture":"#0","tintindex":0},"south":{"uv":[4.71875,5.4125,4.375,5.25],"rotation":0,"texture":"#0","tintindex":0},"north":{"uv":[4.71875,5.4125,4.375,5.25],"rotation":0,"texture":"#0","tintindex":0},"west":{"uv":[4.71875,5.4125,4.375,5.25],"rotation":0,"texture":"#0","tintindex":0},"up":{"uv":[4.71875,5.4125,4.375,5.25],"rotation":0,"texture":"#0","tintindex":0},"down":{"uv":[4.71875,5.4125,4.375,5.25],"rotation":0,"texture":"#0","tintindex":0}}},{"from":[-1.0872812,4.6197844,4.420948],"to":[13.03009,11.380216,11.579052],"rotation":{"angle":0.0,"axis":"y","origin":[0.90108013,6.210474,13.368578]},"faces":{"east":{"uv":[8.0,0.0,16.0,8.0],"rotation":0,"texture":"#0","tintindex":0},"south":{"uv":[8.0,0.0,16.0,8.0],"rotation":0,"texture":"#0","tintindex":0},"north":{"uv":[8.0,0.0,16.0,8.0],"rotation":0,"texture":"#0","tintindex":0},"west":{"uv":[8.0,0.0,16.0,8.0],"rotation":0,"texture":"#0","tintindex":0},"up":{"uv":[8.0,0.0,16.0,8.0],"rotation":0,"texture":"#0","tintindex":0},"down":{"uv":[8.0,0.0,16.0,8.0],"rotation":0,"texture":"#0","tintindex":0}}},{"from":[-16.0,5.0174565,5.0174565],"to":[3.0882797,10.982544,10.982544],"rotation":{"angle":0.0,"axis":"y","origin":[0.90108013,6.210474,13.368578]},"faces":{"east":{"uv":[8.0,0.0,16.0,8.0],"rotation":0,"texture":"#0","tintindex":0},"south":{"uv":[8.0,0.0,16.0,8.0],"rotation":0,"texture":"#0","tintindex":0},"north":{"uv":[8.0,0.0,16.0,8.0],"rotation":0,"texture":"#0","tintindex":0},"west":{"uv":[8.0,0.0,16.0,8.0],"rotation":0,"texture":"#0","tintindex":0},"up":{"uv":[8.0,0.0,16.0,8.0],"rotation":0,"texture":"#0","tintindex":0},"down":{"uv":[8.0,0.0,16.0,8.0],"rotation":0,"texture":"#0","tintindex":0}}}],"display":{"head":{"translation":[-14.751785,-6.4,0.0],"scale":[4.0,4.0,4.0]}}}