{"textures":{"0":"modelengine:entity/shelob","1":"modelengine:entity/eyesshelob","2":"modelengine:entity/eyeshelob"},"elements":[{"from":[-2.530035,2.2253175,9.9662],"to":[18.546604,7.7927322,20.902193],"rotation":{"angle":0.0,"axis":"y","origin":[8.008285,7.8921504,12.1533985]},"faces":{"east":{"uv":[3.4125,1.53125,2.75,1.1875],"rotation":0,"texture":"#0","tintindex":0},"south":{"uv":[3.4125,1.53125,2.75,1.1875],"rotation":0,"texture":"#0","tintindex":0},"north":{"uv":[3.4125,1.53125,2.75,1.1875],"rotation":0,"texture":"#0","tintindex":0},"west":{"uv":[3.4125,1.53125,2.75,1.1875],"rotation":0,"texture":"#0","tintindex":0},"up":{"uv":[3.4125,1.53125,2.75,1.1875],"rotation":0,"texture":"#0","tintindex":0},"down":{"uv":[3.4125,1.53125,2.75,1.1875],"rotation":0,"texture":"#0","tintindex":0}}},{"from":[-4.1207256,1.4299726,8.972019],"to":[20.137295,8.588078,21.896374],"rotation":{"angle":0.0,"axis":"y","origin":[8.008285,7.8921504,12.1533985]},"faces":{"east":{"uv":[8.0,0.0,16.0,8.0],"rotation":0,"texture":"#0","tintindex":0},"south":{"uv":[8.0,0.0,16.0,8.0],"rotation":0,"texture":"#0","tintindex":0},"north":{"uv":[8.0,0.0,16.0,8.0],"rotation":0,"texture":"#0","tintindex":0},"west":{"uv":[8.0,0.0,16.0,8.0],"rotation":0,"texture":"#0","tintindex":0},"up":{"uv":[8.0,0.0,16.0,8.0],"rotation":0,"texture":"#0","tintindex":0},"down":{"uv":[8.0,0.0,16.0,8.0],"rotation":0,"texture":"#0","tintindex":0}}},{"from":[0.05483532,5.1012087,20.108786],"to":[15.7628975,8.879097,24.68202],"rotation":{"angle":0.0,"axis":"y","origin":[7.908867,6.990153,22.196568]},"faces":{"east":{"uv":[6.5375,4.7,4.5625,4.125],"rotation":0,"texture":"#0","tintindex":0},"south":{"uv":[6.5375,4.7,4.5625,4.125],"rotation":0,"texture":"#0","tintindex":0},"north":{"uv":[6.5375,4.7,4.5625,4.125],"rotation":0,"texture":"#0","tintindex":0},"west":{"uv":[6.5375,4.7,4.5625,4.125],"rotation":0,"texture":"#0","tintindex":0},"up":{"uv":[6.5375,4.7,4.5625,4.125],"rotation":0,"texture":"#0","tintindex":0},"down":{"uv":[6.5375,4.7,4.5625,4.125],"rotation":0,"texture":"#0","tintindex":0}}},{"from":[-0.54167366,6.0242333,17.880407],"to":[16.359406,9.802122,22.055967],"rotation":{"angle":45.0,"axis":"x","origin":[7.908867,7.9131775,19.968187]},"faces":{"east":{"uv":[6.9375,1.4,4.8125,0.875],"rotation":0,"texture":"#0","tintindex":0},"south":{"uv":[6.9375,1.4,4.8125,0.875],"rotation":0,"texture":"#0","tintindex":0},"north":{"uv":[6.9375,1.4,4.8125,0.875],"rotation":0,"texture":"#0","tintindex":0},"west":{"uv":[6.9375,1.4,4.8125,0.875],"rotation":0,"texture":"#0","tintindex":0},"up":{"uv":[6.9375,1.4,4.8125,0.875],"rotation":0,"texture":"#0","tintindex":0},"down":{"uv":[6.9375,1.4,4.8125,0.875],"rotation":0,"texture":"#0","tintindex":0}}},{"from":[-0.54167366,8.422644,12.410324],"to":[16.359406,12.200532,19.369593],"rotation":{"angle":22.5,"axis":"x","origin":[7.908867,10.311588,15.889959]},"faces":{"east":{"uv":[6.5625,3.4375,4.4375,2.5625],"rotation":0,"texture":"#0","tintindex":0},"south":{"uv":[6.5625,3.4375,4.4375,2.5625],"rotation":0,"texture":"#0","tintindex":0},"north":{"uv":[6.5625,3.4375,4.4375,2.5625],"rotation":0,"texture":"#0","tintindex":0},"west":{"uv":[6.5625,3.4375,4.4375,2.5625],"rotation":0,"texture":"#0","tintindex":0},"up":{"uv":[6.5625,3.4375,4.4375,2.5625],"rotation":0,"texture":"#0","tintindex":0},"down":{"uv":[6.5625,3.4375,4.4375,2.5625],"rotation":0,"texture":"#0","tintindex":0}}},{"from":[-1.5358543,0.6346278,9.767364],"to":[17.552425,14.155492,14.5394335],"rotation":{"angle":0.0,"axis":"y","origin":[8.008285,7.8921504,12.1533985]},"faces":{"east":{"uv":[4.4,5.1625,2.0,4.5625],"rotation":0,"texture":"#0","tintindex":0},"south":{"uv":[4.4,5.1625,2.0,4.5625],"rotation":0,"texture":"#0","tintindex":0},"north":{"uv":[4.4,5.1625,2.0,4.5625],"rotation":0,"texture":"#0","tintindex":0},"west":{"uv":[4.4,5.1625,2.0,4.5625],"rotation":0,"texture":"#0","tintindex":0},"up":{"uv":[4.4,5.1625,2.0,4.5625],"rotation":0,"texture":"#0","tintindex":0},"down":{"uv":[4.4,5.1625,2.0,4.5625],"rotation":0,"texture":"#0","tintindex":0}}},{"from":[-0.74050903,9.09637,9.329306],"to":[16.359406,14.266111,13.107194],"rotation":{"angle":-22.5,"axis":"x","origin":[9.002466,7.803934,11.715341]},"faces":{"east":{"uv":[3.025,2.225,0.875,1.75],"rotation":0,"texture":"#0","tintindex":0},"south":{"uv":[3.025,2.225,0.875,1.75],"rotation":0,"texture":"#0","tintindex":0},"north":{"uv":[3.025,2.225,0.875,1.75],"rotation":0,"texture":"#0","tintindex":0},"west":{"uv":[3.025,2.225,0.875,1.75],"rotation":0,"texture":"#0","tintindex":0},"up":{"uv":[3.025,2.225,0.875,1.75],"rotation":0,"texture":"#0","tintindex":0},"down":{"uv":[3.025,2.225,0.875,1.75],"rotation":0,"texture":"#0","tintindex":0}}},{"from":[-0.93934536,-0.16071701,4.9952946],"to":[16.955915,1.628809,19.311504],"rotation":{"angle":0.0,"axis":"y","origin":[8.008285,7.8921504,12.1533985]},"faces":{"east":{"uv":[3.9375,4.325,3.375,3.875],"rotation":0,"texture":"#0","tintindex":0},"south":{"uv":[3.9375,4.325,3.375,3.875],"rotation":0,"texture":"#0","tintindex":0},"north":{"uv":[3.9375,4.325,3.375,3.875],"rotation":0,"texture":"#0","tintindex":0},"west":{"uv":[3.9375,4.325,3.375,3.875],"rotation":0,"texture":"#0","tintindex":0},"up":{"uv":[3.9375,4.325,3.375,3.875],"rotation":0,"texture":"#0","tintindex":0},"down":{"uv":[3.9375,4.325,3.375,3.875],"rotation":0,"texture":"#0","tintindex":0}}},{"from":[-0.74050903,0.6346278,9.767364],"to":[16.75708,8.786913,23.288227],"rotation":{"angle":0.0,"axis":"y","origin":[8.008285,7.8921504,12.1533985]},"faces":{"east":{"uv":[2.8,4.3,2.25,3.875],"rotation":0,"texture":"#0","tintindex":0},"south":{"uv":[2.8,4.3,2.25,3.875],"rotation":0,"texture":"#0","tintindex":0},"north":{"uv":[2.8,4.3,2.25,3.875],"rotation":0,"texture":"#0","tintindex":0},"west":{"uv":[2.8,4.3,2.25,3.875],"rotation":0,"texture":"#0","tintindex":0},"up":{"uv":[2.8,4.3,2.25,3.875],"rotation":0,"texture":"#0","tintindex":0},"down":{"uv":[2.8,4.3,2.25,3.875],"rotation":0,"texture":"#0","tintindex":0}}},{"from":[-2.1323624,5.2288885,16.886227],"to":[17.950096,10.597466,23.050148],"rotation":{"angle":45.0,"axis":"x","origin":[7.908867,7.9131775,19.968187]},"faces":{"east":{"uv":[8.0,0.0,16.0,8.0],"rotation":0,"texture":"#0","tintindex":0},"south":{"uv":[8.0,0.0,16.0,8.0],"rotation":0,"texture":"#0","tintindex":0},"north":{"uv":[8.0,0.0,16.0,8.0],"rotation":0,"texture":"#0","tintindex":0},"west":{"uv":[8.0,0.0,16.0,8.0],"rotation":0,"texture":"#0","tintindex":0},"up":{"uv":[8.0,0.0,16.0,8.0],"rotation":0,"texture":"#0","tintindex":0},"down":{"uv":[8.0,0.0,16.0,8.0],"rotation":0,"texture":"#0","tintindex":0}}},{"from":[-1.5358543,4.3058634,19.114605],"to":[17.353588,9.674442,25.6762],"rotation":{"angle":0.0,"axis":"y","origin":[7.908867,6.990153,22.196568]},"faces":{"east":{"uv":[8.0,0.0,16.0,8.0],"rotation":0,"texture":"#0","tintindex":0},"south":{"uv":[8.0,0.0,16.0,8.0],"rotation":0,"texture":"#0","tintindex":0},"north":{"uv":[8.0,0.0,16.0,8.0],"rotation":0,"texture":"#0","tintindex":0},"west":{"uv":[8.0,0.0,16.0,8.0],"rotation":0,"texture":"#0","tintindex":0},"up":{"uv":[8.0,0.0,16.0,8.0],"rotation":0,"texture":"#0","tintindex":0},"down":{"uv":[8.0,0.0,16.0,8.0],"rotation":0,"texture":"#0","tintindex":0}}},{"from":[-2.1323624,7.627299,11.416143],"to":[17.950096,12.595877,20.363773],"rotation":{"angle":22.5,"axis":"x","origin":[7.908867,10.311588,15.889959]},"faces":{"east":{"uv":[8.0,0.0,16.0,8.0],"rotation":0,"texture":"#0","tintindex":0},"south":{"uv":[8.0,0.0,16.0,8.0],"rotation":0,"texture":"#0","tintindex":0},"north":{"uv":[8.0,0.0,16.0,8.0],"rotation":0,"texture":"#0","tintindex":0},"west":{"uv":[8.0,0.0,16.0,8.0],"rotation":0,"texture":"#0","tintindex":0},"up":{"uv":[8.0,0.0,16.0,8.0],"rotation":0,"texture":"#0","tintindex":0},"down":{"uv":[8.0,0.0,16.0,8.0],"rotation":0,"texture":"#0","tintindex":0}}},{"from":[2.4408703,11.285648,11.200017],"to":[7.2129397,15.262373,15.972087],"rotation":{"angle":22.5,"axis":"x","origin":[8.80363,7.6071777,13.586052]},