{"textures":{"0":"modelengine:entity/shelob"},"elements":[{"from":[0.04655075,3.4161248,-8.643059],"to":[15.953449,25.884619,13.228928],"rotation":{"angle":22.5,"axis":"x","origin":[8.0,14.053864,0.30457306]},"faces":{"east":{"uv":[6.375,3.3875,3.625,0.5625],"rotation":0,"texture":"#0","tintindex":0},"south":{"uv":[6.375,3.3875,3.625,0.5625],"rotation":0,"texture":"#0","tintindex":0},"north":{"uv":[6.375,3.3875,3.625,0.5625],"rotation":0,"texture":"#0","tintindex":0},"west":{"uv":[6.375,3.3875,3.625,0.5625],"rotation":0,"texture":"#0","tintindex":0},"up":{"uv":[6.375,3.3875,3.625,0.5625],"rotation":0,"texture":"#0","tintindex":0},"down":{"uv":[6.375,3.3875,3.625,0.5625],"rotation":0,"texture":"#0","tintindex":0}}},{"from":[-3.1348295,3.4161248,-11.824438],"to":[19.13483,24.691603,16.410307],"rotation":{"angle":22.5,"axis":"x","origin":[8.0,14.053864,0.30457306]},"faces":{"east":{"uv":[4.425,2.675,0.875,0.0],"rotation":0,"texture":"#0","tintindex":0},"south":{"uv":[4.425,2.675,0.875,0.0],"rotation":0,"texture":"#0","tintindex":0},"north":{"uv":[4.425,2.675,0.875,0.0],"rotation":0,"texture":"#0","tintindex":0},"west":{"uv":[4.425,2.675,0.875,0.0],"rotation":0,"texture":"#0","tintindex":0},"up":{"uv":[4.425,2.675,0.875,0.0],"rotation":0,"texture":"#0","tintindex":0},"down":{"uv":[4.425,2.675,0.875,0.0],"rotation":0,"texture":"#0","tintindex":0}}},{"from":[-2.140648,5.4044876,-15.005817],"to":[18.140648,21.112549,14.620781],"rotation":{"angle":22.5,"axis":"x","origin":[8.0,14.053864,0.30457306]},"faces":{"east":{"uv":[2.2,0.93125,1.5625,0.0],"rotation":0,"texture":"#0","tintindex":0},"south":{"uv":[2.2,0.93125,1.5625,0.0],"rotation":0,"texture":"#0","tintindex":0},"north":{"uv":[4.1125,1.975,1.5625,0.0],"rotation":0,"texture":"#0","tintindex":0},"west":{"uv":[2.2,0.93125,1.5625,0.0],"rotation":0,"texture":"#0","tintindex":0},"up":{"uv":[2.2,0.93125,1.5625,0.0],"rotation":0,"texture":"#0","tintindex":0},"down":{"uv":[2.2,0.93125,1.5625,0.0],"rotation":0,"texture":"#0","tintindex":0}}},{"from":[-7.111553,7.591686,-7.0523663],"to":[23.111553,20.51604,11.638238],"rotation":{"angle":22.5,"axis":"x","origin":[8.0,14.053864,0.30457306]},"faces":{"east":{"uv":[4.1,3.5,1.75,1.875],"rotation":0,"texture":"#0","tintindex":0},"south":{"uv":[4.1,3.5,1.75,1.875],"rotation":0,"texture":"#0","tintindex":0},"north":{"uv":[4.1,3.5,1.75,1.875],"rotation":0,"texture":"#0","tintindex":0},"west":{"uv":[4.1,3.5,1.75,1.875],"rotation":0,"texture":"#0","tintindex":0},"up":{"uv":[4.1,3.5,1.75,1.875],"rotation":0,"texture":"#0","tintindex":0},"down":{"uv":[4.1,3.5,1.75,1.875],"rotation":0,"texture":"#0","tintindex":0}}},{"from":[-6.1173725,5.4044876,-10.034912],"to":[22.117373,22.70324,14.620781],"rotation":{"angle":22.5,"axis":"x","origin":[8.0,14.053864,0.30457306]},"faces":{"east":{"uv":[3.1,2.175,0.0,0.0],"rotation":0,"texture":"#0","tintindex":0},"south":{"uv":[3.1,2.175,0.0,0.0],"rotation":0,"texture":"#0","tintindex":0},"north":{"uv":[3.1,2.175,0.0,0.0],"rotation":0,"texture":"#0","tintindex":0},"west":{"uv":[3.1,2.175,0.0,0.0],"rotation":0,"texture":"#0","tintindex":0},"up":{"uv":[3.1,2.175,0.0,0.0],"rotation":0,"texture":"#0","tintindex":0},"down":{"uv":[3.1,2.175,0.0,0.0],"rotation":0,"texture":"#0","tintindex":0}}},{"from":[-4.725519,2.62078,-12.818619],"to":[20.72552,25.486946,17.404488],"rotation":{"angle":22.5,"axis":"x","origin":[8.0,14.053864,0.30457306]},"faces":{"east":{"uv":[8.0,0.0,16.0,8.0],"rotation":0,"texture":"#0","tintindex":0},"south":{"uv":[8.0,0.0,16.0,8.0],"rotation":0,"texture":"#0","tintindex":0},"north":{"uv":[8.0,0.0,16.0,8.0],"rotation":0,"texture":"#0","tintindex":0},"west":{"uv":[8.0,0.0,16.0,8.0],"rotation":0,"texture":"#0","tintindex":0},"up":{"uv":[8.0,0.0,16.0,8.0],"rotation":0,"texture":"#0","tintindex":0},"down":{"uv":[8.0,0.0,16.0,8.0],"rotation":0,"texture":"#0","tintindex":0}}},{"from":[-7.708062,4.6091423,-11.029093],"to":[23.708061,23.498585,15.614963],"rotation":{"angle":22.5,"axis":"x","origin":[8.0,14.053864,0.30457306]},"faces":{"east":{"uv":[8.0,0.0,16.0,8.0],"rotation":0,"texture":"#0","tintindex":0},"south":{"uv":[8.0,0.0,16.0,8.0],"rotation":0,"texture":"#0","tintindex":0},"north":{"uv":[8.0,0.0,16.0,8.0],"rotation":0,"texture":"#0","tintindex":0},"west":{"uv":[8.0,0.0,16.0,8.0],"rotation":0,"texture":"#0","tintindex":0},"up":{"uv":[8.0,0.0,16.0,8.0],"rotation":0,"texture":"#0","tintindex":0},"down":{"uv":[8.0,0.0,16.0,8.0],"rotation":0,"texture":"#0","tintindex":0}}},{"from":[-3.7313375,4.6091423,-16.0],"to":[19.731339,21.907894,15.614963],"rotation":{"angle":22.5,"axis":"x","origin":[8.0,14.053864,0.30457306]},"faces":{"east":{"uv":[8.0,0.0,16.0,8.0],"rotation":0,"texture":"#0","tintindex":0},"south":{"uv":[8.0,0.0,16.0,8.0],"rotation":0,"texture":"#0","tintindex":0},"north":{"uv":[8.0,0.0,16.0,8.0],"rotation":0,"texture":"#0","tintindex":0},"west":{"uv":[8.0,0.0,16.0,8.0],"rotation":0,"texture":"#0","tintindex":0},"up":{"uv":[8.0,0.0,16.0,8.0],"rotation":0,"texture":"#0","tintindex":0},"down":{"uv":[8.0,0.0,16.0,8.0],"rotation":0,"texture":"#0","tintindex":0}}},{"from":[-1.5441389,2.62078,-9.637239],"to":[17.54414,26.679966,14.223108],"rotation":{"angle":22.5,"axis":"x","origin":[8.0,14.053864,0.30457306]},"faces":{"east":{"uv":[8.0,0.0,16.0,8.0],"rotation":0,"texture":"#0","tintindex":0},"south":{"uv":[8.0,0.0,16.0,8.0],"rotation":0,"texture":"#0","tintindex":0},"north":{"uv":[8.0,0.0,16.0,8.0],"rotation":0,"texture":"#0","tintindex":0},"west":{"uv":[8.0,0.0,16.0,8.0],"rotation":0,"texture":"#0","tintindex":0},"up":{"uv":[8.0,0.0,16.0,8.0],"rotation":0,"texture":"#0","tintindex":0},"down":{"uv":[8.0,0.0,16.0,8.0],"rotation":0,"texture":"#0","tintindex":0}}},{"from":[-8.702244,6.796341,-8.046549],"to":[24.702244,21.311386,12.632419],"rotation":{"angle":22.5,"axis":"x","origin":[8.0,14.053864,0.30457306]},"faces":{"east":{"uv":[8.0,0.0,16.0,8.0],"rotation":0,"texture":"#0","tintindex":0},"south":{"uv":[8.0,0.0,16.0,8.0],"rotation":0,"texture":"#0","tintindex":0},"north":{"uv":[8.0,0.0,16.0,8.0],"rotation":0,"texture":"#0","tintindex":0},"west":{"uv":[8.0,0.0,16.0,8.0],"rotation":0,"texture":"#0","tintindex":0},"up":{"uv":[8.0,0.0,16.0,8.0],"rotation":0,"texture":"#0","tintindex":0},"down":{"uv":[8.0,0.0,16.0,8.0],"rotation":0,"texture":"#0","tintindex":0}}}],"display":{"head":{"translation":[0.0,-6.4,-37.770508],"scale":[4.0,4.0,4.0]}}}