{"textures":{"0":"modelengine:entity/asianelephant"},"elements":[{"from":[7.6685715,5.1970053,8.452572],"to":[8.491428,7.8850055,9.2205715],"rotation":{"angle":-22.5,"axis":"x","origin":[8.089143,4.442354,8.379572]},"faces":{"east":{"uv":[2.6125,0.6125,2.4375,0.0],"rotation":0,"texture":"#0","tintindex":0},"south":{"uv":[2.625,0.6125,2.4375,0.0],"rotation":0,"texture":"#0","tintindex":0},"north":{"uv":[2.625,0.6125,2.4375,0.0],"rotation":0,"texture":"#0","tintindex":0},"west":{"uv":[2.6125,0.6125,2.4375,0.0],"rotation":0,"texture":"#0","tintindex":0},"up":{"uv":[4.3125,2.375,2.4375,0.0],"rotation":0,"texture":"#0","tintindex":0},"down":{"uv":[4.3125,2.375,2.4375,0.0],"rotation":0,"texture":"#0","tintindex":0}}},{"from":[7.7782855,2.939177,8.297149],"to":[8.4091425,5.4626055,8.84572],"rotation":{"angle":0.0,"axis":"y","origin":[8.089143,4.442354,8.379572]},"faces":{"east":{"uv":[2.5625,0.575,2.4375,0.0],"rotation":0,"texture":"#0","tintindex":0},"south":{"uv":[2.58125,0.575,2.4375,0.0],"rotation":0,"texture":"#0","tintindex":0},"north":{"uv":[2.58125,0.575,2.4375,0.0],"rotation":0,"texture":"#0","tintindex":0},"west":{"uv":[2.5625,0.575,2.4375,0.0],"rotation":0,"texture":"#0","tintindex":0},"up":{"uv":[4.3125,2.375,2.4375,0.0],"rotation":0,"texture":"#0","tintindex":0},"down":{"uv":[4.3125,2.375,2.4375,0.0],"rotation":0,"texture":"#0","tintindex":0}}},{"from":[7.6685715,2.4087481,6.6407485],"to":[8.518857,3.560748,7.737891],"rotation":{"angle":-45.0,"axis":"x","origin":[8.089143,4.442354,8.379572]},"faces":{"east":{"uv":[11.714286,3.7142856,12.285714,4.285714],"rotation":0,"texture":"#0","tintindex":0},"south":{"uv":[11.714286,3.7142856,12.285714,4.285714],"rotation":0,"texture":"#0","tintindex":0},"north":{"uv":[11.714286,3.7142856,12.285714,4.285714],"rotation":0,"texture":"#0","tintindex":0},"west":{"uv":[11.714286,3.7142856,12.285714,4.285714],"rotation":0,"texture":"#0","tintindex":0},"up":{"uv":[11.714286,3.7142856,12.285714,4.285714],"rotation":0,"texture":"#0","tintindex":0},"down":{"uv":[11.714286,3.7142856,12.285714,4.285714],"rotation":0,"texture":"#0","tintindex":0}}}],"display":{"head":{"translation":[0.0,-6.4,0.0],"scale":[4.0,4.0,4.0]}}}