{"textures":{"1":"modelengine:entity/em_bandit_c1"},"elements":[{"from":[6.5142856,0.06530571,6.8],"to":[8.342857,1.8938775,9.2],"rotation":{"angle":0.0,"axis":"y","origin":[4.5714283,-1.5918379,7.428571]},"faces":{"east":{"uv":[4.875,4.0,5.375,4.375],"rotation":0,"texture":"#1","tintindex":0},"south":{"uv":[0.625,9.625,1.0,10.0],"rotation":0,"texture":"#1","tintindex":0},"north":{"uv":[5.0,9.5,5.375,9.875],"rotation":0,"texture":"#1","tintindex":0},"west":{"uv":[6.75,6.0,7.25,6.375],"rotation":0,"texture":"#1","tintindex":0},"up":{"uv":[2.875,9.75,2.5,9.25],"rotation":0,"texture":"#1","tintindex":0},"down":{"uv":[3.375,9.25,3.0,9.75],"rotation":0,"texture":"#1","tintindex":0}}},{"from":[6.285714,4.693877,6.5714283],"to":[8.571428,8.693877,9.428572],"rotation":{"angle":0.0,"axis":"y","origin":[4.285714,5.265306,7.428571]},"faces":{"east":{"uv":[6.125,2.25,6.75,3.125],"rotation":0,"texture":"#1","tintindex":0},"south":{"uv":[7.25,3.5,7.75,4.375],"rotation":0,"texture":"#1","tintindex":0},"north":{"uv":[7.25,2.5,7.75,3.375],"rotation":0,"texture":"#1","tintindex":0},"west":{"uv":[2.375,6.375,3.0,7.25],"rotation":0,"texture":"#1","tintindex":0},"up":{"uv":[8.375,2.875,7.875,2.25],"rotation":0,"texture":"#1","tintindex":0},"down":{"uv":[8.375,3.0,7.875,3.625],"rotation":0,"texture":"#1","tintindex":0}}},{"from":[6.224018,6.3510203,6.5142856],"to":[8.624018,8.75102,9.485714],"rotation":{"angle":0.0,"axis":"y","origin":[7.424018,7.5510206,8.0]},"faces":{"east":{"uv":[2.125,8.125,2.75,8.625],"rotation":0,"texture":"#1","tintindex":0},"south":{"uv":[3.5,8.625,4.0,9.125],"rotation":0,"texture":"#1","tintindex":0},"north":{"uv":[2.875,8.625,3.375,9.125],"rotation":0,"texture":"#1","tintindex":0},"west":{"uv":[5.0,8.125,5.625,8.625],"rotation":0,"texture":"#1","tintindex":0},"up":{"uv":[6.25,8.75,5.75,8.125],"rotation":0,"texture":"#1","tintindex":0},"down":{"uv":[6.875,8.125,6.375,8.75],"rotation":0,"texture":"#1","tintindex":0}}},{"from":[6.5714283,1.8367343,6.857143],"to":[8.285714,4.693877,9.142858],"rotation":{"angle":0.0,"axis":"y","origin":[4.285714,1.265306,7.428571]},"faces":{"east":{"uv":[7.875,3.75,8.375,4.375],"rotation":0,"texture":"#1","tintindex":0},"south":{"uv":[8.875,0.625,9.25,1.25],"rotation":0,"texture":"#1","tintindex":0},"north":{"uv":[0.625,8.875,1.0,9.5],"rotation":0,"texture":"#1","tintindex":0},"west":{"uv":[7.875,4.5,8.375,5.125],"rotation":0,"texture":"#1","tintindex":0},"up":{"uv":[3.875,9.75,3.5,9.25],"rotation":0,"texture":"#1","tintindex":0},"down":{"uv":[7.0,9.25,6.625,9.75],"rotation":0,"texture":"#1","tintindex":0}}},{"from":[6.3714285,1.7724485,6.7714286],"to":[7.1142855,4.229592,9.228572],"rotation":{"angle":0.0,"axis":"y","origin":[4.2285714,1.2867341,7.428571]},"faces":{"east":{"uv":[7.0,8.625,7.5,9.125],"rotation":0,"texture":"#1","tintindex":0},"south":{"uv":[10.125,6.5,10.25,7.0],"rotation":0,"texture":"#1","tintindex":0},"north":{"uv":[10.125,5.875,10.25,6.375],"rotation":0,"texture":"#1","tintindex":0},"west":{"uv":[0.0,8.75,0.5,9.25],"rotation":0,"texture":"#1","tintindex":0},"up":{"uv":[7.25,10.625,7.125,10.125],"rotation":0,"texture":"#1","tintindex":0},"down":{"uv":[10.25,7.125,10.125,7.625],"rotation":0,"texture":"#1","tintindex":0}}}],"display":{"head":{"translation":[0.0,-6.4,0.0],"scale":[4.0,4.0,4.0]}}}