{"textures":{"1":"modelengine:entity/em_bandit_c1"},"elements":[{"from":[6.857143,4.785714,7.0714283],"to":[9.142858,8.785714,9.357143],"rotation":{"angle":0.0,"axis":"y","origin":[8.0,6.785714,8.214286]},"faces":{"east":{"uv":[1.5,7.125,2.0,8.0],"rotation":0,"texture":"#1","tintindex":0},"south":{"uv":[5.0,7.125,5.5,8.0],"rotation":0,"texture":"#1","tintindex":0},"north":{"uv":[4.375,7.0,4.875,7.875],"rotation":0,"texture":"#1","tintindex":0},"west":{"uv":[5.625,7.125,6.125,8.0],"rotation":0,"texture":"#1","tintindex":0},"up":{"uv":[9.0,3.25,8.5,2.75],"rotation":0,"texture":"#1","tintindex":0},"down":{"uv":[9.0,3.375,8.5,3.875],"rotation":0,"texture":"#1","tintindex":0}}},{"from":[8.887428,6.266985,9.630924],"to":[9.169714,7.070339,10.434279],"rotation":{"angle":22.5,"axis":"x","origin":[9.028571,8.285714,8.415549]},"faces":{"east":{"uv":[10.5,9.0,10.625,9.125],"rotation":180,"texture":"#1","tintindex":0},"south":{"uv":[8.375,10.5,8.5,10.625],"rotation":180,"texture":"#1","tintindex":0},"north":{"uv":[10.5,9.25,10.625,9.375],"rotation":180,"texture":"#1","tintindex":0},"west":{"uv":[10.5,9.5,10.625,9.625],"rotation":180,"texture":"#1","tintindex":0},"up":{"uv":[0.125,10.625,0.0,10.75],"rotation":0,"texture":"#1","tintindex":0},"down":{"uv":[10.125,10.625,10.0,10.5],"rotation":0,"texture":"#1","tintindex":0}}},{"from":[8.885715,6.001143,7.8441205],"to":[9.171429,8.858286,8.986978],"rotation":{"angle":-22.5,"axis":"x","origin":[9.028571,8.285714,8.415549]},"faces":{"east":{"uv":[9.375,6.25,10.0,6.5],"rotation":90,"texture":"#1","tintindex":0},"south":{"uv":[7.0,9.875,6.875,10.5],"rotation":0,"texture":"#1","tintindex":0},"north":{"uv":[6.75,10.5,6.625,9.875],"rotation":180,"texture":"#1","tintindex":0},"west":{"uv":[9.375,6.625,10.0,6.875],"rotation":270,"texture":"#1","tintindex":0},"up":{"uv":[5.0,10.25,5.125,10.5],"rotation":0,"texture":"#1","tintindex":0},"down":{"uv":[1.125,8.875,1.25,9.125],"rotation":180,"texture":"#1","tintindex":0}}},{"from":[8.742857,8.858286,7.8441205],"to":[9.314285,9.429714,8.986978],"rotation":{"angle":-22.5,"axis":"x","origin":[9.028571,8.285714,8.415549]},"faces":{"east":{"uv":[10.375,5.875,10.5,6.125],"rotation":90,"texture":"#1","tintindex":0},"south":{"uv":[10.625,8.25,10.5,8.375],"rotation":0,"texture":"#1","tintindex":0},"north":{"uv":[8.25,10.625,8.125,10.5],"rotation":180,"texture":"#1","tintindex":0},"west":{"uv":[10.375,6.625,10.5,6.875],"rotation":270,"texture":"#1","tintindex":0},"up":{"uv":[10.375,6.25,10.5,6.5],"rotation":0,"texture":"#1","tintindex":0},"down":{"uv":[10.375,3.5,10.5,3.75],"rotation":180,"texture":"#1","tintindex":0}}},{"from":[8.742857,9.429714,8.129835],"to":[9.314285,11.715428,8.701263],"rotation":{"angle":-22.5,"axis":"x","origin":[9.028571,8.285714,8.415549]},"faces":{"east":{"uv":[0.5,10.125,1.0,10.25],"rotation":90,"texture":"#1","tintindex":0},"south":{"uv":[5.375,10.0,5.25,10.5],"rotation":0,"texture":"#1","tintindex":0},"north":{"uv":[3.0,7.875,2.875,7.375],"rotation":180,"texture":"#1","tintindex":0},"west":{"uv":[10.125,1.875,10.625,2.0],"rotation":270,"texture":"#1","tintindex":0},"up":{"uv":[2.125,7.125,2.25,7.25],"rotation":0,"texture":"#1","tintindex":0},"down":{"uv":[3.125,5.375,3.25,5.5],"rotation":180,"texture":"#1","tintindex":0}}},{"from":[7.142857,4.214286,7.0714283],"to":[8.857143,4.785714,9.357143],"rotation":{"angle":0.0,"axis":"y","origin":[6.857143,15.642858,7.928571]},"faces":{"east":{"uv":[7.75,10.0,8.25,10.125],"rotation":0,"texture":"#1","tintindex":0},"south":{"uv":[8.125,10.25,8.5,10.375],"rotation":0,"texture":"#1","tintindex":0},"north":{"uv":[7.625,10.25,8.0,10.375],"rotation":0,"texture":"#1","tintindex":0},"west":{"uv":[8.375,10.0,8.875,10.125],"rotation":0,"texture":"#1","tintindex":0},"up":{"uv":[9.5,5.375,9.125,4.875],"rotation":0,"texture":"#1","tintindex":0},"down":{"uv":[8.5,9.125,8.125,9.625],"rotation":0,"texture":"#1","tintindex":0}}},{"from":[6.8,3.5857143,7.0],"to":[9.2,4.271428,9.4],"rotation":{"angle":0.0,"axis":"y","origin":[6.857143,15.071428,8.2]},"faces":{"east":{"uv":[4.0,10.0,4.5,10.125],"rotation":0,"texture":"#1","tintindex":0},"south":{"uv":[4.625,10.0,5.125,10.125],"rotation":0,"texture":"#1","tintindex":0},"north":{"uv":[1.75,10.0,2.25,10.125],"rotation":0,"texture":"#1","tintindex":0},"west":{"uv":[6.0,10.0,6.5,10.125],"rotation":0,"texture":"#1","tintindex":0},"up":{"uv":[9.0,4.5,8.5,4.0],"rotation":0,"texture":"#1","tintindex":0},"down":{"uv":[9.0,4.625,8.5,5.125],"rotation":0,"texture":"#1","tintindex":0}}},{"from":[7.428571,-0.12857246,5.55],"to":[8.571428,1.0142851,6.6928573],"rotation":{"angle":22.5,"axis":"x","origin":[8.285714,0.4428568,6.1214285]},"faces":{"east":{"uv":[2.625,10.25,2.875,10.5],"rotation":0,"texture":"#1","tintindex":0},"south":{"uv":[3.0,10.25,3.25,10.5],"rotation":0,"texture":"#1","tintindex":0},"north":{"uv":[2.25,10.25,2.5,10.5],"rotation":0,"texture":"#1","tintindex":0},"west":{"uv":[3.375,10.25,3.625,10.5],"rotation":0,"texture":"#1","tintindex":0},"up":{"uv":[4.0,10.5,3.75,10.25],"rotation":0,"texture":"#1","tintindex":0},"down":{"uv":[4.375,10.25,4.125,10.5],"rotation":0,"texture":"#1","tintindex":0}}},{"from":[7.1257143,2.4828572,7.0542855],"to":[8.874286,3.088571,8.802857],"rotation":{"angle":0.0,"axis":"y","origin":[8.285714,2.7857141,8.214286]},"faces":{"east":{"uv":[10.375,2.125,10.75,2.25],"rotation":0,"texture":"#1","tintindex":0},"south":{"uv":[10.375,2.375,10.75,2.5],"rotation":0,"texture":"#1","tintindex":0},"north":{"uv":[10.375,1.375,10.75,1.5],"rotation":0,"texture":"#1","tintindex":0},"west":{"uv":[10.375,2.625,10.75,2.75],"rotation":0,"texture":"#1","tintindex":0},"up":{"uv":[10.0,5.25,9.625,4.875],"rotation":0,"texture":"#1","tintindex":0},"down":{"uv":[5.875,9.625,5.5,10.0],"rotation":0,"texture":"#1","tintindex":0}}},{"from":[7.142857,-0.3571434,6.214286],"to":[8.857143,0.78571415,9.071428],"rotation":{"angle":0.0,"axis":"y","origin":[6.857143,14.5,7.928571]},"faces":{"east":{"uv":[9.375,7.0,10.0,7.25],"rotation":0,"texture":"#1","tintindex":0},"south":{"uv":[3.5,9.875,3.875,10.125],"rotation":0,"texture":"#1","tintindex":0},"north":{"uv":[3.0,9.875,3.375,10.125],"rotation":0,"texture":"#1","tintindex":0},"west":{"uv":[9.375,7.375,10.0,7.625],"rotation":0,"texture":"#1","tintindex":0},"up":{"uv":[9.5,2.75,9.125,2.125],"rotation":0,"texture":"#1","tintindex":0},"down":{"uv":[9.5,2.875,9.125,3.5],"rotation":0,"texture":"#1","tintindex":0}}},{"from":[7.1457143,2.9196577,8.019018],"to":[8.854286,4.6282296,9.15616],"rotation":{"angle":22.5,"axis":"x","origin":[8.0,4.059658,8.444733]},"faces":{"east":{"uv":[2.125,9.5,2.375,9.875],"rotation":0,"texture":"#1","tintindex":0},"south":{"uv":[9.625,4.375,10.0,4.75],"rotation":0,"texture":"#1","tintindex":0},"north":{"uv":[9.625,3.875,10.0,4.25],"rotation":0,"texture":"#1","tintindex":0},"west":{"uv":[9.875,0.75,10.125,1.125],"rotation":0,"texture":"#1","tintindex":0},"up":{"uv":[10.25,1.5,9.875,1.25],"rotation":0,"texture":"#1","tintindex":0},"down":{"uv":[2.875,9.875,2.5,10.125],"rotation":0,"texture":"#1","tintindex":0}}},{"from":[7.142857,0.78571415,7.0714283],"to":[8.857143,3.642857,8.785714],"rotation":{"angle":0.0,"axis":"y","origin":[6.857143,14.5,7.928571]},"faces":{"east":{"uv":[6.125,8.875,6.5,9.5],"rotation":0,"texture":"#1","tintindex":0},"south":{"uv":[8.875,6.625,9.25,7.25],"rotation":0,"texture":"#1","tintindex":0},"north":{"uv":[8.875,5.875,9.25,6.5],"rotation":0,"texture":"#1","tintindex":0},"west":{"uv":[8.875,7.375,9.25,8.0],"rotation":0,"texture":"#1","tintindex":0},"up":{"uv":[10.0,3.25,9.625,2.875],"rotation":0,"texture":"#1","tintindex":0},"down":{"uv":[10.0,3.375,9.625,3.75],"rotation":0,"texture":"#1","tintindex":0}}}],"display":{"head":{"translation":[0.0,-6.4,0.0],"scale":[4.0,4.0,4.0]}}}