{"textures":{"0":"modelengine:entity/kawlod_txt"},"elements":[{"from":[7.151472,1.7642851,7.142857],"to":[8.865758,5.707143,8.857143],"rotation":{"angle":0.0,"axis":"y","origin":[5.4371862,8.6214285,5.428571]},"faces":{"east":{"uv":[4.0625,3.625,4.5,4.21],"rotation":0,"texture":"#0","tintindex":0},"south":{"uv":[3.625,3.625,4.0625,4.21],"rotation":0,"texture":"#0","tintindex":0},"north":{"uv":[2.75,3.625,3.1875,4.21],"rotation":0,"texture":"#0","tintindex":0},"west":{"uv":[3.1875,3.625,3.625,4.21],"rotation":0,"texture":"#0","tintindex":0},"up":{"uv":[4.0625,4.3,4.5,4.75],"rotation":0,"texture":"#0","tintindex":0},"down":{"uv":[3.625,4.3,4.0625,4.75],"rotation":0,"texture":"#0","tintindex":0}}},{"from":[6.2943287,2.7928567,6.285714],"to":[9.7229,6.392857,9.714286],"rotation":{"angle":0.0,"axis":"y","origin":[5.4371862,8.6214285,5.428571]},"faces":{"east":{"uv":[9.25,1.625,10.375,2.275],"rotation":0,"texture":"#0","tintindex":0},"south":{"uv":[10.375,0.875,11.5,1.525],"rotation":0,"texture":"#0","tintindex":0},"north":{"uv":[10.375,1.625,11.5,2.275],"rotation":0,"texture":"#0","tintindex":0},"west":{"uv":[9.25,0.875,10.375,1.525],"rotation":0,"texture":"#0","tintindex":0},"up":{"uv":[9.25,0.0,10.375,0.875],"rotation":0,"texture":"#0","tintindex":0},"down":{"uv":[10.375,0.0,11.5,0.875],"rotation":0,"texture":"#0","tintindex":0}}},{"from":[6.2943287,9.65,6.285714],"to":[9.7229,13.25,9.714286],"rotation":{"angle":0.0,"axis":"y","origin":[5.4371862,8.6214285,5.428571]},"faces":{"east":{"uv":[5.25,3.0,6.0,3.525],"rotation":0,"texture":"#0","tintindex":0},"south":{"uv":[4.5,3.0,5.25,3.525],"rotation":0,"texture":"#0","tintindex":0},"north":{"uv":[5.25,2.5,6.0,3.025],"rotation":0,"texture":"#0","tintindex":0},"west":{"uv":[4.5,2.5,5.25,3.025],"rotation":0,"texture":"#0","tintindex":0},"up":{"uv":[4.5,3.625,5.25,4.375],"rotation":0,"texture":"#0","tintindex":0},"down":{"uv":[5.25,3.625,6.0,4.375],"rotation":0,"texture":"#0","tintindex":0}}},{"from":[7.151472,10.335714,7.142857],"to":[8.865758,14.278572,8.857143],"rotation":{"angle":0.0,"axis":"y","origin":[5.4371862,8.6214285,5.428571]},"faces":{"east":{"uv":[2.0,2.5,2.625,3.075],"rotation":0,"texture":"#0","tintindex":0},"south":{"uv":[3.25,2.5,3.875,3.075],"rotation":0,"texture":"#0","tintindex":0},"north":{"uv":[2.625,2.5,3.25,3.075],"rotation":0,"texture":"#0","tintindex":0},"west":{"uv":[3.875,2.5,4.5,3.075],"rotation":0,"texture":"#0","tintindex":0},"up":{"uv":[3.25,3.125,3.875,3.625],"rotation":0,"texture":"#0","tintindex":0},"down":{"uv":[3.875,3.125,4.5,3.625],"rotation":0,"texture":"#0","tintindex":0}}},{"from":[7.6657577,11.192858,7.6571426],"to":[8.351472,15.135715,8.342857],"rotation":{"angle":0.0,"axis":"y","origin":[5.4371862,8.6214285,5.428571]},"faces":{"east":{"uv":[0.75,0.625,1.1,1.2],"rotation":0,"texture":"#0","tintindex":0},"south":{"uv":[0.75,0.0,1.1,0.575],"rotation":0,"texture":"#0","tintindex":0},"north":{"uv":[1.125,0.625,1.475,1.2],"rotation":0,"texture":"#0","tintindex":0},"west":{"uv":[1.125,0.0,1.475,0.575],"rotation":0,"texture":"#0","tintindex":0},"up":{"uv":[1.125,1.25,1.475,1.6],"rotation":0,"texture":"#0","tintindex":0},"down":{"uv":[0.75,1.25,1.1,1.6],"rotation":0,"texture":"#0","tintindex":0}}},{"from":[7.6657577,0.90714216,7.6571426],"to":[8.351472,4.85,8.342857],"rotation":{"angle":0.0,"axis":"y","origin":[5.4371862,8.6214285,5.428571]},"faces":{"east":{"uv":[1.0,3.25,1.475,4.325],"rotation":0,"texture":"#0","tintindex":0},"south":{"uv":[1.625,3.25,2.1,4.325],"rotation":0,"texture":"#0","tintindex":0},"north":{"uv":[0.375,3.25,0.85,4.325],"rotation":0,"texture":"#0","tintindex":0},"west":{"uv":[2.25,3.25,2.725,4.325],"rotation":0,"texture":"#0","tintindex":0},"up":{"uv":[1.5,2.875,1.975,3.1673076],"rotation":0,"texture":"#0","tintindex":0},"down":{"uv":[1.5,2.5,1.975,2.7923076],"rotation":0,"texture":"#0","tintindex":0}}},{"from":[5.4371862,3.8214283,5.428571],"to":[10.580044,12.221429,10.571428],"rotation":{"angle":0.0,"axis":"y","origin":[5.4371862,8.6214285,5.428571]},"faces":{"east":{"uv":[7.625,1.875,9.25,3.725],"rotation":0,"texture":"#0","tintindex":0},"south":{"uv":[7.625,0.0,9.25,1.85],"rotation":0,"texture":"#0","tintindex":0},"north":{"uv":[6.0,0.0,7.625,1.85],"rotation":0,"texture":"#0","tintindex":0},"west":{"uv":[6.0,1.875,7.625,3.725],"rotation":0,"texture":"#0","tintindex":0},"up":{"uv":[7.625,3.75,9.25,5.375],"rotation":0,"texture":"#0","tintindex":0},"down":{"uv":[6.0,3.75,7.625,5.375],"rotation":0,"texture":"#0","tintindex":0}}},{"from":[5.3884535,4.5071425,5.379839],"to":[10.531311,11.192858,10.5226965],"rotation":{"angle":45.0,"axis":"y","origin":[8.008615,8.592857,8.0]},"faces":{"east":{"uv":[1.5,1.25,3.0,2.475],"rotation":0,"texture":"#0","tintindex":0},"south":{"uv":[4.5,0.0,6.0,1.225],"rotation":0,"texture":"#0","tintindex":0},"north":{"uv":[4.5,1.25,6.0,2.475],"rotation":0,"texture":"#0","tintindex":0},"west":{"uv":[3.0,1.25,4.5,2.475],"rotation":0,"texture":"#0","tintindex":0},"up":{"uv":[1.5,0.0,3.0,1.25],"rotation":0,"texture":"#0","tintindex":0},"down":{"uv":[3.0,0.0,4.5,1.25],"rotation":0,"texture":"#0","tintindex":0}}}],"display":{"head":{"translation":[0.0,-6.4,0.0],"scale":[4.0,4.0,4.0]}}}