{"textures":{"0":"modelengine:entity/kawlod_txt"},"elements":[{"from":[12.285715,3.142857,3.7142854],"to":[12.285715,6.5714283,12.285715],"rotation":{"angle":0.0,"axis":"y","origin":[8.0,4.8571424,7.142857]},"faces":{"east":{"uv":[0.0,14.625,2.5,16.0],"rotation":0,"texture":"#0","tintindex":0},"south":{"uv":[5.0,4.625,5.625,5.0],"rotation":0,"texture":"#0","tintindex":0},"north":{"uv":[5.125,4.625,5.75,5.0],"rotation":0,"texture":"#0","tintindex":0},"west":{"uv":[2.5,14.625,0.0,16.0],"rotation":0,"texture":"#0","tintindex":0},"up":{"uv":[5.375,3.875,5.75,4.125],"rotation":90,"texture":"#0","tintindex":0},"down":{"uv":[5.375,3.875,5.75,4.125],"rotation":270,"texture":"#0","tintindex":0}}},{"from":[3.7142854,3.142857,12.285715],"to":[12.285715,6.5714283,12.285715],"rotation":{"angle":0.0,"axis":"y","origin":[3.7142854,4.8571424,8.0]},"faces":{"east":{"uv":[5.125,4.625,5.75,5.0],"rotation":0,"texture":"#0","tintindex":0},"south":{"uv":[0.0,14.625,2.5,16.0],"rotation":0,"texture":"#0","tintindex":0},"north":{"uv":[2.5,14.625,0.0,16.0],"rotation":0,"texture":"#0","tintindex":0},"west":{"uv":[5.0,4.625,5.625,5.0],"rotation":0,"texture":"#0","tintindex":0},"up":{"uv":[5.375,3.875,5.75,4.125],"rotation":180,"texture":"#0","tintindex":0},"down":{"uv":[5.375,3.875,5.75,4.125],"rotation":180,"texture":"#0","tintindex":0}}},{"from":[3.7142854,3.142857,3.7142854],"to":[3.7142854,6.5714283,12.285715],"rotation":{"angle":0.0,"axis":"y","origin":[8.0,4.8571424,3.7142854]},"faces":{"east":{"uv":[2.5,14.625,0.0,16.0],"rotation":0,"texture":"#0","tintindex":0},"south":{"uv":[5.125,4.625,5.75,5.0],"rotation":0,"texture":"#0","tintindex":0},"north":{"uv":[5.0,4.625,5.625,5.0],"rotation":0,"texture":"#0","tintindex":0},"west":{"uv":[0.0,14.625,2.5,16.0],"rotation":0,"texture":"#0","tintindex":0},"up":{"uv":[5.375,3.875,5.75,4.125],"rotation":270,"texture":"#0","tintindex":0},"down":{"uv":[5.375,3.875,5.75,4.125],"rotation":90,"texture":"#0","tintindex":0}}},{"from":[3.7142854,3.142857,3.7142854],"to":[12.285715,6.5714283,3.7142854],"rotation":{"angle":0.0,"axis":"y","origin":[-6.5714293,-5.4285717,-6.5714293]},"faces":{"east":{"uv":[5.0,4.625,5.625,5.0],"rotation":0,"texture":"#0","tintindex":0},"south":{"uv":[2.5,14.625,0.0,16.0],"rotation":0,"texture":"#0","tintindex":0},"north":{"uv":[0.0,14.625,2.5,16.0],"rotation":0,"texture":"#0","tintindex":0},"west":{"uv":[5.125,4.625,5.75,5.0],"rotation":0,"texture":"#0","tintindex":0},"up":{"uv":[5.375,3.875,5.75,4.125],"rotation":0,"texture":"#0","tintindex":0},"down":{"uv":[5.375,3.875,5.75,4.125],"rotation":0,"texture":"#0","tintindex":0}}}],"display":{"head":{"translation":[0.0,-6.4,0.0],"scale":[4.0,4.0,4.0]}}}