{"textures":{"1":"modelengine:entity/mammoth"},"elements":[{"from":[5.9714284,3.9835482,7.1492],"to":[9.914286,8.097835,10.920629],"rotation":{"angle":0.0,"axis":"y","origin":[8.0,5.897834,12.6634865]},"faces":{"east":{"uv":[9.75,11.5,10.1875,11.9375],"rotation":0,"texture":"#1","tintindex":0},"south":{"uv":[10.1875,11.5,10.625,11.9375],"rotation":0,"texture":"#1","tintindex":0},"north":{"uv":[9.3125,11.5,9.75,11.9375],"rotation":0,"texture":"#1","tintindex":0},"west":{"uv":[11.5,10.1875,11.9375,10.625],"rotation":0,"texture":"#1","tintindex":0},"up":{"uv":[12.0,0.6875,11.5625,0.25],"rotation":0,"texture":"#1","tintindex":0},"down":{"uv":[12.0,2.5625,11.5625,3.0],"rotation":0,"texture":"#1","tintindex":0}}},{"from":[6.3714285,1.2978339,7.1492],"to":[9.6285715,6.269263,10.292057],"rotation":{"angle":-22.5,"axis":"x","origin":[8.0,5.897834,12.6634865]},"faces":{"east":{"uv":[5.25,11.625,5.5625,12.1875],"rotation":0,"texture":"#1","tintindex":0},"south":{"uv":[6.4375,11.25,6.8125,11.8125],"rotation":0,"texture":"#1","tintindex":0},"north":{"uv":[0.0,11.25,0.375,11.8125],"rotation":0,"texture":"#1","tintindex":0},"west":{"uv":[5.5625,11.625,5.875,12.1875],"rotation":0,"texture":"#1","tintindex":0},"up":{"uv":[3.6875,12.3125,3.3125,12.0],"rotation":0,"texture":"#1","tintindex":0},"down":{"uv":[12.375,4.0625,12.0,4.375],"rotation":0,"texture":"#1","tintindex":0}}}],"display":{"head":{"translation":[0.0,-6.4,0.0],"scale":[4.0,4.0,4.0]}}}