{"textures":{"1":"modelengine:entity/mammoth"},"elements":[{"from":[7.1241827,5.285714,6.786354],"to":[8.781325,6.2285714,8.10064],"rotation":{"angle":0.0,"axis":"y","origin":[6.428571,3.9714284,10.3714285]},"faces":{"east":{"uv":[0.5,12.4375,0.625,12.5625],"rotation":0,"texture":"#1","tintindex":0},"south":{"uv":[12.375,10.3125,12.5625,10.4375],"rotation":0,"texture":"#1","tintindex":0},"north":{"uv":[12.375,10.1875,12.5625,10.3125],"rotation":0,"texture":"#1","tintindex":0},"west":{"uv":[0.625,12.4375,0.75,12.5625],"rotation":0,"texture":"#1","tintindex":0},"up":{"uv":[10.8125,12.5,10.625,12.375],"rotation":0,"texture":"#1","tintindex":0},"down":{"uv":[11.0,12.375,10.8125,12.5],"rotation":0,"texture":"#1","tintindex":0}}},{"from":[8.781325,5.3999996,6.9292116],"to":[9.438469,6.1714287,7.9292116],"rotation":{"angle":0.0,"axis":"y","origin":[10.242857,7.542857,7.957143]},"faces":{"east":{"uv":[10.9375,3.0,11.0625,3.0625],"rotation":0,"texture":"#1","tintindex":0},"south":{"uv":[7.0,11.3125,7.0625,11.375],"rotation":0,"texture":"#1","tintindex":0},"north":{"uv":[7.0,11.25,7.0625,11.3125],"rotation":0,"texture":"#1","tintindex":0},"west":{"uv":[11.3125,8.1875,11.4375,8.25],"rotation":0,"texture":"#1","tintindex":0},"up":{"uv":[11.0,4.25,10.9375,4.125],"rotation":0,"texture":"#1","tintindex":0},"down":{"uv":[10.9375,11.1875,10.875,11.3125],"rotation":0,"texture":"#1","tintindex":0}}},{"from":[9.436315,5.5329256,7.0720687],"to":[10.436315,6.1329255,7.786354],"rotation":{"angle":0.0,"axis":"y","origin":[9.2121315,8.090069,7.957143]},"faces":{"east":{"uv":[10.875,11.3125,10.9375,11.375],"rotation":0,"texture":"#1","tintindex":0},"south":{"uv":[11.75,2.25,11.875,2.3125],"rotation":0,"texture":"#1","tintindex":0},"north":{"uv":[7.8125,11.375,7.9375,11.4375],"rotation":0,"texture":"#1","tintindex":0},"west":{"uv":[11.375,5.9375,11.4375,6.0],"rotation":0,"texture":"#1","tintindex":0},"up":{"uv":[12.0,2.5625,11.875,2.5],"rotation":0,"texture":"#1","tintindex":0},"down":{"uv":[12.0,6.875,11.875,6.9375],"rotation":0,"texture":"#1","tintindex":0}}},{"from":[11.213377,5.5660915,7.214926],"to":[13.07052,6.1089487,7.7292113],"rotation":{"angle":-22.5,"axis":"z","origin":[10.869274,8.11864,7.9714284]},"faces":{"east":{"uv":[11.375,6.0,11.4375,6.0625],"rotation":0,"texture":"#1","tintindex":0},"south":{"uv":[0.9375,8.875,1.125,8.9375],"rotation":0,"texture":"#1","tintindex":0},"north":{"uv":[2.25,8.125,2.4375,8.1875],"rotation":0,"texture":"#1","tintindex":0},"west":{"uv":[11.4375,5.4375,11.5,5.5],"rotation":0,"texture":"#1","tintindex":0},"up":{"uv":[9.5,5.8125,9.3125,5.75],"rotation":0,"texture":"#1","tintindex":0},"down":{"uv":[1.25,9.5625,1.0625,9.625],"rotation":0,"texture":"#1","tintindex":0}}},{"from":[9.87052,2.2232342,7.2720685],"to":[14.013377,5.5660915,7.614926],"rotation":{"angle":-22.5,"axis":"z","origin":[10.869274,8.11864,7.9714284]},"faces":{"east":{"uv":[10.125,12.375,10.1875,12.75],"rotation":0,"texture":"#1","tintindex":0},"south":{"uv":[2.25,11.75,2.6875,12.125],"rotation":0,"texture":"#1","tintindex":0},"north":{"uv":[11.5,11.6875,11.9375,12.0625],"rotation":0,"texture":"#1","tintindex":0},"west":{"uv":[10.1875,12.375,10.25,12.75],"rotation":0,"texture":"#1","tintindex":0},"up":{"uv":[9.3125,5.8125,8.875,5.75],"rotation":0,"texture":"#1","tintindex":0},"down":{"uv":[1.6875,8.9375,1.25,9.0],"rotation":0,"texture":"#1","tintindex":0}}},{"from":[9.87052,-1.091052,7.2720685],"to":[14.013377,2.2518058,7.614926],"rotation":{"angle":-22.5,"axis":"z","origin":[10.869274,8.11864,7.9714284]},"faces":{"east":{"uv":[11.0,12.375,11.0625,12.75],"rotation":0,"texture":"#1","tintindex":0},"south":{"uv":[7.25,11.75,7.6875,12.125],"rotation":0,"texture":"#1","tintindex":0},"north":{"uv":[4.6875,11.75,5.125,12.125],"rotation":0,"texture":"#1","tintindex":0},"west":{"uv":[11.0625,12.375,11.125,12.75],"rotation":0,"texture":"#1","tintindex":0},"up":{"uv":[3.1875,9.0625,2.75,9.0],"rotation":0,"texture":"#1","tintindex":0},"down":{"uv":[5.25,9.375,4.8125,9.4375],"rotation":0,"texture":"#1","tintindex":0}}},{"from":[10.002892,1.1478453,7.277063],"to":[13.37432,4.4907026,7.614206],"rotation":{"angle":22.5,"axis":"z","origin":[13.551058,2.6473193,7.9714284]},"faces":{"east":{"uv":[11.75,12.375,11.8125,12.75],"rotation":0,"texture":"#1","tintindex":0},"south":{"uv":[11.9375,3.6875,12.3125,4.0625],"rotation":0,"texture":"#1","tintindex":0},"north":{"uv":[1.3125,11.9375,1.6875,12.3125],"rotation":0,"texture":"#1","tintindex":0},"west":{"uv":[11.8125,12.375,11.875,12.75],"rotation":0,"texture":"#1","tintindex":0},"up":{"uv":[10.9375,3.75,10.5625,3.6875],"rotation":0,"texture":"#1","tintindex":0},"down":{"uv":[11.4375,5.4375,11.0625,5.5],"rotation":0,"texture":"#1","tintindex":0}}},{"from":[9.213377,2.7660913,7.2720685],"to":[9.87052,4.7375197,7.614926],"rotation":{"angle":-22.5,"axis":"z","origin":[10.869274,8.11864,7.9714284]},"faces":{"east":{"uv":[10.3125,9.375,10.375,9.5625],"rotation":0,"texture":"#1","tintindex":0},"south":{"uv":[10.5,3.0625,10.5625,3.25],"rotation":0,"texture":"#1","tintindex":0},"north":{"uv":[10.125,5.5625,10.1875,5.75],"rotation":0,"texture":"#1","tintindex":0},"west":{"uv":[1.9375,10.875,2.0,11.0625],"rotation":0,"texture":"#1","tintindex":0},"up":{"uv":[11.5,7.25,11.4375,7.1875],"rotation":0,"texture":"#1","tintindex":0},"down":{"uv":[11.5,7.25,11.4375,7.3125],"rotation":0,"texture":"#1","tintindex":0}}},{"from":[13.611869,4.9760284,7.243497],"to":[14.840441,5.461743,7.7292113],"rotation":{"angle":-45.0,"axis":"z","origin":[12.82168,7.2326174,7.9714284]},"faces":{"east":{"uv":[11.5,0.25,11.5625,0.3125],"rotation":0,"texture":"#1","tintindex":0},"south":{"uv":[8.9375,12.0625,9.0625,12.125],"rotation":0,"texture":"#1","tintindex":0},"north":{"uv":[5.125,12.0625,5.25,12.125],"rotation":0,"texture":"#1","tintindex":0},"west":{"uv":[11.5,0.3125,11.5625,0.375],"rotation":0,"texture":"#1","tintindex":0},"up":{"uv":[11.875,12.125,11.75,12.0625],"rotation":0,"texture":"#1","tintindex":0},"down":{"uv":[12.25,2.1875,12.125,2.25],"rotation":0,"texture":"#1","tintindex":0}}},{"from":[11.502091,1.1188569,7.2720685],"to":[11.930663,4.6902857,7.70064],"rotation":{"angle":22.5,"axis":"z","origin":[12.82168,7.2326174,7.9714284]},"faces":{"east":{"uv":[11.9375,12.375,12.0,12.75],"rotation":0,"texture":"#1","tintindex":0},"south":{"uv":[12.0,12.375,12.0625,12.75],"rotation":0,"texture":"#1","tintindex":0},"north":{"uv":[11.875,12.375,11.9375,12.75],"rotation":0,"texture":"#1","tintindex":0},"west":{"uv":[12.0625,12.375,12.125,12.75],"rotation":0,"texture":"#1","tintindex":0},"up":{"uv":[10.6875,11.5625,10.625,11.5],"rotation":0,"texture":"#1","tintindex":0},"down":{"uv":[10.6875,11.5625,10.625,11.625],"rotation":0,"texture":"#1","tintindex":0}}}],"display":{"head":{"translation":[0.0,-6.4,0.0],"scale":[4.0,4.0,4.0]}}}