{"textures":{"0":"modelengine:entity/wu2"},"elements":[{"from":[7.520479,3.7299995,5.318367],"to":[11.520479,8.358571,9.775511],"rotation":{"angle":0.0,"axis":"y","origin":[10.949051,7.7871428,6.9183674]},"faces":{"east":{"uv":[8.54375,9.096875,8.685416,9.340625],"rotation":0,"texture":"#0","tintindex":0},"south":{"uv":[8.54375,9.096875,8.685416,9.340625],"rotation":0,"texture":"#0","tintindex":0},"north":{"uv":[8.54375,9.096875,8.685416,9.340625],"rotation":0,"texture":"#0","tintindex":0},"west":{"uv":[8.54375,9.096875,8.685416,9.340625],"rotation":0,"texture":"#0","tintindex":0},"up":{"uv":[8.54375,9.096875,8.685416,9.340625],"rotation":0,"texture":"#0","tintindex":0},"down":{"uv":[8.54375,9.096875,8.685416,9.340625],"rotation":0,"texture":"#0","tintindex":0}}},{"from":[7.863336,-2.155715,5.889796],"to":[11.520479,3.7871423,9.204082],"rotation":{"angle":0.0,"axis":"y","origin":[10.949051,7.7871428,6.9183674]},"faces":{"east":{"uv":[8.48125,10.690625,8.602083,10.996875],"rotation":0,"texture":"#0","tintindex":0},"south":{"uv":[8.48125,10.690625,8.602083,10.996875],"rotation":0,"texture":"#0","tintindex":0},"north":{"uv":[8.48125,10.690625,8.602083,10.996875],"rotation":0,"texture":"#0","tintindex":0},"west":{"uv":[8.48125,10.690625,8.602083,10.996875],"rotation":0,"texture":"#0","tintindex":0},"up":{"uv":[8.48125,10.690625,8.602083,10.996875],"rotation":0,"texture":"#0","tintindex":0},"down":{"uv":[8.48125,10.690625,8.602083,10.996875],"rotation":0,"texture":"#0","tintindex":0}}}],"display":{"head":{"translation":[0.0,-6.4,0.0],"scale":[4.0,4.0,4.0]}}}