{"textures":{"0":"modelengine:entity/wu2"},"elements":[{"from":[7.52048,8.72816,7.3784],"to":[8.47952,9.82928,8.6216],"rotation":{"angle":0.0,"axis":"y","origin":[11.67632,-9.20944,18.922401]},"faces":{"east":{"uv":[6.5645833,8.815625,6.608429,8.868239],"rotation":0,"texture":"#0","tintindex":0},"south":{"uv":[6.5645833,8.815625,6.608429,8.868239],"rotation":0,"texture":"#0","tintindex":0},"north":{"uv":[6.5645833,8.815625,6.608429,8.868239],"rotation":0,"texture":"#0","tintindex":0},"west":{"uv":[6.5645833,8.815625,6.608429,8.868239],"rotation":0,"texture":"#0","tintindex":0},"up":{"uv":[6.5645833,8.815625,6.608429,8.868239],"rotation":0,"texture":"#0","tintindex":0},"down":{"uv":[6.5645833,8.815625,6.608429,8.868239],"rotation":0,"texture":"#0","tintindex":0}}},{"from":[7.52048,7.44944,7.3784],"to":[8.47952,8.58608,8.6216],"rotation":{"angle":0.0,"axis":"y","origin":[11.67632,-9.20944,18.922401]},"faces":{"east":{"uv":[6.5645833,8.815625,6.608429,8.868239],"rotation":0,"texture":"#0","tintindex":0},"south":{"uv":[6.5645833,8.815625,6.608429,8.868239],"rotation":0,"texture":"#0","tintindex":0},"north":{"uv":[6.5645833,8.815625,6.608429,8.868239],"rotation":0,"texture":"#0","tintindex":0},"west":{"uv":[6.5645833,8.815625,6.608429,8.868239],"rotation":0,"texture":"#0","tintindex":0},"up":{"uv":[6.5645833,8.815625,6.608429,8.868239],"rotation":0,"texture":"#0","tintindex":0},"down":{"uv":[6.5645833,8.815625,6.608429,8.868239],"rotation":0,"texture":"#0","tintindex":0}}},{"from":[7.52048,6.09968,7.3784],"to":[8.47952,7.3073597,8.6216],"rotation":{"angle":0.0,"axis":"y","origin":[11.67632,-9.20944,18.922401]},"faces":{"east":{"uv":[6.5645833,8.815625,6.608429,8.868239],"rotation":0,"texture":"#0","tintindex":0},"south":{"uv":[6.5645833,8.815625,6.608429,8.868239],"rotation":0,"texture":"#0","tintindex":0},"north":{"uv":[6.5645833,8.815625,6.608429,8.868239],"rotation":0,"texture":"#0","tintindex":0},"west":{"uv":[6.5645833,8.815625,6.608429,8.868239],"rotation":0,"texture":"#0","tintindex":0},"up":{"uv":[6.5645833,8.815625,6.608429,8.868239],"rotation":0,"texture":"#0","tintindex":0},"down":{"uv":[6.5645833,8.815625,6.608429,8.868239],"rotation":0,"texture":"#0","tintindex":0}}}],"display":{"head":{"translation":[0.0,-6.4,0.0],"scale":[4.0,4.0,4.0]}}}