{"textures":{"0":"modelengine:entity/wu2"},"elements":[{"from":[9.594588,14.421944,4.6155825],"to":[10.269468,15.842743,5.1128626],"rotation":{"angle":-22.5,"axis":"y","origin":[9.288229,15.025784,6.3605027]},"faces":{"east":{"uv":[6.5645833,8.815625,6.608429,8.868239],"rotation":0,"texture":"#0","tintindex":0},"south":{"uv":[6.5645833,8.815625,6.608429,8.868239],"rotation":0,"texture":"#0","tintindex":0},"north":{"uv":[6.5645833,8.815625,6.608429,8.868239],"rotation":0,"texture":"#0","tintindex":0},"west":{"uv":[6.5645833,8.815625,6.608429,8.868239],"rotation":0,"texture":"#0","tintindex":0},"up":{"uv":[6.5645833,8.815625,6.608429,8.868239],"rotation":0,"texture":"#0","tintindex":0},"down":{"uv":[6.5645833,8.815625,6.608429,8.868239],"rotation":0,"texture":"#0","tintindex":0}}},{"from":[9.488029,14.457463,4.153823],"to":[10.162909,15.878263,4.651103],"rotation":{"angle":-22.5,"axis":"y","origin":[9.288229,15.025784,6.3605027]},"faces":{"east":{"uv":[9.73125,10.909375,9.747916,10.965625],"rotation":0,"texture":"#0","tintindex":0},"south":{"uv":[7.29375,14.596875,7.3104167,14.653125],"rotation":0,"texture":"#0","tintindex":0},"north":{"uv":[7.272917,14.596875,7.289583,14.653125],"rotation":0,"texture":"#0","tintindex":0},"west":{"uv":[7.3145833,14.596875,7.33125,14.653125],"rotation":0,"texture":"#0","tintindex":0},"up":{"uv":[9.789583,8.871875,9.772917,8.846875],"rotation":0,"texture":"#0","tintindex":0},"down":{"uv":[5.9354167,14.659375,5.91875,14.684375],"rotation":0,"texture":"#0","tintindex":0}}}],"display":{"head":{"translation":[0.0,-6.4,0.0],"scale":[4.0,4.0,4.0]}}}