{"textures":{"0":"modelengine:entity/wu2"},"elements":[{"from":[-4.4866953,2.9204297,9.206174],"to":[-3.50387,4.124611,10.27754],"rotation":{"angle":22.5,"axis":"z","origin":[-9.529203,5.7360883,9.741858]},"faces":{"east":{"uv":[7.73125,14.409375,7.76875,14.465625],"rotation":0,"texture":"#0","tintindex":0},"south":{"uv":[7.73125,14.409375,7.76875,14.465625],"rotation":0,"texture":"#0","tintindex":0},"north":{"uv":[7.73125,14.409375,7.76875,14.465625],"rotation":0,"texture":"#0","tintindex":0},"west":{"uv":[7.73125,14.409375,7.76875,14.465625],"rotation":0,"texture":"#0","tintindex":0},"up":{"uv":[7.73125,14.409375,7.76875,14.465625],"rotation":0,"texture":"#0","tintindex":0},"down":{"uv":[7.73125,14.409375,7.76875,14.465625],"rotation":0,"texture":"#0","tintindex":0}}},{"from":[-4.9666157,4.4561853,8.984817],"to":[-3.5410776,5.881723,10.27754],"rotation":{"angle":45.0,"axis":"z","origin":[-4.253847,5.168954,9.631179]},"faces":{"east":{"uv":[9.60625,12.846875,9.64375,12.903125],"rotation":0,"texture":"#0","tintindex":0},"south":{"uv":[9.60625,12.846875,9.64375,12.903125],"rotation":0,"texture":"#0","tintindex":0},"north":{"uv":[9.60625,12.846875,9.64375,12.903125],"rotation":0,"texture":"#0","tintindex":0},"west":{"uv":[9.60625,12.846875,9.64375,12.903125],"rotation":0,"texture":"#0","tintindex":0},"up":{"uv":[9.60625,12.846875,9.64375,12.903125],"rotation":0,"texture":"#0","tintindex":0},"down":{"uv":[9.60625,12.846875,9.64375,12.903125],"rotation":0,"texture":"#0","tintindex":0}}},{"from":[-7.341116,5.673648,8.069754],"to":[-4.5719423,6.435115,11.022654],"rotation":{"angle":45.0,"axis":"y","origin":[-5.0157633,5.44565,10.154935]},"faces":{"east":{"uv":[7.4395833,9.596875,7.539583,9.621875],"rotation":0,"texture":"#0","tintindex":0},"south":{"uv":[7.710417,8.659375,7.8104167,8.684375],"rotation":0,"texture":"#0","tintindex":0},"north":{"uv":[6.54375,9.409375,6.64375,9.434375],"rotation":0,"texture":"#0","tintindex":0},"west":{"uv":[8.689584,11.471875,8.789583,11.496875],"rotation":0,"texture":"#0","tintindex":0},"up":{"uv":[8.26875,13.653125,8.16875,13.503125],"rotation":0,"texture":"#0","tintindex":0},"down":{"uv":[8.935416,13.503125,8.835417,13.653125],"rotation":0,"texture":"#0","tintindex":0}}},{"from":[-7.9319057,3.6814365,7.3128366],"to":[-4.166627,6.6564717,10.376415],"rotation":{"angle":0.0,"axis":"y","origin":[-6.049266,5.44565,8.844625]},"faces":{"east":{"uv":[8.95625,13.121875,8.814584,12.971875],"rotation":0,"texture":"#0","tintindex":0},"south":{"uv":[8.95625,13.121875,8.814584,12.971875],"rotation":0,"texture":"#0","tintindex":0},"north":{"uv":[8.95625,13.121875,8.814584,12.971875],"rotation":0,"texture":"#0","tintindex":0},"west":{"uv":[8.95625,13.121875,8.814584,12.971875],"rotation":0,"texture":"#0","tintindex":0},"up":{"uv":[8.95625,13.121875,8.814584,12.971875],"rotation":0,"texture":"#0","tintindex":0},"down":{"uv":[8.95625,13.121875,8.814584,12.971875],"rotation":0,"texture":"#0","tintindex":0}}},{"from":[-5.3065157,6.8582883,10.568808],"to":[-4.6424456,7.398399,11.343555],"rotation":{"angle":22.5,"axis":"x","origin":[-6.854907,8.124449,10.938473]},"faces":{"east":{"uv":[6.85625,13.190625,6.89375,13.215625],"rotation":0,"texture":"#0","tintindex":0},"south":{"uv":[6.85625,13.190625,6.89375,13.215625],"rotation":0,"texture":"#0","tintindex":0},"north":{"uv":[6.85625,13.190625,6.89375,13.215625],"rotation":0,"texture":"#0","tintindex":0},"west":{"uv":[6.85625,13.190625,6.89375,13.215625],"rotation":0,"texture":"#0","tintindex":0},"up":{"uv":[6.85625,13.190625,6.89375,13.215625],"rotation":0,"texture":"#0","tintindex":0},"down":{"uv":[6.85625,13.190625,6.89375,13.215625],"rotation":0,"texture":"#0","tintindex":0}}},{"from":[-5.4171944,6.435115,10.86635],"to":[-4.531767,6.9752254,9.834827],"rotation":{"angle":22.5,"axis":"x","origin":[-7.298727,6.7051706,10.350589]},"faces":{"east":{"uv":[6.85625,13.190625,6.89375,13.215625],"rotation":0,"texture":"#0","tintindex":0},"south":{"uv":[6.85625,13.190625,6.89375,13.215625],"rotation":0,"texture":"#0","tintindex":0},"north":{"uv":[6.85625,13.190625,6.89375,13.215625],"rotation":0,"texture":"#0","tintindex":0},"west":{"uv":[6.85625,13.190625,6.89375,13.215625],"rotation":0,"texture":"#0","tintindex":0},"up":{"uv":[6.85625,13.190625,6.89375,13.215625],"rotation":0,"texture":"#0","tintindex":0},"down":{"uv":[6.85625,13.190625,6.89375,13.215625],"rotation":0,"texture":"#0","tintindex":0}}},{"from":[-5.195838,7.441534,10.462629],"to":[-4.753124,7.981645,11.016021],"rotation":{"angle":22.5,"axis":"x","origin":[-6.854907,7.600911,10.721617]},"faces":{"east":{"uv":[6.85625,13.190625,6.89375,13.215625],"rotation":0,"texture":"#0","tintindex":0},"south":{"uv":[6.85625,13.190625,6.89375,13.215625],"rotation":0,"texture":"#0","tintindex":0},"north":{"uv":[6.85625,13.190625,6.89375,13.215625],"rotation":0,"texture":"#0","tintindex":0},"west":{"uv":[6.85625,13.190625,6.89375,13.215625],"rotation":0,"texture":"#0","tintindex":0},"up":{"uv":[6.85625,13.190625,6.89375,13.215625],"rotation":0,"texture":"#0","tintindex":0},"down":{"uv":[6.85625,13.190625,6.89375,13.215625],"rotation":0,"texture":"#0","tintindex":0}}},{"from":[-7.7414417,6.435115,10.86635],"to":[-6.8560143,6.9752254,9.834827],"rotation":{"angle":22.5,"axis":"x","origin":[-7.298727,6.7051706,10.350589]},"faces":{"east":{"uv":[6.85625,13.190625,6.89375,13.215625],"rotation":0,"texture":"#0","tintindex":0},"south":{"uv":[6.85625,13.190625,6.89375,13.215625],"rotation":0,"texture":"#0","tintindex":0},"north":{"uv":[6.85625,13.190625,6.89375,13.215625],"rotation":0,"texture":"#0","tintindex":0},"west":{"uv":[6.85625,13.190625,6.89375,13.215625],"rotation":0,"texture":"#0","tintindex":0},"up":{"uv":[6.85625,13.190625,6.89375,13.215625],"rotation":0,"texture":"#0","tintindex":0},"down":{"uv":[6.85625,13.190625,6.89375,13.215625],"rotation":0,"texture":"#0","tintindex":0}}},{"from":[-7.630763,6.8582883,10.568808],"to":[-6.966693,7.398399,11.343555],"rotation":{"angle":22.5,"axis":"x","origin":[-6.854907,8.124449,10.938473]},"faces":{"east":{"uv":[6.85625,13.190625,6.89375,13.215625],"rotation":0,"texture":"#0","tintindex":0},"south":{"uv":[6.85625,13.190625,6.89375,13.215625],"rotation":0,"texture":"#0","tintindex":0},"north":{"uv":[6.85625,13.190625,6.89375,13.215625],"rotation":0,"texture":"#0","tintindex":0},"west":{"uv":[6.85625,13.190625,6.89375,13.215625],"rotation":0,"texture":"#0","tintindex":0},"up":{"uv":[6.85625,13.190625,6.89375,13.215625],"rotation":0,"texture":"#0","tintindex":0},"down":{"uv":[6.85625,13.190625,6.89375,13.215625],"rotation":0,"texture":"#0","tintindex":0}}},{"from":[-7.5200844,7.441534,10.462629],"to":[-7.0773706,7.981645,11.016021],"rotation":{"angle":22.5,"axis":"x","origin":[-6.854907,7.600911,10.721617]},"faces":{"east":{"uv":[6.85625,13.190625,6.89375,13.215625],"rotation":0,"texture":"#0","tintindex":0},"south":{"uv":[6.85625,13.190625,6.89375,13.215625],"rotation":0,"texture":"#0","tintindex":0},"north":{"uv":[6.85625,13.190625,6.89375,13.215625],"rotation":0,"texture":"#0","tintindex":0},"west":{"uv":[6.85625,13.190625,6.89375,13.215625],"rotation":0,"texture":"#0","tintindex":0},"up":{"uv":[6.85625,13.190625,6.89375,13.215625],"rotation":0,"texture":"#0","tintindex":0},"down":{"uv":[6.85625,13.190625,6.89375,13.215625],"rotation":0,"texture":"#0","tintindex":0}}},{"from":[-8.619003,4.4561853,8.984817],"to":[-7.1934643,5.881723,10.27754],"rotation":{"angle":-45.0,"axis":"z","origin":[-7.953825,5.168954,9.797196]},"faces":{"east":{"uv":[9.502084,14.409375,9.539583,14.465625],"rotation":0,"texture":"#0","tintindex":0},"south":{"uv":[9.502084,14.409375,9.539583,14.465625],"rotation":0,"texture":"#0","tintindex":0},"north":{"uv":[9.502084,14.409375,9.539583,14.465625],"rotation":0,"texture":"#0","tintindex":0},"west":{"uv":[9.502084,14.409375,9.539583,14.465625],"rotation":0,"texture":"#0","tintindex":0},"up":{"uv":[9.502084,14.409375,9.539583,14.465625],"rotation":0,"texture":"#0","tintindex":0},