{"textures":{"0":"modelengine:entity/wu2"},"elements":[{"from":[6.6427526,6.402228,7.1409826],"to":[9.391608,9.49469,8.51541],"rotation":{"angle":0.0,"axis":"y","origin":[-9.506771,-7.3420467,17.792797]},"faces":{"east":{"uv":[6.5645833,8.815625,6.6572857,8.890789],"rotation":0,"texture":"#0","tintindex":0},"south":{"uv":[6.5645833,8.815625,6.6572857,8.890789],"rotation":0,"texture":"#0","tintindex":0},"north":{"uv":[6.5645833,8.815625,6.6572857,8.890789],"rotation":0,"texture":"#0","tintindex":0},"west":{"uv":[6.5645833,8.815625,6.6572857,8.890789],"rotation":0,"texture":"#0","tintindex":0},"up":{"uv":[6.5645833,8.815625,6.6572857,8.890789],"rotation":0,"texture":"#0","tintindex":0},"down":{"uv":[6.5645833,8.815625,6.6572857,8.890789],"rotation":0,"texture":"#0","tintindex":0}}},{"from":[6.7114744,6.470949,7.4845896],"to":[9.254165,9.632133,8.859017],"rotation":{"angle":0.0,"axis":"y","origin":[-8.819557,-8.372868,17.449188]},"faces":{"east":{"uv":[6.5645833,8.815625,6.6572857,8.890789],"rotation":0,"texture":"#0","tintindex":0},"south":{"uv":[6.5645833,8.815625,6.6572857,8.890789],"rotation":0,"texture":"#0","tintindex":0},"north":{"uv":[6.5645833,8.815625,6.6572857,8.890789],"rotation":0,"texture":"#0","tintindex":0},"west":{"uv":[6.5645833,8.815625,6.6572857,8.890789],"rotation":0,"texture":"#0","tintindex":0},"up":{"uv":[6.5645833,8.815625,6.6572857,8.890789],"rotation":0,"texture":"#0","tintindex":0},"down":{"uv":[6.5645833,8.815625,6.6572857,8.890789],"rotation":0,"texture":"#0","tintindex":0}}}],"display":{"head":{"translation":[0.0,-6.4,0.0],"scale":[4.0,4.0,4.0]}}}