{"textures":{"0":"modelengine:entity/wu2"},"elements":[{"from":[6.5788736,7.347147,6.7336154],"to":[7.3004484,8.652853,8.142404],"rotation":{"angle":22.5,"axis":"y","origin":[7.2746778,8.386558,5.6297784]},"faces":{"east":{"uv":[6.5645833,8.815625,6.608429,8.868239],"rotation":0,"texture":"#0","tintindex":0},"south":{"uv":[6.5645833,8.815625,6.608429,8.868239],"rotation":0,"texture":"#0","tintindex":0},"north":{"uv":[6.5645833,8.815625,6.608429,8.868239],"rotation":0,"texture":"#0","tintindex":0},"west":{"uv":[6.5645833,8.815625,6.608429,8.868239],"rotation":0,"texture":"#0","tintindex":0},"up":{"uv":[6.5645833,8.815625,6.608429,8.868239],"rotation":0,"texture":"#0","tintindex":0},"down":{"uv":[6.5645833,8.815625,6.608429,8.868239],"rotation":0,"texture":"#0","tintindex":0}}}],"display":{"head":{"translation":[0.0,-6.4,0.0],"scale":[4.0,4.0,4.0]}}}