{"textures":{"0":"modelengine:entity/wu2"},"elements":[{"from":[5.2294397,6.1857767,5.700324],"to":[8.07104,9.382577,7.1211243],"rotation":{"angle":0.0,"axis":"y","origin":[8.63936,-8.022224,16.711525]},"faces":{"east":{"uv":[6.5645833,8.815625,6.6572857,8.890789],"rotation":0,"texture":"#0","tintindex":0},"south":{"uv":[6.5645833,8.815625,6.6572857,8.890789],"rotation":0,"texture":"#0","tintindex":0},"north":{"uv":[6.5645833,8.815625,6.6572857,8.890789],"rotation":0,"texture":"#0","tintindex":0},"west":{"uv":[6.5645833,8.815625,6.6572857,8.890789],"rotation":0,"texture":"#0","tintindex":0},"up":{"uv":[6.5645833,8.815625,6.6572857,8.890789],"rotation":0,"texture":"#0","tintindex":0},"down":{"uv":[6.5645833,8.815625,6.6572857,8.890789],"rotation":0,"texture":"#0","tintindex":0}}},{"from":[5.30048,6.256817,6.0555243],"to":[7.92896,9.524656,7.4763246],"rotation":{"angle":0.0,"axis":"y","origin":[9.34976,-9.087824,16.356325]},"faces":{"east":{"uv":[6.5645833,8.815625,6.6572857,8.890789],"rotation":0,"texture":"#0","tintindex":0},"south":{"uv":[6.5645833,8.815625,6.6572857,8.890789],"rotation":0,"texture":"#0","tintindex":0},"north":{"uv":[6.5645833,8.815625,6.6572857,8.890789],"rotation":0,"texture":"#0","tintindex":0},"west":{"uv":[6.5645833,8.815625,6.6572857,8.890789],"rotation":0,"texture":"#0","tintindex":0},"up":{"uv":[6.5645833,8.815625,6.6572857,8.890789],"rotation":0,"texture":"#0","tintindex":0},"down":{"uv":[6.5645833,8.815625,6.6572857,8.890789],"rotation":0,"texture":"#0","tintindex":0}}}],"display":{"head":{"translation":[0.0,-6.4,0.0],"scale":[4.0,4.0,4.0]}}}