{"textures":{"0":"modelengine:entity/wu2"},"elements":[{"from":[2.162891,7.563927,-2.1485949],"to":[4.8213863,8.436073,0.5829487],"rotation":{"angle":45.0,"axis":"y","origin":[13.383844,10.213568,8.832187]},"faces":{"east":{"uv":[7.210417,12.971875,7.3104167,13.028125],"rotation":0,"texture":"#0","tintindex":0},"south":{"uv":[9.460417,10.846875,9.560416,10.903125],"rotation":0,"texture":"#0","tintindex":0},"north":{"uv":[5.710417,12.096875,5.8104167,12.153125],"rotation":0,"texture":"#0","tintindex":0},"west":{"uv":[9.460417,11.846875,9.560416,11.903125],"rotation":0,"texture":"#0","tintindex":0},"up":{"uv":[9.122916,9.778125,9.022917,9.628125],"rotation":0,"texture":"#0","tintindex":0},"down":{"uv":[9.460417,11.846875,9.560416,11.903125],"rotation":0,"texture":"#0","tintindex":0}}}],"display":{"head":{"translation":[0.0,-6.4,0.0],"scale":[4.0,4.0,4.0]}}}