{"textures":{"0":"modelengine:entity/wu2"},"elements":[{"from":[5.3280973,-5.6954145,7.8062263],"to":[10.448098,9.664587,7.977655],"rotation":{"angle":0.0,"axis":"y","origin":[7.5223837,6.0074434,7.977655]},"faces":{"east":{"uv":[5.335417,8.003125,5.335417,8.840625],"rotation":0,"texture":"#0","tintindex":0},"south":{"uv":[5.522917,9.065625,5.70625,9.903125],"rotation":0,"texture":"#0","tintindex":0},"north":{"uv":[5.522917,9.065625,5.70625,9.903125],"rotation":0,"texture":"#0","tintindex":0},"west":{"uv":[5.335417,8.003125,5.335417,8.840625],"rotation":0,"texture":"#0","tintindex":0},"up":{"uv":[5.51875,8.003125,5.335417,8.003125],"rotation":0,"texture":"#0","tintindex":0},"down":{"uv":[5.51875,8.003125,5.335417,8.003125],"rotation":0,"texture":"#0","tintindex":0}}},{"from":[6.606635,-1.5847845,8.024192],"to":[9.371435,6.709615,8.195621],"rotation":{"angle":0.0,"axis":"y","origin":[7.791549,4.734758,8.195621]},"faces":{"east":{"uv":[5.335417,8.003125,5.335417,8.465625],"rotation":0,"texture":"#0","tintindex":0},"south":{"uv":[8.210417,8.221875,8.310416,8.684375],"rotation":0,"texture":"#0","tintindex":0},"north":{"uv":[8.189584,10.503125,8.289583,10.965625],"rotation":0,"texture":"#0","tintindex":0},"west":{"uv":[5.335417,8.003125,5.335417,8.465625],"rotation":0,"texture":"#0","tintindex":0},"up":{"uv":[5.4354167,8.003125,5.335417,8.003125],"rotation":0,"texture":"#0","tintindex":0},"down":{"uv":[5.4354167,8.003125,5.335417,8.003125],"rotation":0,"texture":"#0","tintindex":0}}},{"from":[8.74708,-3.3010263,7.9846945],"to":[10.721937,-1.326169,8.156123],"rotation":{"angle":-45.0,"axis":"z","origin":[9.7345085,0.17472267,8.156123]},"faces":{"east":{"uv":[5.335417,8.003125,5.335417,8.090625],"rotation":0,"texture":"#0","tintindex":0},"south":{"uv":[9.522917,11.315625,9.58125,11.403125],"rotation":0,"texture":"#0","tintindex":0},"north":{"uv":[7.522917,14.284375,7.58125,14.371875],"rotation":0,"texture":"#0","tintindex":0},"west":{"uv":[5.335417,8.003125,5.335417,8.090625],"rotation":0,"texture":"#0","tintindex":0},"up":{"uv":[5.39375,8.003125,5.335417,8.003125],"rotation":0,"texture":"#0","tintindex":0},"down":{"uv":[5.39375,8.003125,5.335417,8.003125],"rotation":0,"texture":"#0","tintindex":0}}},{"from":[9.291883,-8.873638,7.904512],"to":[12.949027,-5.2164946,7.904512],"rotation":{"angle":-45.0,"axis":"z","origin":[11.120456,-2.4370651,7.904512]},"faces":{"east":{"uv":[5.335417,8.003125,5.335417,8.184375],"rotation":0,"texture":"#0","tintindex":0},"south":{"uv":[7.35625,13.190625,7.477083,13.371875],"rotation":0,"texture":"#0","tintindex":0},"north":{"uv":[7.35625,13.190625,7.477083,13.371875],"rotation":90,"texture":"#0","tintindex":0},"west":{"uv":[5.335417,8.003125,5.335417,8.184375],"rotation":0,"texture":"#0","tintindex":0},"up":{"uv":[5.45625,8.003125,5.335417,8.003125],"rotation":0,"texture":"#0","tintindex":0},"down":{"uv":[5.45625,8.003125,5.335417,8.003125],"rotation":0,"texture":"#0","tintindex":0}}},{"from":[7.507205,6.3651834,8.022065],"to":[7.8038898,8.503889,8.158124],"rotation":{"angle":0.0,"axis":"y","origin":[18.261263,7.022693,8.126666]},"faces":{"east":{"uv":[8.54375,13.253125,8.560416,13.371875],"rotation":0,"texture":"#0","tintindex":0},"south":{"uv":[8.54375,13.253125,8.560416,13.371875],"rotation":0,"texture":"#0","tintindex":0},"north":{"uv":[8.54375,13.253125,8.560416,13.371875],"rotation":0,"texture":"#0","tintindex":0},"west":{"uv":[8.54375,13.253125,8.560416,13.371875],"rotation":0,"texture":"#0","tintindex":0},"up":{"uv":[8.54375,13.253125,8.560416,13.371875],"rotation":0,"texture":"#0","tintindex":0},"down":{"uv":[8.54375,13.253125,8.560416,13.371875],"rotation":0,"texture":"#0","tintindex":0}}},{"from":[8.311776,6.3651834,8.022065],"to":[8.608461,8.503889,8.158124],"rotation":{"angle":0.0,"axis":"y","origin":[19.065834,7.022693,8.126666]},"faces":{"east":{"uv":[7.210417,13.878125,7.227083,13.996875],"rotation":0,"texture":"#0","tintindex":0},"south":{"uv":[7.210417,13.878125,7.227083,13.996875],"rotation":0,"texture":"#0","tintindex":0},"north":{"uv":[7.210417,13.878125,7.227083,13.996875],"rotation":0,"texture":"#0","tintindex":0},"west":{"uv":[7.210417,13.878125,7.227083,13.996875],"rotation":0,"texture":"#0","tintindex":0},"up":{"uv":[7.210417,13.878125,7.227083,13.996875],"rotation":0,"texture":"#0","tintindex":0},"down":{"uv":[7.210417,13.878125,7.227083,13.996875],"rotation":0,"texture":"#0","tintindex":0}}},{"from":[10.072778,2.8888626,7.4369226],"to":[10.30977,3.478119,8.158124],"rotation":{"angle":-22.5,"axis":"z","origin":[18.626976,7.2421217,8.126666]},"faces":{"east":{"uv":[9.460417,14.628125,9.477083,14.653125],"rotation":0,"texture":"#0","tintindex":0},"south":{"uv":[9.460417,14.628125,9.477083,14.653125],"rotation":0,"texture":"#0","tintindex":0},"north":{"uv":[9.460417,14.628125,9.477083,14.653125],"rotation":0,"texture":"#0","tintindex":0},"west":{"uv":[9.460417,14.628125,9.477083,14.653125],"rotation":0,"texture":"#0","tintindex":0},"up":{"uv":[9.460417,14.628125,9.477083,14.653125],"rotation":0,"texture":"#0","tintindex":0},"down":{"uv":[9.460417,14.628125,9.477083,14.653125],"rotation":0,"texture":"#0","tintindex":0}}},{"from":[9.265466,6.9474936,7.4369226],"to":[9.502458,7.53675,8.158124],"rotation":{"angle":0.0,"axis":"y","origin":[18.626976,7.2421217,8.126666]},"faces":{"east":{"uv":[9.585417,14.628125,9.602083,14.653125],"rotation":0,"texture":"#0","tintindex":0},"south":{"uv":[9.585417,14.628125,9.602083,14.653125],"rotation":0,"texture":"#0","tintindex":0},"north":{"uv":[9.585417,14.628125,9.602083,14.653125],"rotation":0,"texture":"#0","tintindex":0},"west":{"uv":[9.585417,14.628125,9.602083,14.653125],"rotation":0,"texture":"#0","tintindex":0},"up":{"uv":[9.585417,14.628125,9.602083,14.653125],"rotation":0,"texture":"#0","tintindex":0},"down":{"uv":[9.585417,14.628125,9.602083,14.653125],"rotation":0,"texture":"#0","tintindex":0}}},{"from":[10.072778,11.006125,7.4369226],"to":[10.30977,11.595382,8.158124],"rotation":{"angle":22.5,"axis":"z","origin":[18.626976,7.2421217,8.126666]},"faces":{"east":{"uv":[9.522917,14.628125,9.539583,14.653125],"rotation":0,"texture":"#0","tintindex":0},"south":{"uv":[9.522917,14.628125,9.539583,14.653125],"rotation":0,"texture":"#0","tintindex":0},"north":{"uv":[9.522917,14.628125,9.539583,14.653125],"rotation":0,"texture":"#0","tintindex":0},"west":{"uv":[9.522917,14.628125,9.539583,14.653125],"rotation":0,"texture":"#0","tintindex":0},"up":{"uv":[9.522917,14.628125,9.539583,14.653125],"rotation":0,"texture":"#0","tintindex":0},"down":{"uv":[9.522917,14.628125,9.539583,14.653125],"rotation":0,"texture":"#0","tintindex":0}}},{"from":[10.832975,0.98695326,8.022065],"to":[11.422232,1.2239447,8.158124],"rotation":{"angle":-45.0,"axis":"z","origin":[18.626976,7.2421217,8.126666]},"faces":{"east":{"uv":[8.897917,14.628125,8.914583,14.653125],"rotation":0,"texture":"#0","tintindex":0},"south":{"uv":[8.897917,14.628125,8.914583,14.653125],"rotation":0,"texture":"#0","tintindex":0},"north":{"uv":[8.897917,14.628125,8.914583,14.653125],"rotation":0,"texture":"#0","tintindex":0},"west":{"uv":[8.897917,14.628125,8.914583,14.653125],"rotation":0,"texture":"#0","tintindex":0},"up":{"uv":[8.897917,14.628125,8.914583,14.653125],"rotation":0,"texture":"#0","tintindex":0},"down":{"uv":[8.897917,14.628125,8.914583,14.653125],"rotation":0,"texture":"#0","tintindex":0}}},{"from":[7.3473783,11.006125,8.022065],"to":[7.584369,11.595382,8.158124],"rotation":{"angle":22.5,"axis":"z","origin":[18.626976,7.2421217,8.126666]},"faces":{"east":{"uv":[9.397917,14.628125,9.414583,14.653125],"rotation":0,"texture":"#0","tintindex":0},"south":{"uv":[9.397917,14.628125,9.414583,14.653125],"rotation":0,"texture":"#0","tintindex":0},"north":{"uv":[9.397917,14.628125,9.414583,14.653125],"rotation":0,"texture":"#0","tintindex":0},"west":{"uv":[9.397917,14.628125,9.414583,14.653125],"rotation":0,"texture":"#0","tintindex":0},"up":{"uv":[9.397917,14.628125,9.414583,14.653125],"rotation":0,