{"textures":{"0":"modelengine:entity/wu2"},"elements":[{"from":[10.127389,14.1022625,3.8696628],"to":[10.979869,15.665143,5.645663],"rotation":{"angle":-22.5,"axis":"y","origin":[9.856548,14.7771435,5.117303]},"faces":{"east":{"uv":[6.5645833,8.815625,6.608429,8.868239],"rotation":0,"texture":"#0","tintindex":0},"south":{"uv":[6.5645833,8.815625,6.608429,8.868239],"rotation":0,"texture":"#0","tintindex":0},"north":{"uv":[6.5645833,8.815625,6.608429,8.868239],"rotation":0,"texture":"#0","tintindex":0},"west":{"uv":[6.5645833,8.815625,6.608429,8.868239],"rotation":0,"texture":"#0","tintindex":0},"up":{"uv":[6.5645833,8.815625,6.608429,8.868239],"rotation":0,"texture":"#0","tintindex":0},"down":{"uv":[6.5645833,8.815625,6.608429,8.868239],"rotation":0,"texture":"#0","tintindex":0}}}],"display":{"head":{"translation":[0.0,-6.4,0.0],"scale":[4.0,4.0,4.0]}}}