{"textures":{"0":"modelengine:entity/wu2"},"elements":[{"from":[11.192988,14.670584,4.153823],"to":[11.867868,15.807222,5.894303],"rotation":{"angle":-22.5,"axis":"y","origin":[10.886629,14.919223,3.9451427]},"faces":{"east":{"uv":[9.585417,11.440625,9.64375,11.496875],"rotation":0,"texture":"#0","tintindex":0},"south":{"uv":[7.335417,14.596875,7.352083,14.653125],"rotation":0,"texture":"#0","tintindex":0},"north":{"uv":[9.73125,10.971875,9.747916,11.028125],"rotation":0,"texture":"#0","tintindex":0},"west":{"uv":[9.585417,11.909375,9.64375,11.965625],"rotation":0,"texture":"#0","tintindex":0},"up":{"uv":[5.5604167,14.653125,5.54375,14.565625],"rotation":0,"texture":"#0","tintindex":0},"down":{"uv":[9.727083,8.315625,9.710417,8.403125],"rotation":0,"texture":"#0","tintindex":0}}}],"display":{"head":{"translation":[0.0,-6.4,0.0],"scale":[4.0,4.0,4.0]}}}