{"textures":{"0":"modelengine:entity/wu2"},"elements":[{"from":[7.5189505,8.761662,6.8272595],"to":[8.48105,9.723761,8.029883],"rotation":{"angle":0.0,"axis":"y","origin":[-10.005001,-8.556126,19.197107]},"faces":{"east":{"uv":[6.5645833,8.815625,6.608429,8.868239],"rotation":0,"texture":"#0","tintindex":0},"south":{"uv":[6.5645833,8.815625,6.608429,8.868239],"rotation":0,"texture":"#0","tintindex":0},"north":{"uv":[6.5645833,8.815625,6.608429,8.868239],"rotation":0,"texture":"#0","tintindex":0},"west":{"uv":[6.5645833,8.815625,6.608429,8.868239],"rotation":0,"texture":"#0","tintindex":0},"up":{"uv":[6.5645833,8.815625,6.608429,8.868239],"rotation":0,"texture":"#0","tintindex":0},"down":{"uv":[6.5645833,8.815625,6.608429,8.868239],"rotation":0,"texture":"#0","tintindex":0}}},{"from":[7.5189505,7.5246773,6.8272595],"to":[8.48105,8.486776,8.029883],"rotation":{"angle":0.0,"axis":"y","origin":[-10.005001,-8.556126,19.197107]},"faces":{"east":{"uv":[6.5645833,8.815625,6.608429,8.868239],"rotation":0,"texture":"#0","tintindex":0},"south":{"uv":[6.5645833,8.815625,6.608429,8.868239],"rotation":0,"texture":"#0","tintindex":0},"north":{"uv":[6.5645833,8.815625,6.608429,8.868239],"rotation":0,"texture":"#0","tintindex":0},"west":{"uv":[6.5645833,8.815625,6.608429,8.868239],"rotation":0,"texture":"#0","tintindex":0},"up":{"uv":[6.5645833,8.815625,6.608429,8.868239],"rotation":0,"texture":"#0","tintindex":0},"down":{"uv":[6.5645833,8.815625,6.608429,8.868239],"rotation":0,"texture":"#0","tintindex":0}}},{"from":[7.5189505,6.2189713,6.8272595],"to":[8.48105,7.2841525,8.029883],"rotation":{"angle":0.0,"axis":"y","origin":[-10.005001,-8.556126,19.197107]},"faces":{"east":{"uv":[6.5645833,8.815625,6.608429,8.873878],"rotation":0,"texture":"#0","tintindex":0},"south":{"uv":[6.5645833,8.815625,6.608429,8.873878],"rotation":0,"texture":"#0","tintindex":0},"north":{"uv":[6.5645833,8.815625,6.608429,8.873878],"rotation":0,"texture":"#0","tintindex":0},"west":{"uv":[6.5645833,8.815625,6.608429,8.873878],"rotation":0,"texture":"#0","tintindex":0},"up":{"uv":[6.5645833,8.815625,6.608429,8.873878],"rotation":0,"texture":"#0","tintindex":0},"down":{"uv":[6.5645833,8.815625,6.608429,8.873878],"rotation":0,"texture":"#0","tintindex":0}}}],"display":{"head":{"translation":[0.0,-6.4,0.0],"scale":[4.0,4.0,4.0]}}}