{"textures":{"0":"modelengine:entity/wu2"},"elements":[{"from":[6.8626084,7.347147,6.0408473],"to":[7.584183,8.652853,7.758882],"rotation":{"angle":22.5,"axis":"y","origin":[7.7645764,8.386558,6.620684]},"faces":{"east":{"uv":[6.5645833,8.815625,6.608429,8.868239],"rotation":0,"texture":"#0","tintindex":0},"south":{"uv":[6.5645833,8.815625,6.608429,8.868239],"rotation":0,"texture":"#0","tintindex":0},"north":{"uv":[6.5645833,8.815625,6.608429,8.868239],"rotation":0,"texture":"#0","tintindex":0},"west":{"uv":[6.5645833,8.815625,6.608429,8.868239],"rotation":0,"texture":"#0","tintindex":0},"up":{"uv":[6.5645833,8.815625,6.608429,8.868239],"rotation":0,"texture":"#0","tintindex":0},"down":{"uv":[6.5645833,8.815625,6.608429,8.868239],"rotation":0,"texture":"#0","tintindex":0}}}],"display":{"head":{"translation":[0.0,-6.4,0.0],"scale":[4.0,4.0,4.0]}}}