{"textures":{"0":"modelengine:entity/wu2"},"elements":[{"from":[0.21089363,6.901744,6.234514],"to":[6.430414,8.773104,10.315886],"rotation":{"angle":0.0,"axis":"y","origin":[3.045454,6.791664,8.2752]},"faces":{"east":{"uv":[8.29375,13.721875,8.435416,13.809375],"rotation":0,"texture":"#0","tintindex":0},"south":{"uv":[8.835417,8.503125,9.060416,8.590625],"rotation":0,"texture":"#0","tintindex":0},"north":{"uv":[8.772917,9.909375,8.997916,9.996875],"rotation":0,"texture":"#0","tintindex":0},"west":{"uv":[8.439584,13.721875,8.58125,13.809375],"rotation":0,"texture":"#0","tintindex":0},"up":{"uv":[7.08125,12.371875,6.85625,12.159375],"rotation":0,"texture":"#0","tintindex":0},"down":{"uv":[10.352083,12.065625,10.127084,12.278125],"rotation":0,"texture":"#0","tintindex":0}}},{"from":[3.1554422,10.044907,9.32096],"to":[5.6872826,11.365867,10.53184],"rotation":{"angle":0.0,"axis":"y","origin":[9.583908,8.017997,8.19264]},"faces":{"east":{"uv":[7.35625,14.534375,7.39375,14.590625],"rotation":0,"texture":"#0","tintindex":0},"south":{"uv":[9.54375,8.909375,9.622916,8.965625],"rotation":0,"texture":"#0","tintindex":0},"north":{"uv":[9.54375,8.659375,9.622916,8.715625],"rotation":0,"texture":"#0","tintindex":0},"west":{"uv":[9.689584,11.034375,9.727083,11.090625],"rotation":0,"texture":"#0","tintindex":0},"up":{"uv":[9.622916,8.840625,9.54375,8.784375],"rotation":0,"texture":"#0","tintindex":0},"down":{"uv":[9.622916,8.846875,9.54375,8.903125],"rotation":0,"texture":"#0","tintindex":0}}},{"from":[3.1554422,10.044907,5.85344],"to":[5.6872826,11.365867,7.06432],"rotation":{"angle":0.0,"axis":"y","origin":[9.583908,8.017997,8.19264]},"faces":{"east":{"uv":[7.397917,14.534375,7.4354167,14.590625],"rotation":0,"texture":"#0","tintindex":0},"south":{"uv":[9.54375,8.971875,9.622916,9.028125],"rotation":0,"texture":"#0","tintindex":0},"north":{"uv":[9.54375,8.909375,9.622916,8.965625],"rotation":0,"texture":"#0","tintindex":0},"west":{"uv":[7.4395833,14.534375,7.477083,14.590625],"rotation":0,"texture":"#0","tintindex":0},"up":{"uv":[9.622916,9.090625,9.54375,9.034375],"rotation":0,"texture":"#0","tintindex":0},"down":{"uv":[9.622916,9.096875,9.54375,9.153125],"rotation":0,"texture":"#0","tintindex":0}}},{"from":[3.3205624,9.824747,6.18368],"to":[5.1368823,10.650347,6.73408],"rotation":{"angle":22.5,"axis":"z","origin":[4.4213624,10.705387,8.19264]},"faces":{"east":{"uv":[9.772917,8.878125,9.789583,8.903125],"rotation":0,"texture":"#0","tintindex":0},"south":{"uv":[9.710417,8.409375,9.76875,8.434375],"rotation":0,"texture":"#0","tintindex":0},"north":{"uv":[5.5645833,14.565625,5.6229167,14.590625],"rotation":0,"texture":"#0","tintindex":0},"west":{"uv":[5.9395833,14.659375,5.95625,14.684375],"rotation":0,"texture":"#0","tintindex":0},"up":{"uv":[5.6854167,14.590625,5.6270833,14.565625],"rotation":0,"texture":"#0","tintindex":0},"down":{"uv":[9.76875,8.440625,9.710417,8.465625],"rotation":0,"texture":"#0","tintindex":0}}},{"from":[3.3205624,9.824747,9.81632],"to":[5.1368823,10.650347,10.36672],"rotation":{"angle":22.5,"axis":"z","origin":[4.4213624,10.705387,8.19264]},"faces":{"east":{"uv":[9.772917,8.909375,9.789583,8.934375],"rotation":0,"texture":"#0","tintindex":0},"south":{"uv":[5.6895833,14.565625,5.7479167,14.590625],"rotation":0,"texture":"#0","tintindex":0},"north":{"uv":[9.710417,8.471875,9.76875,8.496875],"rotation":0,"texture":"#0","tintindex":0},"west":{"uv":[5.960417,14.659375,5.977083,14.684375],"rotation":0,"texture":"#0","tintindex":0},"up":{"uv":[9.76875,8.590625,9.710417,8.565625],"rotation":0,"texture":"#0","tintindex":0},"down":{"uv":[5.8104167,14.565625,5.7520833,14.590625],"rotation":0,"texture":"#0","tintindex":0}}},{"from":[3.3205624,9.824747,9.6512],"to":[5.1368823,10.650347,10.2016],"rotation":{"angle":22.5,"axis":"z","origin":[4.4213624,10.705387,8.19264]},"faces":{"east":{"uv":[9.772917,8.940625,9.789583,8.965625],"rotation":0,"texture":"#0","tintindex":0},"south":{"uv":[9.710417,8.690625,9.76875,8.715625],"rotation":0,"texture":"#0","tintindex":0},"north":{"uv":[9.710417,8.659375,9.76875,8.684375],"rotation":0,"texture":"#0","tintindex":0},"west":{"uv":[5.98125,14.659375,5.9979167,14.684375],"rotation":0,"texture":"#0","tintindex":0},"up":{"uv":[5.8729167,14.590625,5.8145833,14.565625],"rotation":0,"texture":"#0","tintindex":0},"down":{"uv":[9.76875,8.721875,9.710417,8.746875],"rotation":0,"texture":"#0","tintindex":0}}},{"from":[2.2073894,10.605104,6.12864],"to":[5.0144296,12.256304,10.421761],"rotation":{"angle":22.5,"axis":"z","origin":[8.569626,7.72064,8.2752]},"faces":{"east":{"uv":[9.10625,11.284375,9.26875,11.371875],"rotation":0,"texture":"#0","tintindex":0},"south":{"uv":[9.314584,12.784375,9.414583,12.871875],"rotation":0,"texture":"#0","tintindex":0},"north":{"uv":[9.314584,12.784375,9.414583,12.871875],"rotation":0,"texture":"#0","tintindex":0},"west":{"uv":[9.127084,9.315625,9.289583,9.403125],"rotation":0,"texture":"#0","tintindex":0},"up":{"uv":[6.14375,13.434375,6.04375,13.190625],"rotation":0,"texture":"#0","tintindex":0},"down":{"uv":[6.2479167,13.190625,6.147917,13.434375],"rotation":0,"texture":"#0","tintindex":0}}},{"from":[3.4856825,7.843307,6.23872],"to":[6.0175223,10.485227,10.31168],"rotation":{"angle":0.0,"axis":"y","origin":[11.290148,7.5501566,8.2752]},"faces":{"east":{"uv":[8.877084,9.628125,9.01875,9.778125],"rotation":0,"texture":"#0","tintindex":0},"south":{"uv":[9.16875,13.815625,9.247916,13.965625],"rotation":0,"texture":"#0","tintindex":0},"north":{"uv":[9.085417,13.815625,9.164583,13.965625],"rotation":0,"texture":"#0","tintindex":0},"west":{"uv":[8.85625,13.346875,8.997916,13.496875],"rotation":0,"texture":"#0","tintindex":0},"up":{"uv":[6.58125,11.621875,6.5020833,11.409375],"rotation":0,"texture":"#0","tintindex":0},"down":{"uv":[7.4354167,11.909375,7.35625,12.121875],"rotation":0,"texture":"#0","tintindex":0}}},{"from":[0.04964018,7.7385902,5.6883197],"to":[5.2234006,9.49987,10.86208],"rotation":{"angle":0.0,"axis":"y","origin":[29.594906,-11.4608,8.0]},"faces":{"east":{"uv":[8.98125,10.284375,9.164583,10.371875],"rotation":0,"texture":"#0","tintindex":0},"south":{"uv":[8.98125,9.784375,9.164583,9.871875],"rotation":0,"texture":"#0","tintindex":0},"north":{"uv":[8.98125,9.784375,9.164583,9.871875],"rotation":0,"texture":"#0","tintindex":0},"west":{"uv":[8.647917,13.471875,8.83125,13.559375],"rotation":0,"texture":"#0","tintindex":0},"up":{"uv":[8.185416,11.059375,8.002084,10.784375],"rotation":0,"texture":"#0","tintindex":0},"down":{"uv":[8.20625,8.565625,8.022917,8.840625],"rotation":0,"texture":"#0","tintindex":0}}},{"from":[-0.3127241,7.071559,5.6883197],"to":[-0.3127241,7.676999,10.86208],"rotation":{"angle":-22.5,"axis":"z","origin":[5.972707,7.376234,8.2752]},"faces":{"east":{"uv":[9.502084,8.628125,9.685416,8.653125],"rotation":0,"texture":"#0","tintindex":0},"south":{"uv":[5.335417,8.003125,5.335417,8.028125],"rotation":0,"texture":"#0","tintindex":0},"north":{"uv":[5.335417,8.003125,5.335417,8.028125],"rotation":0,"texture":"#0","tintindex":0},"west":{"uv":[9.502084,10.065625,9.685416,10.090625],"rotation":0,"texture":"#0","tintindex":0},"up":{"uv":[5.335417,8.278125,5.335417,8.003125],"rotation":0,"texture":"#0","tintindex":0},"down":{"uv":[5.335417,8.003125,5.335417,8.278125],"rotation":0,"texture":"#0","tintindex":0}}},{"from":[5.1133204,6.47267,5.6883197],"to":[9.131241,11.151071,10.86208],"rotation":{"angle":0.0,"axis":"y","origin":[29.539867,-11.4608,8.0]},"faces":{"east":{"uv":[5.66875,12.378125,5.852083,12.621875],"rotation":0,"texture":"#0","tintindex":0},"south":{"uv":[8.564584,9.596875,8.70625,9.840625],"rotation":0,"texture":"#0","tintindex":0},"north":{"uv":[8.564584,9.596875,8.70625,9.840625],"rotation":0,"texture":"#0","tintindex":0},"west":{"uv":[5.85625,12.378125,6.039583,12.621875],"rotation":0,"texture":"#0","tintindex":0},"up":{"uv":[8.372916,12.840625,8.23125,12.565625],"rotation":0,"texture":"#0","tintindex":0},"down":{"uv":[8.51875,12.565625,8.377084,12.840625],