{"textures":{"0":"modelengine:entity/wu2"},"elements":[{"from":[-1.6390705,-5.339451,9.941476],"to":[-0.9314108,-5.054839,10.368394],"rotation":{"angle":-45.0,"axis":"z","origin":[7.7210374,5.44565,10.154935]},"faces":{"east":{"uv":[9.73125,11.659375,9.747916,11.684375],"rotation":0,"texture":"#0","tintindex":0},"south":{"uv":[9.73125,11.659375,9.747916,11.684375],"rotation":0,"texture":"#0","tintindex":0},"north":{"uv":[9.73125,11.659375,9.747916,11.684375],"rotation":0,"texture":"#0","tintindex":0},"west":{"uv":[9.73125,11.659375,9.747916,11.684375],"rotation":0,"texture":"#0","tintindex":0},"up":{"uv":[9.73125,11.659375,9.747916,11.684375],"rotation":0,"texture":"#0","tintindex":0},"down":{"uv":[9.73125,11.659375,9.747916,11.684375],"rotation":0,"texture":"#0","tintindex":0}}},{"from":[-4.4000616,-1.2073355,9.941476],"to":[-3.692402,-0.92272377,10.368394],"rotation":{"angle":-22.5,"axis":"z","origin":[7.7210374,5.44565,10.154935]},"faces":{"east":{"uv":[9.73125,11.815625,9.747916,11.840625],"rotation":0,"texture":"#0","tintindex":0},"south":{"uv":[9.73125,11.815625,9.747916,11.840625],"rotation":0,"texture":"#0","tintindex":0},"north":{"uv":[9.73125,11.815625,9.747916,11.840625],"rotation":0,"texture":"#0","tintindex":0},"west":{"uv":[9.73125,11.815625,9.747916,11.840625],"rotation":0,"texture":"#0","tintindex":0},"up":{"uv":[9.73125,11.815625,9.747916,11.840625],"rotation":0,"texture":"#0","tintindex":0},"down":{"uv":[9.73125,11.815625,9.747916,11.840625],"rotation":0,"texture":"#0","tintindex":0}}},{"from":[-5.3695936,3.6668267,9.941476],"to":[-4.661933,3.9514384,10.368394],"rotation":{"angle":0.0,"axis":"y","origin":[7.7210374,5.44565,10.154935]},"faces":{"east":{"uv":[7.960417,14.596875,7.977083,14.621875],"rotation":0,"texture":"#0","tintindex":0},"south":{"uv":[7.960417,14.596875,7.977083,14.621875],"rotation":0,"texture":"#0","tintindex":0},"north":{"uv":[7.960417,14.596875,7.977083,14.621875],"rotation":0,"texture":"#0","tintindex":0},"west":{"uv":[7.960417,14.596875,7.977083,14.621875],"rotation":0,"texture":"#0","tintindex":0},"up":{"uv":[7.960417,14.596875,7.977083,14.621875],"rotation":0,"texture":"#0","tintindex":0},"down":{"uv":[7.960417,14.596875,7.977083,14.621875],"rotation":0,"texture":"#0","tintindex":0}}},{"from":[-4.4000616,8.540989,9.941476],"to":[-3.692402,8.825602,10.368394],"rotation":{"angle":22.5,"axis":"z","origin":[7.7210374,5.44565,10.154935]},"faces":{"east":{"uv":[9.73125,12.065625,9.747916,12.090625],"rotation":0,"texture":"#0","tintindex":0},"south":{"uv":[9.73125,12.065625,9.747916,12.090625],"rotation":0,"texture":"#0","tintindex":0},"north":{"uv":[9.73125,12.065625,9.747916,12.090625],"rotation":0,"texture":"#0","tintindex":0},"west":{"uv":[9.73125,12.065625,9.747916,12.090625],"rotation":0,"texture":"#0","tintindex":0},"up":{"uv":[9.73125,12.065625,9.747916,12.090625],"rotation":0,"texture":"#0","tintindex":0},"down":{"uv":[9.73125,12.065625,9.747916,12.090625],"rotation":0,"texture":"#0","tintindex":0}}},{"from":[-1.6390705,12.673105,9.941476],"to":[-0.9314108,12.957716,10.368394],"rotation":{"angle":45.0,"axis":"z","origin":[7.7210374,5.44565,10.154935]},"faces":{"east":{"uv":[9.73125,12.190625,9.747916,12.215625],"rotation":0,"texture":"#0","tintindex":0},"south":{"uv":[9.73125,12.190625,9.747916,12.215625],"rotation":0,"texture":"#0","tintindex":0},"north":{"uv":[9.73125,12.190625,9.747916,12.215625],"rotation":0,"texture":"#0","tintindex":0},"west":{"uv":[9.73125,12.190625,9.747916,12.215625],"rotation":0,"texture":"#0","tintindex":0},"up":{"uv":[9.73125,12.190625,9.747916,12.215625],"rotation":0,"texture":"#0","tintindex":0},"down":{"uv":[9.73125,12.190625,9.747916,12.215625],"rotation":0,"texture":"#0","tintindex":0}}},{"from":[-1.6390705,-2.0664167,9.941476],"to":[-0.9314108,-1.7818041,10.368394],"rotation":{"angle":-45.0,"axis":"z","origin":[7.7210374,5.44565,10.154935]},"faces":{"east":{"uv":[9.73125,12.284375,9.747916,12.309375],"rotation":0,"texture":"#0","tintindex":0},"south":{"uv":[9.73125,12.284375,9.747916,12.309375],"rotation":0,"texture":"#0","tintindex":0},"north":{"uv":[9.73125,12.284375,9.747916,12.309375],"rotation":0,"texture":"#0","tintindex":0},"west":{"uv":[9.73125,12.284375,9.747916,12.309375],"rotation":0,"texture":"#0","tintindex":0},"up":{"uv":[9.73125,12.284375,9.747916,12.309375],"rotation":0,"texture":"#0","tintindex":0},"down":{"uv":[9.73125,12.284375,9.747916,12.309375],"rotation":0,"texture":"#0","tintindex":0}}},{"from":[-4.4000616,2.065699,9.941476],"to":[-3.692402,2.3503108,10.368394],"rotation":{"angle":-22.5,"axis":"z","origin":[7.7210374,5.44565,10.154935]},"faces":{"east":{"uv":[9.73125,12.378125,9.747916,12.403125],"rotation":0,"texture":"#0","tintindex":0},"south":{"uv":[9.73125,12.378125,9.747916,12.403125],"rotation":0,"texture":"#0","tintindex":0},"north":{"uv":[9.73125,12.378125,9.747916,12.403125],"rotation":0,"texture":"#0","tintindex":0},"west":{"uv":[9.73125,12.378125,9.747916,12.403125],"rotation":0,"texture":"#0","tintindex":0},"up":{"uv":[9.73125,12.378125,9.747916,12.403125],"rotation":0,"texture":"#0","tintindex":0},"down":{"uv":[9.73125,12.378125,9.747916,12.403125],"rotation":0,"texture":"#0","tintindex":0}}},{"from":[-5.3695936,6.939862,9.941476],"to":[-4.661933,7.2244735,10.368394],"rotation":{"angle":0.0,"axis":"y","origin":[7.7210374,5.44565,10.154935]},"faces":{"east":{"uv":[8.314584,14.596875,8.33125,14.621875],"rotation":0,"texture":"#0","tintindex":0},"south":{"uv":[9.73125,12.471875,9.747916,12.496875],"rotation":0,"texture":"#0","tintindex":0},"north":{"uv":[9.73125,12.440625,9.747916,12.465625],"rotation":0,"texture":"#0","tintindex":0},"west":{"uv":[8.335417,14.596875,8.352083,14.621875],"rotation":0,"texture":"#0","tintindex":0},"up":{"uv":[9.747916,12.528125,9.73125,12.503125],"rotation":0,"texture":"#0","tintindex":0},"down":{"uv":[8.372916,14.596875,8.35625,14.621875],"rotation":0,"texture":"#0","tintindex":0}}},{"from":[-4.4000616,11.814024,9.941476],"to":[-3.692402,12.098637,10.368394],"rotation":{"angle":22.5,"axis":"z","origin":[7.7210374,5.44565,10.154935]},"faces":{"east":{"uv":[8.41875,14.596875,8.435416,14.621875],"rotation":0,"texture":"#0","tintindex":0},"south":{"uv":[8.41875,14.596875,8.435416,14.621875],"rotation":0,"texture":"#0","tintindex":0},"north":{"uv":[8.41875,14.596875,8.435416,14.621875],"rotation":0,"texture":"#0","tintindex":0},"west":{"uv":[8.41875,14.596875,8.435416,14.621875],"rotation":0,"texture":"#0","tintindex":0},"up":{"uv":[8.41875,14.596875,8.435416,14.621875],"rotation":0,"texture":"#0","tintindex":0},"down":{"uv":[8.41875,14.596875,8.435416,14.621875],"rotation":0,"texture":"#0","tintindex":0}}},{"from":[-1.6390705,15.946139,9.941476],"to":[-0.9314108,16.230751,10.368394],"rotation":{"angle":45.0,"axis":"z","origin":[7.7210374,5.44565,10.154935]},"faces":{"east":{"uv":[9.73125,12.753125,9.747916,12.778125],"rotation":0,"texture":"#0","tintindex":0},"south":{"uv":[9.73125,12.753125,9.747916,12.778125],"rotation":0,"texture":"#0","tintindex":0},"north":{"uv":[9.73125,12.753125,9.747916,12.778125],"rotation":0,"texture":"#0","tintindex":0},"west":{"uv":[9.73125,12.753125,9.747916,12.778125],"rotation":0,"texture":"#0","tintindex":0},"up":{"uv":[9.73125,12.753125,9.747916,12.778125],"rotation":0,"texture":"#0","tintindex":0},"down":{"uv":[9.73125,12.753125,9.747916,12.778125],"rotation":0,"texture":"#0","tintindex":0}}},{"from":[-5.825055,0.21765757,9.941476],"to":[-5.5404444,0.92531776,10.368394],"rotation":{"angle":-22.5,"axis":"z","origin":[7.7210374,5.44565,10.154935]},"faces":{"east":{"uv":[9.73125,12.846875,9.747916,12.871875],"rotation":0,"texture":"#0","tintindex":0},"south":{"uv":[9.73125,12.846875,9.747916,12.871875],"rotation":0,"texture":"#0","tintindex":0},"north":{"uv":[9.73125,12.846875,9.747916,12.871875],"rotation":0,"texture":"#0","tintindex":0},"west":{"uv":[9.73125,12.846875,9.747916,12.871875],"rotation":0,"texture":"#0","tintindex":0},