{"textures":{"0":"modelengine:entity/wu2"},"elements":[{"from":[-6.4242992,-5.7768106,10.069168],"to":[-5.6934376,-5.4828672,10.510083],"rotation":{"angle":-45.0,"axis":"z","origin":[3.2426972,5.3619013,10.289626]},"faces":{"east":{"uv":[9.752084,9.378125,9.76875,9.403125],"rotation":0,"texture":"#0","tintindex":0},"south":{"uv":[9.752084,9.378125,9.76875,9.403125],"rotation":0,"texture":"#0","tintindex":0},"north":{"uv":[9.752084,9.378125,9.76875,9.403125],"rotation":0,"texture":"#0","tintindex":0},"west":{"uv":[9.752084,9.378125,9.76875,9.403125],"rotation":0,"texture":"#0","tintindex":0},"up":{"uv":[9.752084,9.378125,9.76875,9.403125],"rotation":0,"texture":"#0","tintindex":0},"down":{"uv":[9.752084,9.378125,9.76875,9.403125],"rotation":0,"texture":"#0","tintindex":0}}},{"from":[-9.275816,-1.5092154,10.069168],"to":[-8.544952,-1.2152729,10.510083],"rotation":{"angle":-22.5,"axis":"z","origin":[3.2426972,5.3619013,10.289626]},"faces":{"east":{"uv":[9.752084,9.565625,9.76875,9.590625],"rotation":0,"texture":"#0","tintindex":0},"south":{"uv":[9.752084,9.565625,9.76875,9.590625],"rotation":0,"texture":"#0","tintindex":0},"north":{"uv":[9.752084,9.565625,9.76875,9.590625],"rotation":0,"texture":"#0","tintindex":0},"west":{"uv":[9.752084,9.565625,9.76875,9.590625],"rotation":0,"texture":"#0","tintindex":0},"up":{"uv":[9.752084,9.565625,9.76875,9.590625],"rotation":0,"texture":"#0","tintindex":0},"down":{"uv":[9.752084,9.565625,9.76875,9.590625],"rotation":0,"texture":"#0","tintindex":0}}},{"from":[-10.277134,3.5247555,10.069168],"to":[-9.546272,3.818699,10.510083],"rotation":{"angle":0.0,"axis":"y","origin":[3.2426972,5.3619013,10.289626]},"faces":{"east":{"uv":[9.752084,9.753125,9.76875,9.778125],"rotation":0,"texture":"#0","tintindex":0},"south":{"uv":[9.752084,9.753125,9.76875,9.778125],"rotation":0,"texture":"#0","tintindex":0},"north":{"uv":[9.752084,9.753125,9.76875,9.778125],"rotation":0,"texture":"#0","tintindex":0},"west":{"uv":[9.752084,9.753125,9.76875,9.778125],"rotation":0,"texture":"#0","tintindex":0},"up":{"uv":[9.752084,9.753125,9.76875,9.778125],"rotation":0,"texture":"#0","tintindex":0},"down":{"uv":[9.752084,9.753125,9.76875,9.778125],"rotation":0,"texture":"#0","tintindex":0}}},{"from":[-9.275816,8.558726,10.069168],"to":[-8.544952,8.85267,10.510083],"rotation":{"angle":22.5,"axis":"z","origin":[3.2426972,5.3619013,10.289626]},"faces":{"east":{"uv":[6.6270833,14.628125,6.64375,14.653125],"rotation":0,"texture":"#0","tintindex":0},"south":{"uv":[6.6270833,14.628125,6.64375,14.653125],"rotation":0,"texture":"#0","tintindex":0},"north":{"uv":[6.6270833,14.628125,6.64375,14.653125],"rotation":0,"texture":"#0","tintindex":0},"west":{"uv":[6.6270833,14.628125,6.64375,14.653125],"rotation":0,"texture":"#0","tintindex":0},"up":{"uv":[6.6270833,14.628125,6.64375,14.653125],"rotation":0,"texture":"#0","tintindex":0},"down":{"uv":[6.6270833,14.628125,6.64375,14.653125],"rotation":0,"texture":"#0","tintindex":0}}},{"from":[-6.4242992,12.826322,10.069168],"to":[-5.6934376,13.120264,10.510083],"rotation":{"angle":45.0,"axis":"z","origin":[3.2426972,5.3619013,10.289626]},"faces":{"east":{"uv":[9.752084,10.065625,9.76875,10.090625],"rotation":0,"texture":"#0","tintindex":0},"south":{"uv":[9.752084,10.065625,9.76875,10.090625],"rotation":0,"texture":"#0","tintindex":0},"north":{"uv":[9.752084,10.065625,9.76875,10.090625],"rotation":0,"texture":"#0","tintindex":0},"west":{"uv":[9.752084,10.065625,9.76875,10.090625],"rotation":0,"texture":"#0","tintindex":0},"up":{"uv":[9.752084,10.065625,9.76875,10.090625],"rotation":0,"texture":"#0","tintindex":0},"down":{"uv":[9.752084,10.065625,9.76875,10.090625],"rotation":0,"texture":"#0","tintindex":0}}},{"from":[-6.4242992,-2.3964634,10.069168],"to":[-5.6934376,-2.10252,10.510083],"rotation":{"angle":-45.0,"axis":"z","origin":[3.2426972,5.3619013,10.289626]},"faces":{"east":{"uv":[9.752084,10.253125,9.76875,10.278125],"rotation":0,"texture":"#0","tintindex":0},"south":{"uv":[9.752084,10.253125,9.76875,10.278125],"rotation":0,"texture":"#0","tintindex":0},"north":{"uv":[9.752084,10.253125,9.76875,10.278125],"rotation":0,"texture":"#0","tintindex":0},"west":{"uv":[9.752084,10.253125,9.76875,10.278125],"rotation":0,"texture":"#0","tintindex":0},"up":{"uv":[9.752084,10.253125,9.76875,10.278125],"rotation":0,"texture":"#0","tintindex":0},"down":{"uv":[9.752084,10.253125,9.76875,10.278125],"rotation":0,"texture":"#0","tintindex":0}}},{"from":[-9.275816,1.8711324,10.069168],"to":[-8.544952,2.1650753,10.510083],"rotation":{"angle":-22.5,"axis":"z","origin":[3.2426972,5.3619013,10.289626]},"faces":{"east":{"uv":[9.752084,10.440625,9.76875,10.465625],"rotation":0,"texture":"#0","tintindex":0},"south":{"uv":[9.752084,10.440625,9.76875,10.465625],"rotation":0,"texture":"#0","tintindex":0},"north":{"uv":[9.752084,10.440625,9.76875,10.465625],"rotation":0,"texture":"#0","tintindex":0},"west":{"uv":[9.752084,10.440625,9.76875,10.465625],"rotation":0,"texture":"#0","tintindex":0},"up":{"uv":[9.752084,10.440625,9.76875,10.465625],"rotation":0,"texture":"#0","tintindex":0},"down":{"uv":[9.752084,10.440625,9.76875,10.465625],"rotation":0,"texture":"#0","tintindex":0}}},{"from":[-10.277134,6.905103,10.069168],"to":[-9.546272,7.199046,10.510083],"rotation":{"angle":0.0,"axis":"y","origin":[3.2426972,5.3619013,10.289626]},"faces":{"east":{"uv":[9.752084,10.596875,9.76875,10.621875],"rotation":0,"texture":"#0","tintindex":0},"south":{"uv":[9.752084,10.596875,9.76875,10.621875],"rotation":0,"texture":"#0","tintindex":0},"north":{"uv":[9.752084,10.596875,9.76875,10.621875],"rotation":0,"texture":"#0","tintindex":0},"west":{"uv":[9.752084,10.596875,9.76875,10.621875],"rotation":0,"texture":"#0","tintindex":0},"up":{"uv":[9.752084,10.596875,9.76875,10.621875],"rotation":0,"texture":"#0","tintindex":0},"down":{"uv":[9.752084,10.596875,9.76875,10.621875],"rotation":0,"texture":"#0","tintindex":0}}},{"from":[-9.275816,11.9390745,10.069168],"to":[-8.544952,12.233017,10.510083],"rotation":{"angle":22.5,"axis":"z","origin":[3.2426972,5.3619013,10.289626]},"faces":{"east":{"uv":[9.752084,10.784375,9.76875,10.809375],"rotation":0,"texture":"#0","tintindex":0},"south":{"uv":[9.752084,10.784375,9.76875,10.809375],"rotation":0,"texture":"#0","tintindex":0},"north":{"uv":[9.752084,10.784375,9.76875,10.809375],"rotation":0,"texture":"#0","tintindex":0},"west":{"uv":[9.752084,10.784375,9.76875,10.809375],"rotation":0,"texture":"#0","tintindex":0},"up":{"uv":[9.752084,10.784375,9.76875,10.809375],"rotation":0,"texture":"#0","tintindex":0},"down":{"uv":[9.752084,10.784375,9.76875,10.809375],"rotation":0,"texture":"#0","tintindex":0}}},{"from":[-6.4242992,16.206669,10.069168],"to":[-5.6934376,16.500612,10.510083],"rotation":{"angle":45.0,"axis":"z","origin":[3.2426972,5.3619013,10.289626]},"faces":{"east":{"uv":[9.752084,10.971875,9.76875,10.996875],"rotation":0,"texture":"#0","tintindex":0},"south":{"uv":[9.752084,10.971875,9.76875,10.996875],"rotation":0,"texture":"#0","tintindex":0},"north":{"uv":[9.752084,10.971875,9.76875,10.996875],"rotation":0,"texture":"#0","tintindex":0},"west":{"uv":[9.752084,10.971875,9.76875,10.996875],"rotation":0,"texture":"#0","tintindex":0},"up":{"uv":[9.752084,10.971875,9.76875,10.996875],"rotation":0,"texture":"#0","tintindex":0},"down":{"uv":[9.752084,10.971875,9.76875,10.996875],"rotation":0,"texture":"#0","tintindex":0}}},{"from":[-10.747528,-0.037501335,10.069168],"to":[-10.453587,0.6933608,10.510083],"rotation":{"angle":-22.5,"axis":"z","origin":[3.2426972,5.3619013,10.289626]},"faces":{"east":{"uv":[7.41875,14.628125,7.4354167,14.653125],"rotation":0,"texture":"#0","tintindex":0},"south":{"uv":[7.41875,14.628125,7.4354167,14.653125],"rotation":0,"texture":"#0","tintindex":0},"north":{"uv":[7.41875,14.628125,7.4354167,14.653125],"rotation":0,"texture":"#0","tintindex":0},"west":{"uv":[7.41875,14.628125,7.4354167,14.653125],"rotation":0,"texture":"#0","tintindex":0},