{"textures":{"0":"modelengine:entity/wu2"},"elements":[{"from":[3.4812508,7.277313,7.9004908],"to":[5.2249184,9.655041,10.278219],"rotation":{"angle":-22.5,"axis":"z","origin":[9.966946,4.376352,7.841485]},"faces":{"east":{"uv":[9.460417,13.315625,9.51875,13.434375],"rotation":0,"texture":"#0","tintindex":0},"south":{"uv":[9.460417,13.315625,9.51875,13.434375],"rotation":0,"texture":"#0","tintindex":0},"north":{"uv":[9.460417,13.315625,9.51875,13.434375],"rotation":0,"texture":"#0","tintindex":0},"west":{"uv":[9.460417,13.315625,9.51875,13.434375],"rotation":0,"texture":"#0","tintindex":0},"up":{"uv":[9.460417,13.315625,9.51875,13.434375],"rotation":0,"texture":"#0","tintindex":0},"down":{"uv":[9.460417,13.315625,9.51875,13.434375],"rotation":0,"texture":"#0","tintindex":0}}},{"from":[3.095971,6.011393,7.570251],"to":[5.610198,8.389121,10.608459],"rotation":{"angle":-22.5,"axis":"z","origin":[9.966946,4.376352,7.841485]},"faces":{"east":{"uv":[9.314584,10.346875,9.39375,10.465625],"rotation":0,"texture":"#0","tintindex":0},"south":{"uv":[9.314584,10.346875,9.39375,10.465625],"rotation":0,"texture":"#0","tintindex":0},"north":{"uv":[9.314584,10.346875,9.39375,10.465625],"rotation":0,"texture":"#0","tintindex":0},"west":{"uv":[9.314584,10.346875,9.39375,10.465625],"rotation":0,"texture":"#0","tintindex":0},"up":{"uv":[9.314584,10.346875,9.39375,10.465625],"rotation":0,"texture":"#0","tintindex":0},"down":{"uv":[9.314584,10.346875,9.39375,10.465625],"rotation":0,"texture":"#0","tintindex":0}}},{"from":[5.9415407,11.067921,7.9797482],"to":[7.526693,13.445648,10.198961],"rotation":{"angle":0.0,"axis":"y","origin":[10.052235,5.597702,8.0]},"faces":{"east":{"uv":[9.48125,8.659375,9.539583,8.778125],"rotation":0,"texture":"#0","tintindex":0},"south":{"uv":[9.48125,8.659375,9.539583,8.778125],"rotation":0,"texture":"#0","tintindex":0},"north":{"uv":[9.48125,8.659375,9.539583,8.778125],"rotation":0,"texture":"#0","tintindex":0},"west":{"uv":[9.48125,8.659375,9.539583,8.778125],"rotation":0,"texture":"#0","tintindex":0},"up":{"uv":[9.48125,8.659375,9.539583,8.778125],"rotation":0,"texture":"#0","tintindex":0},"down":{"uv":[9.48125,8.659375,9.539583,8.778125],"rotation":0,"texture":"#0","tintindex":0}}},{"from":[4.965105,16.120405,8.593508],"to":[6.708772,17.071495,9.7031145],"rotation":{"angle":22.5,"axis":"z","origin":[5.1949964,9.624454,8.0]},"faces":{"east":{"uv":[9.585417,12.284375,9.64375,12.340625],"rotation":0,"texture":"#0","tintindex":0},"south":{"uv":[9.585417,12.284375,9.64375,12.340625],"rotation":0,"texture":"#0","tintindex":0},"north":{"uv":[9.585417,12.284375,9.64375,12.340625],"rotation":0,"texture":"#0","tintindex":0},"west":{"uv":[9.585417,12.284375,9.64375,12.340625],"rotation":0,"texture":"#0","tintindex":0},"up":{"uv":[9.585417,12.284375,9.64375,12.340625],"rotation":0,"texture":"#0","tintindex":0},"down":{"uv":[9.585417,12.284375,9.64375,12.340625],"rotation":0,"texture":"#0","tintindex":0}}},{"from":[4.0960445,16.229994,8.727806],"to":[4.959072,17.02257,9.568817],"rotation":{"angle":22.5,"axis":"z","origin":[5.268221,9.654784,8.079258]},"faces":{"east":{"uv":[7.73125,14.596875,7.76875,14.621875],"rotation":0,"texture":"#0","tintindex":0},"south":{"uv":[7.73125,14.596875,7.76875,14.621875],"rotation":0,"texture":"#0","tintindex":0},"north":{"uv":[7.73125,14.596875,7.76875,14.621875],"rotation":0,"texture":"#0","tintindex":0},"west":{"uv":[7.73125,14.596875,7.76875,14.621875],"rotation":0,"texture":"#0","tintindex":0},"up":{"uv":[7.73125,14.596875,7.76875,14.621875],"rotation":0,"texture":"#0","tintindex":0},"down":{"uv":[7.73125,14.596875,7.76875,14.621875],"rotation":0,"texture":"#0","tintindex":0}}},{"from":[3.7096205,16.261093,8.837886],"to":[4.407528,16.943588,9.458737],"rotation":{"angle":22.5,"axis":"z","origin":[5.2812257,9.274906,8.070013]},"faces":{"east":{"uv":[9.772917,9.565625,9.789583,9.590625],"rotation":0,"texture":"#0","tintindex":0},"south":{"uv":[9.772917,9.565625,9.789583,9.590625],"rotation":0,"texture":"#0","tintindex":0},"north":{"uv":[9.772917,9.565625,9.789583,9.590625],"rotation":0,"texture":"#0","tintindex":0},"west":{"uv":[9.772917,9.565625,9.789583,9.590625],"rotation":0,"texture":"#0","tintindex":0},"up":{"uv":[9.772917,9.565625,9.789583,9.590625],"rotation":0,"texture":"#0","tintindex":0},"down":{"uv":[9.772917,9.565625,9.789583,9.590625],"rotation":0,"texture":"#0","tintindex":0}}},{"from":[8.347811,13.814742,8.138264],"to":[9.932962,16.19247,10.040446],"rotation":{"angle":22.5,"axis":"z","origin":[9.657607,7.5816274,8.0]},"faces":{"east":{"uv":[6.022917,14.221875,6.08125,14.340625],"rotation":0,"texture":"#0","tintindex":0},"south":{"uv":[6.022917,14.221875,6.08125,14.340625],"rotation":0,"texture":"#0","tintindex":0},"north":{"uv":[6.022917,14.221875,6.08125,14.340625],"rotation":0,"texture":"#0","tintindex":0},"west":{"uv":[6.022917,14.221875,6.08125,14.340625],"rotation":0,"texture":"#0","tintindex":0},"up":{"uv":[6.022917,14.221875,6.08125,14.340625],"rotation":0,"texture":"#0","tintindex":0},"down":{"uv":[6.022917,14.221875,6.08125,14.340625],"rotation":0,"texture":"#0","tintindex":0}}},{"from":[11.943469,15.826021,8.376037],"to":[13.211592,18.203749,9.802673],"rotation":{"angle":45.0,"axis":"z","origin":[10.215111,7.5822105,8.0]},"faces":{"east":{"uv":[7.60625,14.315625,7.64375,14.434375],"rotation":0,"texture":"#0","tintindex":0},"south":{"uv":[7.60625,14.315625,7.64375,14.434375],"rotation":0,"texture":"#0","tintindex":0},"north":{"uv":[7.60625,14.315625,7.64375,14.434375],"rotation":0,"texture":"#0","tintindex":0},"west":{"uv":[7.60625,14.315625,7.64375,14.434375],"rotation":0,"texture":"#0","tintindex":0},"up":{"uv":[7.60625,14.315625,7.64375,14.434375],"rotation":0,"texture":"#0","tintindex":0},"down":{"uv":[7.60625,14.315625,7.64375,14.434375],"rotation":0,"texture":"#0","tintindex":0}}},{"from":[3.5090256,16.181255,8.455294],"to":[4.823381,17.132347,9.723415],"rotation":{"angle":0.0,"axis":"y","origin":[7.5074377,5.8763223,8.0]},"faces":{"east":{"uv":[9.689584,12.784375,9.727083,12.840625],"rotation":0,"texture":"#0","tintindex":0},"south":{"uv":[9.689584,12.784375,9.727083,12.840625],"rotation":0,"texture":"#0","tintindex":0},"north":{"uv":[9.689584,12.784375,9.727083,12.840625],"rotation":0,"texture":"#0","tintindex":0},"west":{"uv":[9.689584,12.784375,9.727083,12.840625],"rotation":0,"texture":"#0","tintindex":0},"up":{"uv":[9.689584,12.784375,9.727083,12.840625],"rotation":0,"texture":"#0","tintindex":0},"down":{"uv":[9.689584,12.784375,9.727083,12.840625],"rotation":0,"texture":"#0","tintindex":0}}}],"display":{"head":{"translation":[0.0,-6.4,0.0],"scale":[4.0,4.0,4.0]}}}