{"textures":{"0":"modelengine:entity/wu2"},"elements":[{"from":[8.5529585,10.63802,5.96352],"to":[14.99264,11.848899,10.03648],"rotation":{"angle":45.0,"axis":"z","origin":[14.505313,3.0871782,8.0]},"faces":{"east":{"uv":[9.35625,11.221875,9.497916,11.278125],"rotation":0,"texture":"#0","tintindex":0},"south":{"uv":[9.147917,8.003125,9.372916,8.059375],"rotation":0,"texture":"#0","tintindex":0},"north":{"uv":[9.147917,8.003125,9.372916,8.059375],"rotation":0,"texture":"#0","tintindex":0},"west":{"uv":[9.35625,12.878125,9.497916,12.934375],"rotation":0,"texture":"#0","tintindex":0},"up":{"uv":[8.352083,8.215625,8.127084,8.003125],"rotation":0,"texture":"#0","tintindex":0},"down":{"uv":[7.3104167,12.190625,7.085417,12.403125],"rotation":0,"texture":"#0","tintindex":0}}},{"from":[11.396152,12.341019,5.13792],"to":[13.487673,13.441818,10.86208],"rotation":{"angle":45.0,"axis":"z","origin":[14.541467,5.230498,8.0]},"faces":{"east":{"uv":[9.16875,8.190625,9.372916,8.246875],"rotation":0,"texture":"#0","tintindex":0},"south":{"uv":[9.54375,9.284375,9.622916,9.340625],"rotation":0,"texture":"#0","tintindex":0},"north":{"uv":[9.54375,9.221875,9.622916,9.278125],"rotation":0,"texture":"#0","tintindex":0},"west":{"uv":[9.16875,8.596875,9.372916,8.653125],"rotation":0,"texture":"#0","tintindex":0},"up":{"uv":[8.39375,13.434375,8.314584,13.128125],"rotation":0,"texture":"#0","tintindex":0},"down":{"uv":[6.33125,13.190625,6.2520833,13.496875],"rotation":0,"texture":"#0","tintindex":0}}},{"from":[7.0621834,7.3738422,5.0278397],"to":[9.153704,9.355282,10.97216],"rotation":{"angle":0.0,"axis":"y","origin":[16.020393,3.7515697,8.0]},"faces":{"east":{"uv":[7.210417,10.284375,7.414583,10.371875],"rotation":0,"texture":"#0","tintindex":0},"south":{"uv":[8.04375,14.190625,8.122916,14.278125],"rotation":0,"texture":"#0","tintindex":0},"north":{"uv":[9.460417,10.409375,9.539583,10.496875],"rotation":0,"texture":"#0","tintindex":0},"west":{"uv":[8.939584,8.253125,9.14375,8.340625],"rotation":0,"texture":"#0","tintindex":0},"up":{"uv":[6.64375,13.496875,6.5645833,13.190625],"rotation":0,"texture":"#0","tintindex":0},"down":{"uv":[6.727083,13.190625,6.647917,13.496875],"rotation":0,"texture":"#0","tintindex":0}}}],"display":{"head":{"translation":[0.0,-6.4,0.0],"scale":[4.0,4.0,4.0]}}}