{"textures":{"0":"modelengine:entity/reaperfinished"},"elements":[{"from":[6.185034,5.433667,6.212571],"to":[6.185034,8.153667,9.787429],"rotation":{"angle":-22.5,"axis":"z","origin":[10.12484,2.834608,8.0]},"faces":{"east":{"uv":[11.40625,2.925,11.6375,3.46875],"rotation":0,"texture":"#0","tintindex":0},"south":{"uv":[11.40625,2.925,11.6375,3.46875],"rotation":0,"texture":"#0","tintindex":0},"north":{"uv":[11.40625,2.925,11.6375,3.46875],"rotation":0,"texture":"#0","tintindex":0},"west":{"uv":[11.40625,2.925,11.6375,3.46875],"rotation":0,"texture":"#0","tintindex":0},"up":{"uv":[11.40625,2.925,11.6375,3.46875],"rotation":0,"texture":"#0","tintindex":0},"down":{"uv":[11.40625,2.925,11.6375,3.46875],"rotation":0,"texture":"#0","tintindex":0}}}],"display":{"head":{"translation":[0.0,-6.4,0.0],"scale":[4.0,4.0,4.0]}}}