{"textures":{"0":"modelengine:entity/reaperfinished"},"elements":[{"from":[6.153507,8.22464,7.3160763],"to":[6.280958,8.448457,7.707756],"rotation":{"angle":22.5,"axis":"y","origin":[7.6146955,8.56736,3.311995]},"faces":{"east":{"uv":[12.65625,3.125,12.625,3.1875],"rotation":0,"texture":"#0","tintindex":0},"south":{"uv":[12.65625,3.125,12.625,3.1875],"rotation":0,"texture":"#0","tintindex":0},"north":{"uv":[12.65625,3.125,12.625,3.1875],"rotation":0,"texture":"#0","tintindex":0},"west":{"uv":[12.65625,3.125,12.625,3.1875],"rotation":0,"texture":"#0","tintindex":0},"up":{"uv":[12.65625,3.125,12.625,3.1875],"rotation":0,"texture":"#0","tintindex":0},"down":{"uv":[12.65625,3.125,12.625,3.1875],"rotation":0,"texture":"#0","tintindex":0}}},{"from":[6.209461,8.084754,6.952373],"to":[6.4892325,8.476435,7.3440533],"rotation":{"angle":22.5,"axis":"y","origin":[7.6146955,8.56736,3.311995]},"faces":{"east":{"uv":[10.96875,9.25,10.9375,9.3125],"rotation":0,"texture":"#0","tintindex":0},"south":{"uv":[10.96875,9.25,10.9375,9.3125],"rotation":0,"texture":"#0","tintindex":0},"north":{"uv":[10.96875,9.25,10.9375,9.3125],"rotation":0,"texture":"#0","tintindex":0},"west":{"uv":[10.96875,9.25,10.9375,9.3125],"rotation":0,"texture":"#0","tintindex":0},"up":{"uv":[10.96875,9.25,10.9375,9.3125],"rotation":0,"texture":"#0","tintindex":0},"down":{"uv":[10.96875,9.25,10.9375,9.3125],"rotation":0,"texture":"#0","tintindex":0}}}],"display":{"head":{"translation":[0.0,-6.4,0.0],"scale":[4.0,4.0,4.0]}}}