{"textures":{"0":"modelengine:entity/reaperfinished"},"elements":[{"from":[7.184,2.1691422,6.8731427],"to":[8.816,7.997714,8.660571],"rotation":{"angle":0.0,"axis":"y","origin":[11.458286,10.173715,8.155429]},"faces":{"east":{"uv":[11.75,8.0,11.875,8.9375],"rotation":0,"texture":"#0","tintindex":0},"south":{"uv":[11.75,8.0,11.875,8.9375],"rotation":0,"texture":"#0","tintindex":0},"north":{"uv":[11.75,8.0,11.875,8.9375],"rotation":0,"texture":"#0","tintindex":0},"west":{"uv":[11.75,8.0,11.875,8.9375],"rotation":0,"texture":"#0","tintindex":0},"up":{"uv":[11.75,8.0,11.875,8.9375],"rotation":0,"texture":"#0","tintindex":0},"down":{"uv":[11.75,8.0,11.875,8.9375],"rotation":0,"texture":"#0","tintindex":0}}},{"from":[7.184,-0.6285715,7.028571],"to":[8.816,2.2468572,7.8834286],"rotation":{"angle":0.0,"axis":"y","origin":[11.458286,10.4068575,8.155429]},"faces":{"east":{"uv":[9.6875,8.25,9.8125,8.96875],"rotation":0,"texture":"#0","tintindex":0},"south":{"uv":[9.6875,8.25,9.8125,8.96875],"rotation":0,"texture":"#0","tintindex":0},"north":{"uv":[9.6875,8.25,9.8125,8.96875],"rotation":0,"texture":"#0","tintindex":0},"west":{"uv":[9.6875,8.25,9.8125,8.96875],"rotation":0,"texture":"#0","tintindex":0},"up":{"uv":[9.6875,8.25,9.8125,8.96875],"rotation":0,"texture":"#0","tintindex":0},"down":{"uv":[9.6875,8.25,9.8125,8.96875],"rotation":0,"texture":"#0","tintindex":0}}}],"display":{"head":{"translation":[0.0,-6.4,0.0],"scale":[4.0,4.0,4.0]}}}