{"textures":{"0":"modelengine:entity/reaperfinished"},"elements":[{"from":[5.4354286,8.7748575,6.64],"to":[10.564571,13.593143,9.360001],"rotation":{"angle":0.0,"axis":"y","origin":[8.0,9.318857,8.388572]},"faces":{"east":{"uv":[10.8125,5.625,11.03125,6.4],"rotation":0,"texture":"#0","tintindex":0},"south":{"uv":[10.8125,5.625,11.21875,6.40625],"rotation":0,"texture":"#0","tintindex":0},"north":{"uv":[10.8125,5.625,11.21875,6.40625],"rotation":0,"texture":"#0","tintindex":0},"west":{"uv":[10.8125,5.625,11.03125,6.4],"rotation":0,"texture":"#0","tintindex":0},"up":{"uv":[10.8125,5.625,11.225,6.0625],"rotation":0,"texture":"#0","tintindex":0},"down":{"uv":[10.8125,5.625,11.225,6.0625],"rotation":0,"texture":"#0","tintindex":0}}},{"from":[8.0,7.016772,7.1722784],"to":[8.0,10.902486,11.368851],"rotation":{"angle":-22.5,"axis":"x","origin":[8.0,11.835057,5.579136]},"faces":{"east":{"uv":[10.25,8.25,10.4375,8.71875],"rotation":180,"texture":"#0","tintindex":0},"south":{"uv":[8.0,0.0,8.0,0.625],"rotation":0,"texture":"#0","tintindex":0},"north":{"uv":[8.0,0.0,8.0,0.625],"rotation":0,"texture":"#0","tintindex":0},"west":{"uv":[10.25,8.25,10.4375,8.71875],"rotation":0,"texture":"#0","tintindex":0},"up":{"uv":[8.0,0.46875,8.0,0.0],"rotation":0,"texture":"#0","tintindex":0},"down":{"uv":[8.0,0.0,8.0,0.46875],"rotation":0,"texture":"#0","tintindex":0}}}],"display":{"head":{"translation":[0.0,-6.4,0.0],"scale":[4.0,4.0,4.0]}}}