{"textures":{"0":"modelengine:entity/reaperfinished"},"elements":[{"from":[6.7565713,2.3497143,6.601143],"to":[8.777143,8.153143,8.699429],"rotation":{"angle":0.0,"axis":"y","origin":[6.134857,-2.882287,8.0]},"faces":{"east":{"uv":[9.6875,8.25,9.8125,8.96875],"rotation":180,"texture":"#0","tintindex":0},"south":{"uv":[9.6875,8.25,9.8125,8.96875],"rotation":180,"texture":"#0","tintindex":0},"north":{"uv":[9.6875,8.25,9.8125,8.96875],"rotation":180,"texture":"#0","tintindex":0},"west":{"uv":[9.6875,8.25,9.8125,8.96875],"rotation":180,"texture":"#0","tintindex":0},"up":{"uv":[9.6875,8.25,9.8125,8.96875],"rotation":180,"texture":"#0","tintindex":0},"down":{"uv":[9.6875,8.25,9.8125,8.96875],"rotation":180,"texture":"#0","tintindex":0}}}],"display":{"head":{"translation":[0.0,-6.4,0.0],"scale":[4.0,4.0,4.0]}}}