{"textures":{"0":"modelengine:entity/reaperfinished"},"elements":[{"from":[5.123858,8.056777,6.862028],"to":[5.543515,8.560366,8.009091],"rotation":{"angle":22.5,"axis":"y","origin":[6.445161,8.623314,1.0953875]},"faces":{"east":{"uv":[12.625,0.5,12.734375,0.53125],"rotation":0,"texture":"#0","tintindex":0},"south":{"uv":[12.625,0.5,12.734375,0.53125],"rotation":0,"texture":"#0","tintindex":0},"north":{"uv":[12.625,0.5,12.734375,0.53125],"rotation":0,"texture":"#0","tintindex":0},"west":{"uv":[12.625,0.5,12.734375,0.53125],"rotation":0,"texture":"#0","tintindex":0},"up":{"uv":[12.625,0.5,12.734375,0.53125],"rotation":0,"texture":"#0","tintindex":0},"down":{"uv":[12.625,0.5,12.734375,0.53125],"rotation":0,"texture":"#0","tintindex":0}}}],"display":{"head":{"translation":[0.0,-6.4,0.0],"scale":[4.0,4.0,4.0]}}}