{"textures":{"0":"modelengine:entity/reaperfinished"},"elements":[{"from":[10.14846,7.8880916,7.008549],"to":[10.456209,8.111909,8.37943],"rotation":{"angle":-22.5,"axis":"y","origin":[9.100149,6.961737,1.9168286]},"faces":{"east":{"uv":[12.625,0.5,12.734375,0.53125],"rotation":0,"texture":"#0","tintindex":0},"south":{"uv":[12.5625,9.25,12.59375,9.28125],"rotation":0,"texture":"#0","tintindex":0},"north":{"uv":[12.625,8.875,12.65625,8.90625],"rotation":0,"texture":"#0","tintindex":0},"west":{"uv":[12.625,0.625,12.734375,0.65625],"rotation":0,"texture":"#0","tintindex":0},"up":{"uv":[12.03125,9.21875,12.0,9.0],"rotation":0,"texture":"#0","tintindex":0},"down":{"uv":[12.53125,8.0,12.5,8.21875],"rotation":0,"texture":"#0","tintindex":0}}}],"display":{"head":{"translation":[0.0,-6.4,0.0],"scale":[4.0,4.0,4.0]}}}