{"textures":{"0":"modelengine:entity/reaperfinished"},"elements":[{"from":[7.7552,8.686263,7.3503084],"to":[8.174857,9.021989,7.82592],"rotation":{"angle":0.0,"axis":"y","origin":[-8.1078415,-3.620572,11.540663]},"faces":{"east":{"uv":[12.625,3.375,12.65625,3.4375],"rotation":0,"texture":"#0","tintindex":0},"south":{"uv":[12.625,3.375,12.65625,3.4375],"rotation":0,"texture":"#0","tintindex":0},"north":{"uv":[12.625,3.375,12.65625,3.4375],"rotation":0,"texture":"#0","tintindex":0},"west":{"uv":[12.625,3.375,12.65625,3.4375],"rotation":0,"texture":"#0","tintindex":0},"up":{"uv":[12.625,3.375,12.65625,3.4375],"rotation":0,"texture":"#0","tintindex":0},"down":{"uv":[12.625,3.375,12.65625,3.4375],"rotation":0,"texture":"#0","tintindex":0}}},{"from":[7.7552,8.145371,7.3503084],"to":[8.174857,8.481097,7.82592],"rotation":{"angle":0.0,"axis":"y","origin":[-8.1078415,-3.620572,11.540663]},"faces":{"east":{"uv":[12.625,4.875,12.65625,4.9375],"rotation":0,"texture":"#0","tintindex":0},"south":{"uv":[12.625,4.875,12.65625,4.9375],"rotation":0,"texture":"#0","tintindex":0},"north":{"uv":[12.625,4.875,12.65625,4.9375],"rotation":0,"texture":"#0","tintindex":0},"west":{"uv":[12.625,4.875,12.65625,4.9375],"rotation":0,"texture":"#0","tintindex":0},"up":{"uv":[12.625,4.875,12.65625,4.9375],"rotation":0,"texture":"#0","tintindex":0},"down":{"uv":[12.625,4.875,12.65625,4.9375],"rotation":0,"texture":"#0","tintindex":0}}},{"from":[7.7552,7.548526,7.3503084],"to":[8.174857,7.968183,7.82592],"rotation":{"angle":0.0,"axis":"y","origin":[-8.1078415,-3.620572,11.540663]},"faces":{"east":{"uv":[12.625,2.625,12.65625,2.6875],"rotation":0,"texture":"#0","tintindex":0},"south":{"uv":[12.625,2.625,12.65625,2.6875],"rotation":0,"texture":"#0","tintindex":0},"north":{"uv":[12.625,2.625,12.65625,2.6875],"rotation":0,"texture":"#0","tintindex":0},"west":{"uv":[12.625,2.625,12.65625,2.6875],"rotation":0,"texture":"#0","tintindex":0},"up":{"uv":[12.625,2.625,12.65625,2.6875],"rotation":0,"texture":"#0","tintindex":0},"down":{"uv":[12.625,2.625,12.65625,2.6875],"rotation":0,"texture":"#0","tintindex":0}}},{"from":[7.8391314,8.686263,6.9866056],"to":[8.230811,9.021989,7.3503084],"rotation":{"angle":0.0,"axis":"y","origin":[-8.1078415,-3.620572,11.540663]},"faces":{"east":{"uv":[12.625,3.75,12.65625,3.8125],"rotation":0,"texture":"#0","tintindex":0},"south":{"uv":[12.625,3.75,12.65625,3.8125],"rotation":0,"texture":"#0","tintindex":0},"north":{"uv":[12.625,3.75,12.65625,3.8125],"rotation":0,"texture":"#0","tintindex":0},"west":{"uv":[12.625,3.75,12.65625,3.8125],"rotation":0,"texture":"#0","tintindex":0},"up":{"uv":[12.625,3.75,12.65625,3.8125],"rotation":0,"texture":"#0","tintindex":0},"down":{"uv":[12.625,3.75,12.65625,3.8125],"rotation":0,"texture":"#0","tintindex":0}}},{"from":[7.8391314,7.548526,6.9866056],"to":[8.230811,7.968183,7.3503084],"rotation":{"angle":0.0,"axis":"y","origin":[-8.1078415,-3.620572,11.540663]},"faces":{"east":{"uv":[12.625,2.25,12.65625,2.3125],"rotation":0,"texture":"#0","tintindex":0},"south":{"uv":[12.625,2.25,12.65625,2.3125],"rotation":0,"texture":"#0","tintindex":0},"north":{"uv":[12.625,2.25,12.65625,2.3125],"rotation":0,"texture":"#0","tintindex":0},"west":{"uv":[12.625,2.25,12.65625,2.3125],"rotation":0,"texture":"#0","tintindex":0},"up":{"uv":[12.625,2.25,12.65625,2.3125],"rotation":0,"texture":"#0","tintindex":0},"down":{"uv":[12.625,2.25,12.65625,2.3125],"rotation":0,"texture":"#0","tintindex":0}}},{"from":[7.8391314,8.145371,6.9866056],"to":[8.230811,8.481097,7.3503084],"rotation":{"angle":0.0,"axis":"y","origin":[-8.1078415,-3.620572,11.540663]},"faces":{"east":{"uv":[12.625,5.25,12.65625,5.3125],"rotation":0,"texture":"#0","tintindex":0},"south":{"uv":[12.625,5.25,12.65625,5.3125],"rotation":0,"texture":"#0","tintindex":0},"north":{"uv":[12.625,5.25,12.65625,5.3125],"rotation":0,"texture":"#0","tintindex":0},"west":{"uv":[12.625,5.25,12.65625,5.3125],"rotation":0,"texture":"#0","tintindex":0},"up":{"uv":[12.625,5.25,12.65625,5.3125],"rotation":0,"texture":"#0","tintindex":0},"down":{"uv":[12.625,5.25,12.65625,5.3125],"rotation":0,"texture":"#0","tintindex":0}}}],"display":{"head":{"translation":[0.0,-6.4,0.0],"scale":[4.0,4.0,4.0]}}}