{"textures":{"0":"modelengine:entity/reaperfinished"},"elements":[{"from":[7.0156193,2.2460952,6.950857],"to":[9.03619,8.049523,9.049143],"rotation":{"angle":0.0,"axis":"y","origin":[8.958476,-2.9859056,8.349714]},"faces":{"east":{"uv":[9.6875,8.25,9.8125,8.96875],"rotation":180,"texture":"#0","tintindex":0},"south":{"uv":[9.6875,8.25,9.8125,8.96875],"rotation":180,"texture":"#0","tintindex":0},"north":{"uv":[9.6875,8.25,9.8125,8.96875],"rotation":180,"texture":"#0","tintindex":0},"west":{"uv":[9.6875,8.25,9.8125,8.96875],"rotation":180,"texture":"#0","tintindex":0},"up":{"uv":[9.6875,8.25,9.8125,8.96875],"rotation":180,"texture":"#0","tintindex":0},"down":{"uv":[9.6875,8.25,9.8125,8.96875],"rotation":180,"texture":"#0","tintindex":0}}}],"display":{"head":{"translation":[0.0,-6.4,0.0],"scale":[4.0,4.0,4.0]}}}