{"textures":{"0":"modelengine:entity/reaperfinished"},"elements":[{"from":[7.6067657,8.639634,7.044114],"to":[8.082377,9.059292,8.023314],"rotation":{"angle":0.0,"axis":"y","origin":[10.908069,-5.557212,12.2976]},"faces":{"east":{"uv":[10.4375,9.125,10.515625,9.1875],"rotation":0,"texture":"#0","tintindex":0},"south":{"uv":[10.4375,9.125,10.515625,9.1875],"rotation":0,"texture":"#0","tintindex":0},"north":{"uv":[10.4375,9.125,10.515625,9.1875],"rotation":0,"texture":"#0","tintindex":0},"west":{"uv":[10.4375,9.125,10.515625,9.1875],"rotation":0,"texture":"#0","tintindex":0},"up":{"uv":[10.4375,9.125,10.515625,9.1875],"rotation":0,"texture":"#0","tintindex":0},"down":{"uv":[10.4375,9.125,10.515625,9.1875],"rotation":0,"texture":"#0","tintindex":0}}},{"from":[7.6067657,8.0987425,7.044114],"to":[8.082377,8.546377,8.023314],"rotation":{"angle":0.0,"axis":"y","origin":[10.908069,-5.557212,12.2976]},"faces":{"east":{"uv":[12.5625,8.625,12.640625,8.6875],"rotation":0,"texture":"#0","tintindex":0},"south":{"uv":[12.5625,8.625,12.640625,8.6875],"rotation":0,"texture":"#0","tintindex":0},"north":{"uv":[12.5625,8.625,12.640625,8.6875],"rotation":0,"texture":"#0","tintindex":0},"west":{"uv":[12.5625,8.625,12.640625,8.6875],"rotation":0,"texture":"#0","tintindex":0},"up":{"uv":[12.5625,8.625,12.640625,8.6875],"rotation":0,"texture":"#0","tintindex":0},"down":{"uv":[12.5625,8.625,12.640625,8.6875],"rotation":0,"texture":"#0","tintindex":0}}},{"from":[7.6067657,7.501897,7.044114],"to":[8.082377,8.005486,8.023314],"rotation":{"angle":0.0,"axis":"y","origin":[10.908069,-5.557212,12.2976]},"faces":{"east":{"uv":[11.75,9.0,11.828125,9.09375],"rotation":0,"texture":"#0","tintindex":0},"south":{"uv":[11.75,9.0,11.828125,9.09375],"rotation":0,"texture":"#0","tintindex":0},"north":{"uv":[11.75,9.0,11.828125,9.09375],"rotation":0,"texture":"#0","tintindex":0},"west":{"uv":[11.75,9.0,11.828125,9.09375],"rotation":0,"texture":"#0","tintindex":0},"up":{"uv":[11.75,9.0,11.828125,9.09375],"rotation":0,"texture":"#0","tintindex":0},"down":{"uv":[11.75,9.0,11.828125,9.09375],"rotation":0,"texture":"#0","tintindex":0}}}],"display":{"head":{"translation":[0.0,-6.4,0.0],"scale":[4.0,4.0,4.0]}}}