{"textures":{},"elements":[{"from":[7.369143,7.504,7.782857],"to":[8.630857,8.496,10.845715],"rotation":{"angle":0.0,"axis":"y","origin":[7.9222856,6.445714,8.397715]},"faces":{"east":{"uv":[11.0,8.375,11.21875,8.75],"rotation":0,"texture":"#missing","tintindex":0},"south":{"uv":[10.5625,8.5,10.734375,8.875],"rotation":0,"texture":"#missing","tintindex":0},"north":{"uv":[12.25,3.25,12.421875,3.625],"rotation":0,"texture":"#missing","tintindex":0},"west":{"uv":[12.25,0.0,12.46875,0.375],"rotation":0,"texture":"#missing","tintindex":0},"up":{"uv":[12.421875,2.0625,12.25,1.625],"rotation":0,"texture":"#missing","tintindex":0},"down":{"uv":[12.421875,2.125,12.25,2.5625],"rotation":0,"texture":"#missing","tintindex":0}}}],"display":{"head":{"translation":[0.0,-6.4,0.0],"scale":[4.0,4.0,4.0]}}}