{"textures":{"0":"modelengine:entity/reaperfinished"},"elements":[{"from":[5.9794283,25.563429,6.212571],"to":[10.797714,29.138287,9.088],"rotation":{"angle":0.0,"axis":"y","origin":[8.0,14.217142,8.0]},"faces":{"east":{"uv":[9.6875,6.4875,9.921875,7.0625],"rotation":90,"texture":"#0","tintindex":0},"south":{"uv":[9.6875,6.4875,9.921875,7.0625],"rotation":90,"texture":"#0","tintindex":0},"north":{"uv":[9.6875,6.4875,9.921875,7.0625],"rotation":90,"texture":"#0","tintindex":0},"west":{"uv":[9.6875,6.4875,9.921875,7.0625],"rotation":90,"texture":"#0","tintindex":0},"up":{"uv":[9.6875,6.4875,9.921875,7.0625],"rotation":90,"texture":"#0","tintindex":0},"down":{"uv":[9.6875,6.4875,9.921875,7.0625],"rotation":90,"texture":"#0","tintindex":0}}}],"display":{"head":{"translation":[0.0,-6.4,0.0],"scale":[4.0,4.0,4.0]}}}