{"textures":{"1":"modelengine:entity/mammoth"},"elements":[{"from":[6.7486973,4.07648,4.0687485],"to":[8.860697,4.95648,4.5716057],"rotation":{"angle":-45.0,"axis":"x","origin":[7.854983,3.850194,4.43332]},"faces":{"east":{"uv":[8.0,11.75,8.3125,12.25],"rotation":0,"texture":"#1","tintindex":0},"south":{"uv":[8.0,11.75,8.3125,12.25],"rotation":0,"texture":"#1","tintindex":0},"north":{"uv":[8.0,11.75,8.3125,12.25],"rotation":0,"texture":"#1","tintindex":0},"west":{"uv":[8.0,11.75,8.3125,12.25],"rotation":0,"texture":"#1","tintindex":0},"up":{"uv":[8.0,11.75,8.3125,12.25],"rotation":0,"texture":"#1","tintindex":0},"down":{"uv":[8.0,11.75,8.3125,12.25],"rotation":0,"texture":"#1","tintindex":0}}},{"from":[6.547554,4.07648,4.5716057],"to":[9.086983,4.95648,5.527034],"rotation":{"angle":-45.0,"axis":"x","origin":[7.854983,3.850194,4.43332]},"faces":{"east":{"uv":[0.5,12.1875,0.75,12.4375],"rotation":0,"texture":"#1","tintindex":0},"south":{"uv":[11.625,9.9375,12.25,10.1875],"rotation":0,"texture":"#1","tintindex":0},"north":{"uv":[11.625,1.1875,12.25,1.4375],"rotation":0,"texture":"#1","tintindex":0},"west":{"uv":[0.75,12.1875,1.0,12.4375],"rotation":0,"texture":"#1","tintindex":0},"up":{"uv":[0.625,12.0625,0.0,11.8125],"rotation":0,"texture":"#1","tintindex":0},"down":{"uv":[12.4375,11.125,11.8125,11.375],"rotation":0,"texture":"#1","tintindex":0}}},{"from":[6.547554,4.403337,4.144177],"to":[9.086983,6.89248,5.8538914],"rotation":{"angle":0.0,"axis":"y","origin":[7.8801255,6.414766,8.443605]},"faces":{"east":{"uv":[0.4375,10.875,0.875,11.5],"rotation":0,"texture":"#1","tintindex":0},"south":{"uv":[9.75,3.75,10.375,4.375],"rotation":0,"texture":"#1","tintindex":0},"north":{"uv":[8.5625,9.625,9.1875,10.25],"rotation":0,"texture":"#1","tintindex":0},"west":{"uv":[0.875,10.875,1.3125,11.5],"rotation":0,"texture":"#1","tintindex":0},"up":{"uv":[1.9375,11.3125,1.3125,10.875],"rotation":0,"texture":"#1","tintindex":0},"down":{"uv":[5.9375,10.875,5.3125,11.3125],"rotation":0,"texture":"#1","tintindex":0}}},{"from":[6.4218397,4.1267653,5.8538914],"to":[9.288126,10.337051,8.267606],"rotation":{"angle":0.0,"axis":"y","origin":[7.8801255,6.414766,8.443605]},"faces":{"east":{"uv":[5.6875,1.5,6.3125,3.0625],"rotation":0,"texture":"#1","tintindex":0},"south":{"uv":[2.3125,5.125,3.0,6.6875],"rotation":0,"texture":"#1","tintindex":0},"north":{"uv":[5.0,2.25,5.6875,3.8125],"rotation":0,"texture":"#1","tintindex":0},"west":{"uv":[5.6875,3.0625,6.3125,4.625],"rotation":0,"texture":"#1","tintindex":0},"up":{"uv":[9.75,4.375,9.0625,3.75],"rotation":0,"texture":"#1","tintindex":0},"down":{"uv":[9.875,6.4375,9.1875,7.0625],"rotation":0,"texture":"#1","tintindex":0}}},{"from":[6.346411,8.609023,4.98372],"to":[9.338411,10.836452,6.3162913],"rotation":{"angle":0.0,"axis":"y","origin":[7.82984,9.878737,6.12772]},"faces":{"east":{"uv":[1.3125,11.3125,1.625,11.9375],"rotation":0,"texture":"#1","tintindex":0},"south":{"uv":[8.875,1.375,9.625,2.0],"rotation":0,"texture":"#1","tintindex":0},"north":{"uv":[5.3125,8.8125,6.0625,9.4375],"rotation":0,"texture":"#1","tintindex":0},"west":{"uv":[1.625,11.3125,1.9375,11.9375],"rotation":0,"texture":"#1","tintindex":0},"up":{"uv":[7.0625,4.625,6.3125,4.3125],"rotation":0,"texture":"#1","tintindex":0},"down":{"uv":[4.9375,11.0625,4.1875,11.375],"rotation":0,"texture":"#1","tintindex":0}}},{"from":[6.4092684,8.546165,5.800863],"to":[9.275555,10.773594,7.1334343],"rotation":{"angle":22.5,"axis":"x","origin":[7.82984,9.878737,6.12772]},"faces":{"east":{"uv":[1.0,11.5,1.3125,12.125],"rotation":0,"texture":"#1","tintindex":0},"south":{"uv":[2.0,9.0,2.75,9.625],"rotation":0,"texture":"#1","tintindex":0},"north":{"uv":[1.25,9.0,2.0,9.625],"rotation":0,"texture":"#1","tintindex":0},"west":{"uv":[1.9375,11.5,2.25,12.125],"rotation":0,"texture":"#1","tintindex":0},"up":{"uv":[11.875,6.625,11.125,6.3125],"rotation":0,"texture":"#1","tintindex":0},"down":{"uv":[11.875,6.625,11.125,6.9375],"rotation":0,"texture":"#1","tintindex":0}}},{"from":[6.6984115,5.847857,3.0303082],"to":[8.961268,8.789572,4.8908796],"rotation":{"angle":-22.5,"axis":"x","origin":[7.82984,5.9987144,3.684023]},"faces":{"east":{"uv":[5.25,1.5,5.6875,2.25],"rotation":0,"texture":"#1","tintindex":0},"south":{"uv":[0.5,9.5625,1.0625,10.3125],"rotation":0,"texture":"#1","tintindex":0},"north":{"uv":[8.0,9.5,8.5625,10.25],"rotation":0,"texture":"#1","tintindex":0},"west":{"uv":[5.5,10.125,5.9375,10.875],"rotation":0,"texture":"#1","tintindex":0},"up":{"uv":[11.5625,4.8125,11.0,4.375],"rotation":0,"texture":"#1","tintindex":0},"down":{"uv":[11.625,1.0,11.0625,1.4375],"rotation":0,"texture":"#1","tintindex":0}}},{"from":[5.956697,9.694715,4.457737],"to":[9.728126,11.165571,5.670308],"rotation":{"angle":45.0,"axis":"x","origin":[7.82984,11.454715,3.2565942]},"faces":{"east":{"uv":[0.625,11.8125,1.0,12.1875],"rotation":0,"texture":"#1","tintindex":0},"south":{"uv":[10.0,8.625,10.9375,9.0],"rotation":0,"texture":"#1","tintindex":0},"north":{"uv":[10.0,2.6875,10.9375,3.0625],"rotation":0,"texture":"#1","tintindex":0},"west":{"uv":[6.4375,11.8125,6.8125,12.1875],"rotation":0,"texture":"#1","tintindex":0},"up":{"uv":[10.9375,9.375,10.0,9.0],"rotation":0,"texture":"#1","tintindex":0},"down":{"uv":[11.0,0.0,10.0625,0.375],"rotation":0,"texture":"#1","tintindex":0}}},{"from":[6.1955543,8.484086,3.9005256],"to":[9.489268,10.6360855,5.3713827],"rotation":{"angle":-22.5,"axis":"x","origin":[7.8424115,10.105801,4.55424]},"faces":{"east":{"uv":[1.1875,3.75,1.5625,4.375],"rotation":0,"texture":"#1","tintindex":0},"south":{"uv":[6.0625,8.75,6.875,9.375],"rotation":0,"texture":"#1","tintindex":0},"north":{"uv":[8.6875,5.8125,9.5,6.4375],"rotation":0,"texture":"#1","tintindex":0},"west":{"uv":[11.0625,4.8125,11.4375,5.4375],"rotation":0,"texture":"#1","tintindex":0},"up":{"uv":[11.4375,8.625,10.625,8.25],"rotation":0,"texture":"#1","tintindex":0},"down":{"uv":[2.8125,10.6875,2.0,11.0625],"rotation":0,"texture":"#1","tintindex":0}}},{"from":[5.843554,7.520766,2.45712],"to":[9.93384,8.501337,4.820548],"rotation":{"angle":45.0,"axis":"x","origin":[7.8172684,8.011051,3.638834]},"faces":{"east":{"uv":[11.875,1.4375,12.4375,1.6875],"rotation":0,"texture":"#1","tintindex":0},"south":{"uv":[11.0,4.125,12.0,4.375],"rotation":0,"texture":"#1","tintindex":0},"north":{"uv":[11.0,0.0,12.0,0.25],"rotation":0,"texture":"#1","tintindex":0},"west":{"uv":[11.875,1.6875,12.4375,1.9375],"rotation":0,"texture":"#1","tintindex":0},"up":{"uv":[8.5625,0.5625,7.5625,0.0],"rotation":0,"texture":"#1","tintindex":0},"down":{"uv":[8.6875,6.1875,7.6875,6.75],"rotation":0,"texture":"#1","tintindex":0}}},{"from":[6.0949826,8.589337,2.8354053],"to":[9.539555,9.332194,3.4262629],"rotation":{"angle":0.0,"axis":"y","origin":[7.8172684,8.011051,3.638834]},"faces":{"east":{"uv":[12.375,9.3125,12.5,9.5625],"rotation":0,"texture":"#1","tintindex":0},"south":{"uv":[10.9375,11.125,11.8125,11.375],"rotation":0,"texture":"#1","tintindex":0},"north":{"uv":[11.125,6.9375,12.0,7.1875],"rotation":0,"texture":"#1","tintindex":0},"west":{"uv":[9.625,12.375,9.75,12.625],"rotation":0,"texture":"#1","tintindex":0},"up":{"uv":[5.875,4.8125,5.0,4.6875],"rotation":0,"texture":"#1","tintindex":0},"down":{"uv":[12.875,6.875,12.0,7.0],"rotation":0,"texture":"#1","tintindex":0}}},{"from":[5.876697,7.7084284,4.212023],"to":[9.870983,9.820429,6.6760225],"rotation":{"angle":22.5,"axis":"x","origin":[7.12584,10.046715,3.2565942]},"faces":{"east":{"uv":[10.5,6.3125,11.125,6.8125],"rotation":0,"texture":"#1","tintindex":0},"south":{"uv":[7.75,9.0,8.625,9.5],"rotation":0,"texture":"#1","tintindex":0},"north":{"uv":[6.875,9.0,7.75,9.5],"rotation":0,"texture":"#1","tintindex":0},"west":{"uv":[10.5,6.8125,11.125,7.3125],"rotation":0,"texture":"#1","tintindex":0},"up":{"uv":[9.1875,8.375,8.3125,7.75],"rotation":0,"texture":"#1","tintindex":0},"down":{"uv":[9.1875,8.375,8.3125,9.0],"rotation":0,"texture":"#1","tintindex":0}}},{"from":[5.89384,6.894623,5.5010285],