{"textures":{"1":"modelengine:entity/mammoth"},"elements":[{"from":[7.8507485,7.702857,7.674137],"to":[8.579891,8.117714,8.252423],"rotation":{"angle":0.0,"axis":"y","origin":[8.314526,7.1245713,7.537286]},"faces":{"east":{"uv":[12.1875,12.375,12.3125,12.5],"rotation":0,"texture":"#1","tintindex":0},"south":{"uv":[12.0625,8.5,12.25,8.625],"rotation":0,"texture":"#1","tintindex":0},"north":{"uv":[11.3125,0.25,11.5,0.375],"rotation":0,"texture":"#1","tintindex":0},"west":{"uv":[12.3125,12.375,12.4375,12.5],"rotation":0,"texture":"#1","tintindex":0},"up":{"uv":[9.9375,12.5,9.75,12.375],"rotation":0,"texture":"#1","tintindex":0},"down":{"uv":[10.125,12.375,9.9375,12.5],"rotation":0,"texture":"#1","tintindex":0}}},{"from":[7.5616055,7.753143,7.7369943],"to":[7.8507485,8.092571,8.176994],"rotation":{"angle":0.0,"axis":"y","origin":[7.2076683,8.696,8.189285]},"faces":{"east":{"uv":[7.75,4.25,7.875,4.3125],"rotation":0,"texture":"#1","tintindex":0},"south":{"uv":[2.5,5.0625,2.5625,5.125],"rotation":0,"texture":"#1","tintindex":0},"north":{"uv":[3.75,4.75,3.8125,4.8125],"rotation":0,"texture":"#1","tintindex":0},"west":{"uv":[7.9375,2.1875,8.0625,2.25],"rotation":0,"texture":"#1","tintindex":0},"up":{"uv":[9.625,1.375,9.5625,1.25],"rotation":0,"texture":"#1","tintindex":0},"down":{"uv":[10.9375,10.625,10.875,10.75],"rotation":0,"texture":"#1","tintindex":0}}},{"from":[7.1225486,7.8116283,7.7998514],"to":[7.5625486,8.075628,8.114137],"rotation":{"angle":0.0,"axis":"y","origin":[7.6611886,8.936771,8.189285]},"faces":{"east":{"uv":[3.6875,5.875,3.75,5.9375],"rotation":0,"texture":"#1","tintindex":0},"south":{"uv":[9.1875,8.9375,9.3125,9.0],"rotation":0,"texture":"#1","tintindex":0},"north":{"uv":[1.6875,8.9375,1.8125,9.0],"rotation":0,"texture":"#1","tintindex":0},"west":{"uv":[3.625,6.625,3.6875,6.6875],"rotation":0,"texture":"#1","tintindex":0},"up":{"uv":[6.6875,10.125,6.5625,10.0625],"rotation":0,"texture":"#1","tintindex":0},"down":{"uv":[7.375,10.125,7.25,10.1875],"rotation":0,"texture":"#1","tintindex":0}}},{"from":[5.963497,7.826223,7.8627086],"to":[6.78064,8.06508,8.088994],"rotation":{"angle":22.5,"axis":"z","origin":[6.932046,8.949343,8.195572]},"faces":{"east":{"uv":[7.1875,0.9375,7.25,1.0],"rotation":0,"texture":"#1","tintindex":0},"south":{"uv":[5.6875,4.625,5.875,4.6875],"rotation":0,"texture":"#1","tintindex":0},"north":{"uv":[2.3125,5.0625,2.5,5.125],"rotation":0,"texture":"#1","tintindex":0},"west":{"uv":[5.25,9.375,5.3125,9.4375],"rotation":0,"texture":"#1","tintindex":0},"up":{"uv":[3.625,6.6875,3.4375,6.625],"rotation":0,"texture":"#1","tintindex":0},"down":{"uv":[7.6875,6.0625,7.5,6.125],"rotation":0,"texture":"#1","tintindex":0}}},{"from":[5.5486403,6.3553658,7.887851],"to":[7.371497,7.826223,8.038709],"rotation":{"angle":22.5,"axis":"z","origin":[6.932046,8.949343,8.195572]},"faces":{"east":{"uv":[3.75,4.0,3.8125,4.375],"rotation":0,"texture":"#1","tintindex":0},"south":{"uv":[6.8125,11.6875,7.25,12.0625],"rotation":0,"texture":"#1","tintindex":0},"north":{"uv":[8.25,5.8125,8.6875,6.1875],"rotation":0,"texture":"#1","tintindex":0},"west":{"uv":[3.75,4.375,3.8125,4.75],"rotation":0,"texture":"#1","tintindex":0},"up":{"uv":[3.4375,6.6875,3.0,6.625],"rotation":0,"texture":"#1","tintindex":0},"down":{"uv":[7.1875,0.9375,6.75,1.0],"rotation":0,"texture":"#1","tintindex":0}}},{"from":[5.5486403,4.89708,7.887851],"to":[7.371497,6.367937,8.038709],"rotation":{"angle":22.5,"axis":"z","origin":[6.932046,8.949343,8.195572]},"faces":{"east":{"uv":[3.6875,5.125,3.75,5.5],"rotation":0,"texture":"#1","tintindex":0},"south":{"uv":[11.0625,11.6875,11.5,12.0625],"rotation":0,"texture":"#1","tintindex":0},"north":{"uv":[10.625,11.6875,11.0625,12.0625],"rotation":0,"texture":"#1","tintindex":0},"west":{"uv":[3.6875,5.5,3.75,5.875],"rotation":0,"texture":"#1","tintindex":0},"up":{"uv":[2.25,8.1875,1.8125,8.125],"rotation":0,"texture":"#1","tintindex":0},"down":{"uv":[0.9375,8.875,0.5,8.9375],"rotation":0,"texture":"#1","tintindex":0}}},{"from":[5.8298283,5.882194,7.8900456],"to":[7.313257,7.353051,8.038388],"rotation":{"angle":-22.5,"axis":"z","origin":[5.752063,6.54196,8.195572]},"faces":{"east":{"uv":[8.5625,0.0,8.625,0.375],"rotation":0,"texture":"#1","tintindex":0},"south":{"uv":[11.875,6.25,12.25,6.625],"rotation":0,"texture":"#1","tintindex":0},"north":{"uv":[5.875,11.875,6.25,12.25],"rotation":0,"texture":"#1","tintindex":0},"west":{"uv":[0.4375,9.75,0.5,10.125],"rotation":0,"texture":"#1","tintindex":0},"up":{"uv":[9.875,6.4375,9.5,6.375],"rotation":0,"texture":"#1","tintindex":0},"down":{"uv":[2.75,9.625,2.375,9.6875],"rotation":0,"texture":"#1","tintindex":0}}},{"from":[7.371497,6.594223,7.887851],"to":[7.66064,7.4616513,8.038709],"rotation":{"angle":22.5,"axis":"z","origin":[6.932046,8.949343,8.195572]},"faces":{"east":{"uv":[8.5625,0.375,8.625,0.5625],"rotation":0,"texture":"#1","tintindex":0},"south":{"uv":[8.8125,1.375,8.875,1.5625],"rotation":0,"texture":"#1","tintindex":0},"north":{"uv":[8.1875,4.9375,8.25,5.125],"rotation":0,"texture":"#1","tintindex":0},"west":{"uv":[0.4375,10.125,0.5,10.3125],"rotation":0,"texture":"#1","tintindex":0},"up":{"uv":[3.0625,10.75,3.0,10.6875],"rotation":0,"texture":"#1","tintindex":0},"down":{"uv":[11.0,4.25,10.9375,4.3125],"rotation":0,"texture":"#1","tintindex":0}}},{"from":[5.184737,7.566594,7.87528],"to":[5.7253084,7.7803087,8.088994],"rotation":{"angle":45.0,"axis":"z","origin":[6.0729885,8.559491,8.195572]},"faces":{"east":{"uv":[7.9375,10.1875,8.0,10.25],"rotation":0,"texture":"#1","tintindex":0},"south":{"uv":[10.375,6.3125,10.5,6.375],"rotation":0,"texture":"#1","tintindex":0},"north":{"uv":[9.1875,10.1875,9.3125,10.25],"rotation":0,"texture":"#1","tintindex":0},"west":{"uv":[10.375,4.3125,10.4375,4.375],"rotation":0,"texture":"#1","tintindex":0},"up":{"uv":[6.0625,10.75,5.9375,10.6875],"rotation":0,"texture":"#1","tintindex":0},"down":{"uv":[10.875,5.5,10.75,5.5625],"rotation":0,"texture":"#1","tintindex":0}}},{"from":[6.4650397,5.86944,7.887851],"to":[6.653611,7.4408684,8.076423],"rotation":{"angle":-22.5,"axis":"z","origin":[6.0729885,8.559491,8.195572]},"faces":{"east":{"uv":[1.625,12.3125,1.6875,12.6875],"rotation":0,"texture":"#1","tintindex":0},"south":{"uv":[2.375,12.375,2.4375,12.75],"rotation":0,"texture":"#1","tintindex":0},"north":{"uv":[5.875,11.3125,5.9375,11.6875],"rotation":0,"texture":"#1","tintindex":0},"west":{"uv":[4.9375,12.375,5.0,12.75],"rotation":0,"texture":"#1","tintindex":0},"up":{"uv":[11.0625,4.875,11.0,4.8125],"rotation":0,"texture":"#1","tintindex":0},"down":{"uv":[9.5625,11.125,9.5,11.1875],"rotation":0,"texture":"#1","tintindex":0}}}],"display":{"head":{"translation":[0.0,-6.4,0.0],"scale":[4.0,4.0,4.0]}}}