{"textures":{"1":"modelengine:entity/mammoth"},"elements":[{"from":[7.7997885,8.131429,7.7686],"to":[8.528932,8.546286,8.346886],"rotation":{"angle":0.0,"axis":"y","origin":[7.49372,7.553143,9.346034]},"faces":{"east":{"uv":[0.5,12.4375,0.625,12.5625],"rotation":0,"texture":"#1","tintindex":0},"south":{"uv":[12.375,10.3125,12.5625,10.4375],"rotation":0,"texture":"#1","tintindex":0},"north":{"uv":[12.375,10.1875,12.5625,10.3125],"rotation":0,"texture":"#1","tintindex":0},"west":{"uv":[0.625,12.4375,0.75,12.5625],"rotation":0,"texture":"#1","tintindex":0},"up":{"uv":[10.8125,12.5,10.625,12.375],"rotation":0,"texture":"#1","tintindex":0},"down":{"uv":[11.0,12.375,10.8125,12.5],"rotation":0,"texture":"#1","tintindex":0}}},{"from":[8.528932,8.181714,7.831457],"to":[8.818074,8.521143,8.271457],"rotation":{"angle":0.0,"axis":"y","origin":[9.172006,9.124572,8.283749]},"faces":{"east":{"uv":[10.9375,3.0,11.0625,3.0625],"rotation":0,"texture":"#1","tintindex":0},"south":{"uv":[7.0,11.3125,7.0625,11.375],"rotation":0,"texture":"#1","tintindex":0},"north":{"uv":[7.0,11.25,7.0625,11.3125],"rotation":0,"texture":"#1","tintindex":0},"west":{"uv":[11.3125,8.1875,11.4375,8.25],"rotation":0,"texture":"#1","tintindex":0},"up":{"uv":[11.0,4.25,10.9375,4.125],"rotation":0,"texture":"#1","tintindex":0},"down":{"uv":[10.9375,11.1875,10.875,11.3125],"rotation":0,"texture":"#1","tintindex":0}}},{"from":[8.817125,8.2402,7.8943143],"to":[9.257126,8.5042,8.2086],"rotation":{"angle":0.0,"axis":"y","origin":[8.718486,9.365343,8.283749]},"faces":{"east":{"uv":[10.875,11.3125,10.9375,11.375],"rotation":0,"texture":"#1","tintindex":0},"south":{"uv":[11.75,2.25,11.875,2.3125],"rotation":0,"texture":"#1","tintindex":0},"north":{"uv":[7.8125,11.375,7.9375,11.4375],"rotation":0,"texture":"#1","tintindex":0},"west":{"uv":[11.375,5.9375,11.4375,6.0],"rotation":0,"texture":"#1","tintindex":0},"up":{"uv":[12.0,2.5625,11.875,2.5],"rotation":0,"texture":"#1","tintindex":0},"down":{"uv":[12.0,6.875,11.875,6.9375],"rotation":0,"texture":"#1","tintindex":0}}},{"from":[9.599034,8.254794,7.9571714],"to":[10.416178,8.493651,8.183457],"rotation":{"angle":-22.5,"axis":"z","origin":[9.447629,9.377914,8.290034]},"faces":{"east":{"uv":[11.375,6.0,11.4375,6.0625],"rotation":0,"texture":"#1","tintindex":0},"south":{"uv":[0.9375,8.875,1.125,8.9375],"rotation":0,"texture":"#1","tintindex":0},"north":{"uv":[2.25,8.125,2.4375,8.1875],"rotation":0,"texture":"#1","tintindex":0},"west":{"uv":[11.4375,5.4375,11.5,5.5],"rotation":0,"texture":"#1","tintindex":0},"up":{"uv":[9.5,5.8125,9.3125,5.75],"rotation":0,"texture":"#1","tintindex":0},"down":{"uv":[1.25,9.5625,1.0625,9.625],"rotation":0,"texture":"#1","tintindex":0}}},{"from":[9.008177,6.783937,7.982314],"to":[10.831035,8.254794,8.133171],"rotation":{"angle":-22.5,"axis":"z","origin":[9.447629,9.377914,8.290034]},"faces":{"east":{"uv":[10.125,12.375,10.1875,12.75],"rotation":0,"texture":"#1","tintindex":0},"south":{"uv":[2.25,11.75,2.6875,12.125],"rotation":0,"texture":"#1","tintindex":0},"north":{"uv":[11.5,11.6875,11.9375,12.0625],"rotation":0,"texture":"#1","tintindex":0},"west":{"uv":[10.1875,12.375,10.25,12.75],"rotation":0,"texture":"#1","tintindex":0},"up":{"uv":[9.3125,5.8125,8.875,5.75],"rotation":0,"texture":"#1","tintindex":0},"down":{"uv":[1.6875,8.9375,1.25,9.0],"rotation":0,"texture":"#1","tintindex":0}}},{"from":[9.008177,5.325651,7.982314],"to":[10.831035,6.7965083,8.133171],"rotation":{"angle":-22.5,"axis":"z","origin":[9.447629,9.377914,8.290034]},"faces":{"east":{"uv":[11.0,12.375,11.0625,12.75],"rotation":0,"texture":"#1","tintindex":0},"south":{"uv":[7.25,11.75,7.6875,12.125],"rotation":0,"texture":"#1","tintindex":0},"north":{"uv":[4.6875,11.75,5.125,12.125],"rotation":0,"texture":"#1","tintindex":0},"west":{"uv":[11.0625,12.375,11.125,12.75],"rotation":0,"texture":"#1","tintindex":0},"up":{"uv":[3.1875,9.0625,2.75,9.0],"rotation":0,"texture":"#1","tintindex":0},"down":{"uv":[5.25,9.375,4.8125,9.4375],"rotation":0,"texture":"#1","tintindex":0}}},{"from":[9.066423,6.3107657,7.984514],"to":[10.549851,7.781623,8.132857],"rotation":{"angle":22.5,"axis":"z","origin":[10.627611,6.9705315,8.290034]},"faces":{"east":{"uv":[11.75,12.375,11.8125,12.75],"rotation":0,"texture":"#1","tintindex":0},"south":{"uv":[11.9375,3.6875,12.3125,4.0625],"rotation":0,"texture":"#1","tintindex":0},"north":{"uv":[1.3125,11.9375,1.6875,12.3125],"rotation":0,"texture":"#1","tintindex":0},"west":{"uv":[11.8125,12.375,11.875,12.75],"rotation":0,"texture":"#1","tintindex":0},"up":{"uv":[10.9375,3.75,10.5625,3.6875],"rotation":0,"texture":"#1","tintindex":0},"down":{"uv":[11.4375,5.4375,11.0625,5.5],"rotation":0,"texture":"#1","tintindex":0}}},{"from":[8.719034,7.0227942,7.982314],"to":[9.008177,7.890223,8.133171],"rotation":{"angle":-22.5,"axis":"z","origin":[9.447629,9.377914,8.290034]},"faces":{"east":{"uv":[10.3125,9.375,10.375,9.5625],"rotation":0,"texture":"#1","tintindex":0},"south":{"uv":[10.5,3.0625,10.5625,3.25],"rotation":0,"texture":"#1","tintindex":0},"north":{"uv":[10.125,5.5625,10.1875,5.75],"rotation":0,"texture":"#1","tintindex":0},"west":{"uv":[1.9375,10.875,2.0,11.0625],"rotation":0,"texture":"#1","tintindex":0},"up":{"uv":[11.5,7.25,11.4375,7.1875],"rotation":0,"texture":"#1","tintindex":0},"down":{"uv":[11.5,7.25,11.4375,7.3125],"rotation":0,"texture":"#1","tintindex":0}}},{"from":[10.654371,7.995166,7.969743],"to":[11.194942,8.20888,8.183457],"rotation":{"angle":-45.0,"axis":"z","origin":[10.306691,8.988063,8.290034]},"faces":{"east":{"uv":[11.5,0.25,11.5625,0.3125],"rotation":0,"texture":"#1","tintindex":0},"south":{"uv":[8.9375,12.0625,9.0625,12.125],"rotation":0,"texture":"#1","tintindex":0},"north":{"uv":[5.125,12.0625,5.25,12.125],"rotation":0,"texture":"#1","tintindex":0},"west":{"uv":[11.5,0.3125,11.5625,0.375],"rotation":0,"texture":"#1","tintindex":0},"up":{"uv":[11.875,12.125,11.75,12.0625],"rotation":0,"texture":"#1","tintindex":0},"down":{"uv":[12.25,2.1875,12.125,2.25],"rotation":0,"texture":"#1","tintindex":0}}},{"from":[9.7260685,6.2980113,7.982314],"to":[9.91464,7.86944,8.170886],"rotation":{"angle":22.5,"axis":"z","origin":[10.306691,8.988063,8.290034]},"faces":{"east":{"uv":[11.9375,12.375,12.0,12.75],"rotation":0,"texture":"#1","tintindex":0},"south":{"uv":[12.0,12.375,12.0625,12.75],"rotation":0,"texture":"#1","tintindex":0},"north":{"uv":[11.875,12.375,11.9375,12.75],"rotation":0,"texture":"#1","tintindex":0},"west":{"uv":[12.0625,12.375,12.125,12.75],"rotation":0,"texture":"#1","tintindex":0},"up":{"uv":[10.6875,11.5625,10.625,11.5],"rotation":0,"texture":"#1","tintindex":0},"down":{"uv":[10.6875,11.5625,10.625,11.625],"rotation":0,"texture":"#1","tintindex":0}}}],"display":{"head":{"translation":[0.0,-6.4,0.0],"scale":[4.0,4.0,4.0]}}}