{"textures":{"0":"modelengine:entity/mso_lava_lord"},"elements":[{"from":[5.64,11.776,-0.024000168],"to":[10.360001,16.496,1.8639998],"rotation":{"angle":22.5,"axis":"x","origin":[8.0,14.136,0.9199996]},"faces":{"east":{"uv":[8.75,11.875,8.875,12.125],"rotation":0,"texture":"#0","tintindex":0},"south":{"uv":[9.25,11.875,9.5,12.125],"rotation":0,"texture":"#0","tintindex":0},"north":{"uv":[8.875,11.875,9.125,12.125],"rotation":0,"texture":"#0","tintindex":0},"west":{"uv":[9.125,11.875,9.25,12.125],"rotation":0,"texture":"#0","tintindex":0},"up":{"uv":[9.125,11.875,8.875,11.75],"rotation":0,"texture":"#0","tintindex":0},"down":{"uv":[9.375,11.75,9.125,11.875],"rotation":0,"texture":"#0","tintindex":0}}},{"from":[5.168,11.776,-0.4960003],"to":[10.832,17.44,3.2799997],"rotation":{"angle":22.5,"axis":"x","origin":[8.0,14.608,0.44799995]},"faces":{"east":{"uv":[11.125,3.375,11.375,3.75],"rotation":0,"texture":"#0","tintindex":0},"south":{"uv":[12.0,3.375,12.375,3.75],"rotation":0,"texture":"#0","tintindex":0},"north":{"uv":[11.375,3.375,11.75,3.75],"rotation":0,"texture":"#0","tintindex":0},"west":{"uv":[11.75,3.375,12.0,3.75],"rotation":0,"texture":"#0","tintindex":0},"up":{"uv":[11.75,3.375,11.375,3.125],"rotation":0,"texture":"#0","tintindex":0},"down":{"uv":[12.125,3.125,11.75,3.375],"rotation":0,"texture":"#0","tintindex":0}}},{"from":[-1.4400005,8.0,2.336],"to":[17.44,19.328,13.664],"rotation":{"angle":0.0,"axis":"y","origin":[8.0,8.0,8.0]},"faces":{"east":{"uv":[3.75,3.125,4.5,3.875],"rotation":0,"texture":"#0","tintindex":0},"south":{"uv":[6.5,3.125,7.75,3.875],"rotation":0,"texture":"#0","tintindex":0},"north":{"uv":[4.5,3.125,5.75,3.875],"rotation":0,"texture":"#0","tintindex":0},"west":{"uv":[5.75,3.125,6.5,3.875],"rotation":0,"texture":"#0","tintindex":0},"up":{"uv":[5.75,3.125,4.5,2.375],"rotation":0,"texture":"#0","tintindex":0},"down":{"uv":[7.0,2.375,5.75,3.125],"rotation":0,"texture":"#0","tintindex":0}}},{"from":[6.112,6.112,-0.024000168],"to":[9.8880005,9.8880005,1.8639998],"rotation":{"angle":45.0,"axis":"z","origin":[8.0,8.0,0.9199996]},"faces":{"east":{"uv":[11.875,5.875,12.0,6.125],"rotation":0,"texture":"#0","tintindex":0},"south":{"uv":[12.375,5.875,12.625,6.125],"rotation":0,"texture":"#0","tintindex":0},"north":{"uv":[5.125,12.0,5.375,12.25],"rotation":0,"texture":"#0","tintindex":0},"west":{"uv":[12.25,5.875,12.375,6.125],"rotation":0,"texture":"#0","tintindex":0},"up":{"uv":[12.25,5.875,12.0,5.75],"rotation":0,"texture":"#0","tintindex":0},"down":{"uv":[12.5,5.75,12.25,5.875],"rotation":0,"texture":"#0","tintindex":0}}},{"from":[5.168,8.0,0.44799995],"to":[10.832,9.8880005,2.336],"rotation":{"angle":0.0,"axis":"y","origin":[2.336,6.112,6.112]},"faces":{"east":{"uv":[7.0,3.0,7.125,3.125],"rotation":0,"texture":"#0","tintindex":0},"south":{"uv":[7.625,3.0,8.0,3.125],"rotation":0,"texture":"#0","tintindex":0},"north":{"uv":[7.125,3.0,7.5,3.125],"rotation":0,"texture":"#0","tintindex":0},"west":{"uv":[7.5,3.0,7.625,3.125],"rotation":0,"texture":"#0","tintindex":0},"up":{"uv":[7.5,3.0,7.125,2.875],"rotation":0,"texture":"#0","tintindex":0},"down":{"uv":[7.875,2.875,7.5,3.0],"rotation":0,"texture":"#0","tintindex":0}}},{"from":[4.224,9.8880005,0.44799995],"to":[11.776,13.664,2.336],"rotation":{"angle":0.0,"axis":"y","origin":[2.336,8.0,6.112]},"faces":{"east":{"uv":[0.0,3.5,0.125,3.75],"rotation":0,"texture":"#0","tintindex":0},"south":{"uv":[0.75,3.5,1.25,3.75],"rotation":0,"texture":"#0","tintindex":0},"north":{"uv":[0.125,3.5,0.625,3.75],"rotation":0,"texture":"#0","tintindex":0},"west":{"uv":[0.625,3.5,0.75,3.75],"rotation":0,"texture":"#0","tintindex":0},"up":{"uv":[0.625,3.5,0.125,3.375],"rotation":0,"texture":"#0","tintindex":0},"down":{"uv":[1.125,3.375,0.625,3.5],"rotation":0,"texture":"#0","tintindex":0}}},{"from":[-1.4400005,11.0208,-0.4960003],"to":[2.336,14.796801,1.3919997],"rotation":{"angle":45.0,"axis":"z","origin":[0.44799995,12.9088,0.44799995]},"faces":{"east":{"uv":[11.75,10.0,11.875,10.25],"rotation":0,"texture":"#0","tintindex":0},"south":{"uv":[12.25,10.0,12.5,10.25],"rotation":0,"texture":"#0","tintindex":0},"north":{"uv":[5.125,12.0,5.375,12.25],"rotation":0,"texture":"#0","tintindex":0},"west":{"uv":[12.125,10.0,12.25,10.25],"rotation":0,"texture":"#0","tintindex":0},"up":{"uv":[12.125,10.0,11.875,9.875],"rotation":0,"texture":"#0","tintindex":0},"down":{"uv":[12.375,9.875,12.125,10.0],"rotation":0,"texture":"#0","tintindex":0}}},{"from":[-1.4400005,11.0208,14.608],"to":[4.224,14.796801,16.496],"rotation":{"angle":45.0,"axis":"z","origin":[0.44799995,12.9088,15.552]},"faces":{"east":{"uv":[5.75,11.125,5.875,11.375],"rotation":0,"texture":"#0","tintindex":0},"south":{"uv":[6.375,11.125,6.75,11.375],"rotation":0,"texture":"#0","tintindex":0},"north":{"uv":[5.875,11.125,6.25,11.375],"rotation":0,"texture":"#0","tintindex":0},"west":{"uv":[6.25,11.125,6.375,11.375],"rotation":0,"texture":"#0","tintindex":0},"up":{"uv":[6.25,11.125,5.875,11.0],"rotation":0,"texture":"#0","tintindex":0},"down":{"uv":[6.625,11.0,6.25,11.125],"rotation":0,"texture":"#0","tintindex":0}}},{"from":[6.112,5.8288,13.664],"to":[11.776,11.4928,15.552],"rotation":{"angle":45.0,"axis":"z","origin":[8.0,7.7168,14.608]},"faces":{"east":{"uv":[11.25,8.625,11.375,9.0],"rotation":0,"texture":"#0","tintindex":0},"south":{"uv":[5.625,11.5,6.0,11.875],"rotation":0,"texture":"#0","tintindex":0},"north":{"uv":[11.375,8.625,11.75,9.0],"rotation":0,"texture":"#0","tintindex":0},"west":{"uv":[11.75,8.625,11.875,9.0],"rotation":0,"texture":"#0","tintindex":0},"up":{"uv":[11.75,8.625,11.375,8.5],"rotation":0,"texture":"#0","tintindex":0},"down":{"uv":[12.125,8.5,11.75,8.625],"rotation":0,"texture":"#0","tintindex":0}}},{"from":[-3.328,9.8880005,0.44799995],"to":[0.44799995,15.552,15.552],"rotation":{"angle":0.0,"axis":"y","origin":[-7.104,8.0,8.0]},"faces":{"east":{"uv":[0.0,9.375,1.0,9.75],"rotation":0,"texture":"#0","tintindex":0},"south":{"uv":[2.25,9.375,2.5,9.75],"rotation":0,"texture":"#0","tintindex":0},"north":{"uv":[1.0,9.375,1.25,9.75],"rotation":0,"texture":"#0","tintindex":0},"west":{"uv":[1.25,9.375,2.25,9.75],"rotation":0,"texture":"#0","tintindex":0},"up":{"uv":[1.25,9.375,1.0,8.375],"rotation":0,"texture":"#0","tintindex":0},"down":{"uv":[1.5,8.375,1.25,9.375],"rotation":0,"texture":"#0","tintindex":0}}},{"from":[-3.8000002,8.0,4.224],"to":[-1.9120007,11.776,11.776],"rotation":{"angle":22.5,"axis":"z","origin":[-3.8000002,8.0,8.0]},"faces":{"east":{"uv":[0.0,11.375,0.5,11.625],"rotation":0,"texture":"#0","tintindex":0},"south":{"uv":[1.125,11.375,1.25,11.625],"rotation":0,"texture":"#0","tintindex":0},"north":{"uv":[0.5,11.375,0.625,11.625],"rotation":0,"texture":"#0","tintindex":0},"west":{"uv":[0.625,11.375,1.125,11.625],"rotation":0,"texture":"#0","tintindex":0},"up":{"uv":[0.625,11.375,0.5,10.875],"rotation":0,"texture":"#0","tintindex":0},"down":{"uv":[0.75,10.875,0.625,11.375],"rotation":0,"texture":"#0","tintindex":0}}},{"from":[-3.8000002,10.832,2.336],"to":[-1.9120007,14.608,13.664],"rotation":{"angle":22.5,"axis":"z","origin":[-3.8000002,10.832,8.0]},"faces":{"east":{"uv":[7.0,2.625,7.75,2.875],"rotation":0,"texture":"#0","tintindex":0},"south":{"uv":[8.625,2.625,8.75,2.875],"rotation":0,"texture":"#0","tintindex":0},"north":{"uv":[7.75,2.625,7.875,2.875],"rotation":0,"texture":"#0","tintindex":0},"west":{"uv":[7.875,2.625,8.625,2.875],"rotation":0,"texture":"#0","tintindex":0},"up":{"uv":[7.875,2.625,7.75,1.875],"rotation":0,"texture":"#0","tintindex":0},"down":{"uv":[8.0,1.875,7.875,2.625],"rotation":0,"texture":"#0","tintindex":0}}},{"from":[13.664,11.0208,-0.4960003],"to":[17.44,14.796801,1.3919997],"rotation":{"angle":-45.0,"axis":"z","origin":[15.552,12.9088,0.44799995]},"faces":{"east":{"uv":[12.25,10.0,12.125,10.25],"rotation":0,"texture":"#0","tintindex":0},"south":{"uv":[12.5,10.0,12.25,10.25],"rotation":0,"texture":"#0","tintindex":0},"north":{"uv":[5.375,12.0,5.125,12.25],"rotation":0,"texture":"#0","tintindex":0},