{"textures":{"0":"modelengine:entity/mso_lava_lord"},"elements":[{"from":[6.112,6.112,1.8639998],"to":[9.8880005,9.8880005,3.7519999],"rotation":{"angle":45.0,"axis":"z","origin":[8.0,8.0,2.8079996]},"faces":{"east":{"uv":[11.75,11.5,11.875,11.75],"rotation":0,"texture":"#0","tintindex":0},"south":{"uv":[12.25,11.5,12.5,11.75],"rotation":0,"texture":"#0","tintindex":0},"north":{"uv":[5.125,12.0,5.375,12.25],"rotation":0,"texture":"#0","tintindex":0},"west":{"uv":[12.125,11.5,12.25,11.75],"rotation":0,"texture":"#0","tintindex":0},"up":{"uv":[12.125,11.5,11.875,11.375],"rotation":0,"texture":"#0","tintindex":0},"down":{"uv":[12.375,11.375,12.125,11.5],"rotation":0,"texture":"#0","tintindex":0}}},{"from":[0.44799995,9.8880005,2.336],"to":[3.2799997,15.552,13.664],"rotation":{"angle":0.0,"axis":"y","origin":[-3.328,8.0,8.0]},"faces":{"east":{"uv":[0.0,10.5,0.75,10.875],"rotation":0,"texture":"#0","tintindex":0},"south":{"uv":[0.75,10.5,0.875,10.875],"rotation":0,"texture":"#0","tintindex":0},"north":{"uv":[0.75,10.5,0.875,10.875],"rotation":0,"texture":"#0","tintindex":0},"west":{"uv":[2.75,9.75,3.625,10.125],"rotation":0,"texture":"#0","tintindex":0},"up":{"uv":[0.875,10.5,0.75,9.75],"rotation":0,"texture":"#0","tintindex":0},"down":{"uv":[1.0,9.75,0.875,10.5],"rotation":0,"texture":"#0","tintindex":0}}},{"from":[-0.024000168,10.832,4.224],"to":[1.8639998,14.608,11.776],"rotation":{"angle":22.5,"axis":"z","origin":[-0.024000168,10.832,8.0]},"faces":{"east":{"uv":[6.25,11.375,6.75,11.625],"rotation":0,"texture":"#0","tintindex":0},"south":{"uv":[6.625,10.5,6.75,10.75],"rotation":0,"texture":"#0","tintindex":0},"north":{"uv":[6.625,10.5,6.75,10.75],"rotation":0,"texture":"#0","tintindex":0},"west":{"uv":[6.875,11.375,7.375,11.625],"rotation":0,"texture":"#0","tintindex":0},"up":{"uv":[6.875,11.375,6.75,10.875],"rotation":0,"texture":"#0","tintindex":0},"down":{"uv":[7.0,10.875,6.875,11.375],"rotation":0,"texture":"#0","tintindex":0}}},{"from":[-0.024000168,8.0,6.112],"to":[1.8639998,11.776,9.8880005],"rotation":{"angle":22.5,"axis":"z","origin":[-0.024000168,8.0,8.0]},"faces":{"east":{"uv":[8.0,12.0,8.25,12.25],"rotation":0,"texture":"#0","tintindex":0},"south":{"uv":[6.625,10.5,6.75,10.75],"rotation":0,"texture":"#0","tintindex":0},"north":{"uv":[6.625,10.5,6.75,10.75],"rotation":0,"texture":"#0","tintindex":0},"west":{"uv":[8.375,12.0,8.625,12.25],"rotation":0,"texture":"#0","tintindex":0},"up":{"uv":[6.0,10.75,5.875,10.5],"rotation":0,"texture":"#0","tintindex":0},"down":{"uv":[8.5,11.75,8.375,12.0],"rotation":0,"texture":"#0","tintindex":0}}},{"from":[14.136,10.832,4.224],"to":[16.024,14.608,11.776],"rotation":{"angle":-22.5,"axis":"z","origin":[16.024,10.832,8.0]},"faces":{"east":{"uv":[7.375,11.375,6.875,11.625],"rotation":0,"texture":"#0","tintindex":0},"south":{"uv":[6.75,10.5,6.625,10.75],"rotation":0,"texture":"#0","tintindex":0},"north":{"uv":[6.75,10.5,6.625,10.75],"rotation":0,"texture":"#0","tintindex":0},"west":{"uv":[6.75,11.375,6.25,11.625],"rotation":0,"texture":"#0","tintindex":0},"up":{"uv":[6.75,11.375,6.875,10.875],"rotation":0,"texture":"#0","tintindex":0},"down":{"uv":[6.875,10.875,7.0,11.375],"rotation":0,"texture":"#0","tintindex":0}}},{"from":[12.72,9.8880005,2.336],"to":[15.552,15.552,13.664],"rotation":{"angle":0.0,"axis":"y","origin":[19.328,8.0,8.0]},"faces":{"east":{"uv":[3.625,9.75,2.75,10.125],"rotation":0,"texture":"#0","tintindex":0},"south":{"uv":[0.875,10.5,0.75,10.875],"rotation":0,"texture":"#0","tintindex":0},"north":{"uv":[0.875,10.5,0.75,10.875],"rotation":0,"texture":"#0","tintindex":0},"west":{"uv":[0.75,10.5,0.0,10.875],"rotation":0,"texture":"#0","tintindex":0},"up":{"uv":[0.75,10.5,0.875,9.75],"rotation":0,"texture":"#0","tintindex":0},"down":{"uv":[0.875,9.75,1.0,10.5],"rotation":0,"texture":"#0","tintindex":0}}},{"from":[14.136,8.0,6.112],"to":[16.024,11.776,9.8880005],"rotation":{"angle":-22.5,"axis":"z","origin":[16.024,8.0,8.0]},"faces":{"east":{"uv":[8.625,12.0,8.375,12.25],"rotation":0,"texture":"#0","tintindex":0},"south":{"uv":[1.25,11.375,1.125,11.625],"rotation":0,"texture":"#0","tintindex":0},"north":{"uv":[6.75,10.5,6.625,10.75],"rotation":0,"texture":"#0","tintindex":0},"west":{"uv":[8.25,12.0,8.0,12.25],"rotation":0,"texture":"#0","tintindex":0},"up":{"uv":[5.875,10.75,6.0,10.5],"rotation":0,"texture":"#0","tintindex":0},"down":{"uv":[8.375,11.75,8.5,12.0],"rotation":0,"texture":"#0","tintindex":0}}},{"from":[5.168,5.168,5.168],"to":[10.832,8.0,10.832],"rotation":{"angle":-45.0,"axis":"y","origin":[8.0,5.168,8.0]},"faces":{"east":{"uv":[4.875,7.75,5.25,7.875],"rotation":0,"texture":"#0","tintindex":0},"south":{"uv":[6.0,7.75,6.375,7.875],"rotation":0,"texture":"#0","tintindex":0},"north":{"uv":[5.25,7.75,5.625,7.875],"rotation":0,"texture":"#0","tintindex":0},"west":{"uv":[5.625,7.75,6.0,7.875],"rotation":0,"texture":"#0","tintindex":0},"up":{"uv":[5.625,7.75,5.25,7.375],"rotation":0,"texture":"#0","tintindex":0},"down":{"uv":[6.0,7.375,5.625,7.75],"rotation":0,"texture":"#0","tintindex":0}}},{"from":[6.112,6.112,3.2799997],"to":[9.8880005,8.0,12.72],"rotation":{"angle":0.0,"axis":"y","origin":[8.0,7.0559998,8.0]},"faces":{"east":{"uv":[2.375,3.0,3.0,3.125],"rotation":0,"texture":"#0","tintindex":0},"south":{"uv":[3.875,3.0,4.125,3.125],"rotation":0,"texture":"#0","tintindex":0},"north":{"uv":[3.0,3.0,3.25,3.125],"rotation":0,"texture":"#0","tintindex":0},"west":{"uv":[3.25,3.0,3.875,3.125],"rotation":0,"texture":"#0","tintindex":0},"up":{"uv":[3.25,3.0,3.0,2.375],"rotation":0,"texture":"#0","tintindex":0},"down":{"uv":[3.5,2.375,3.25,3.0],"rotation":0,"texture":"#0","tintindex":0}}},{"from":[2.336,8.0,4.224],"to":[13.664,17.44,11.776],"rotation":{"angle":0.0,"axis":"y","origin":[8.0,8.0,8.0]},"faces":{"east":{"uv":[8.75,0.5,9.25,1.125],"rotation":0,"texture":"#0","tintindex":0},"south":{"uv":[10.5,0.5,11.25,1.125],"rotation":0,"texture":"#0","tintindex":0},"north":{"uv":[9.25,0.5,10.0,1.125],"rotation":0,"texture":"#0","tintindex":0},"west":{"uv":[10.0,0.5,10.5,1.125],"rotation":0,"texture":"#0","tintindex":0},"up":{"uv":[10.0,0.5,9.25,0.0],"rotation":0,"texture":"#0","tintindex":0},"down":{"uv":[10.75,0.0,10.0,0.5],"rotation":0,"texture":"#0","tintindex":0}}},{"from":[5.168,8.0,2.336],"to":[10.832,11.776,4.224],"rotation":{"angle":0.0,"axis":"y","origin":[2.336,6.112,8.0]},"faces":{"east":{"uv":[11.5,1.625,11.625,1.875],"rotation":0,"texture":"#0","tintindex":0},"south":{"uv":[12.125,1.625,12.5,1.875],"rotation":0,"texture":"#0","tintindex":0},"north":{"uv":[11.625,1.625,12.0,1.875],"rotation":0,"texture":"#0","tintindex":0},"west":{"uv":[12.0,1.625,12.125,1.875],"rotation":0,"texture":"#0","tintindex":0},"up":{"uv":[12.0,1.625,11.625,1.5],"rotation":0,"texture":"#0","tintindex":0},"down":{"uv":[12.375,1.5,12.0,1.625],"rotation":0,"texture":"#0","tintindex":0}}},{"from":[7.0559998,5.8288,11.304],"to":[10.832,9.6048,13.192],"rotation":{"angle":45.0,"axis":"z","origin":[8.0,6.7728,12.248]},"faces":{"east":{"uv":[8.125,11.25,8.25,11.5],"rotation":0,"texture":"#0","tintindex":0},"south":{"uv":[8.625,11.25,8.875,11.5],"rotation":0,"texture":"#0","tintindex":0},"north":{"uv":[8.25,11.25,8.5,11.5],"rotation":0,"texture":"#0","tintindex":0},"west":{"uv":[8.5,11.25,8.625,11.5],"rotation":0,"texture":"#0","tintindex":0},"up":{"uv":[8.5,11.25,8.25,11.125],"rotation":0,"texture":"#0","tintindex":0},"down":{"uv":[8.75,11.125,8.5,11.25],"rotation":0,"texture":"#0","tintindex":0}}},{"from":[7.0559998,7.7168,11.776],"to":[12.72,13.3808,13.664],"rotation":{"angle":45.0,"axis":"z","origin":[8.0,8.6608,12.72]},"faces":{"east":{"uv":[11.25,0.5,11.375,0.875],"rotation":0,"texture":"#0","tintindex":0},"south":{"uv":[11.875,0.5,12.25,0.875],"rotation":0,"texture":"#0","tintindex":0},"north":{"uv":[11.375,0.5,11.75,0.875],"rotation":0,"texture":"#0","tintindex":0},"west":{"uv":[11.75,0.5,11.875,0.875],"rotation":0,"texture":"#0","tintindex":0},"up":{"uv":[11.75,0.5,11.375,0.375],"rotation":0,"texture":"#0",