{"textures":{"0":"modelengine:entity/mso_lava_lord"},"elements":[{"from":[5.168,6.112,7.0559998],"to":[8.944,9.8880005,8.944],"rotation":{"angle":0.0,"axis":"y","origin":[8.0,8.0,8.0]},"faces":{"east":{"uv":[12.25,7.875,12.125,8.125],"rotation":0,"texture":"#0","tintindex":0},"south":{"uv":[12.5,7.875,12.25,8.125],"rotation":0,"texture":"#0","tintindex":0},"north":{"uv":[12.125,7.875,11.875,8.125],"rotation":0,"texture":"#0","tintindex":0},"west":{"uv":[11.875,7.875,11.75,8.125],"rotation":0,"texture":"#0","tintindex":0},"up":{"uv":[11.875,7.875,12.125,7.75],"rotation":0,"texture":"#0","tintindex":0},"down":{"uv":[12.125,7.75,12.375,7.875],"rotation":0,"texture":"#0","tintindex":0}}},{"from":[-0.4960003,5.168,6.112],"to":[5.168,14.608,9.8880005],"rotation":{"angle":0.0,"axis":"y","origin":[1.3919997,3.2799997,12.72]},"faces":{"east":{"uv":[11.625,2.125,11.375,2.75],"rotation":0,"texture":"#0","tintindex":0},"south":{"uv":[12.0,2.125,11.625,2.75],"rotation":0,"texture":"#0","tintindex":0},"north":{"uv":[11.375,2.125,11.0,2.75],"rotation":0,"texture":"#0","tintindex":0},"west":{"uv":[11.0,2.125,10.75,2.75],"rotation":0,"texture":"#0","tintindex":0},"up":{"uv":[11.0,2.125,11.375,1.875],"rotation":0,"texture":"#0","tintindex":0},"down":{"uv":[11.375,1.875,11.75,2.125],"rotation":0,"texture":"#0","tintindex":0}}},{"from":[-0.024000168,14.136,6.584],"to":[4.696,21.688,9.416],"rotation":{"angle":-22.5,"axis":"z","origin":[0.44799995,14.136,8.944]},"faces":{"east":{"uv":[12.125,3.875,12.0,4.375],"rotation":0,"texture":"#0","tintindex":0},"south":{"uv":[12.375,3.875,12.125,4.375],"rotation":0,"texture":"#0","tintindex":0},"north":{"uv":[12.0,3.875,11.75,4.375],"rotation":0,"texture":"#0","tintindex":0},"west":{"uv":[11.75,3.875,11.625,4.375],"rotation":0,"texture":"#0","tintindex":0},"up":{"uv":[11.75,3.875,12.0,3.75],"rotation":0,"texture":"#0","tintindex":0},"down":{"uv":[12.0,3.75,12.25,3.875],"rotation":0,"texture":"#0","tintindex":0}}},{"from":[3.2799997,21.0272,7.0559998],"to":[7.0559998,26.6912,8.944],"rotation":{"angle":-45.0,"axis":"z","origin":[3.2799997,21.0272,8.944]},"faces":{"east":{"uv":[7.75,11.875,7.625,12.25],"rotation":0,"texture":"#0","tintindex":0},"south":{"uv":[8.0,11.875,7.75,12.25],"rotation":0,"texture":"#0","tintindex":0},"north":{"uv":[7.625,11.875,7.375,12.25],"rotation":0,"texture":"#0","tintindex":0},"west":{"uv":[7.375,11.875,7.25,12.25],"rotation":0,"texture":"#0","tintindex":0},"up":{"uv":[7.375,11.875,7.625,11.75],"rotation":0,"texture":"#0","tintindex":0},"down":{"uv":[7.625,11.75,7.875,11.875],"rotation":0,"texture":"#0","tintindex":0}}}],"display":{"head":{"translation":[0.0,-6.4,0.0],"scale":[4.0,4.0,4.0]}}}