{"textures":{"0":"modelengine:entity/mso_lava_lord"},"elements":[{"from":[7.0559998,6.112,7.0559998],"to":[10.832,9.8880005,8.944],"rotation":{"angle":0.0,"axis":"y","origin":[8.0,8.0,8.0]},"faces":{"east":{"uv":[11.75,7.875,11.875,8.125],"rotation":0,"texture":"#0","tintindex":0},"south":{"uv":[12.25,7.875,12.5,8.125],"rotation":0,"texture":"#0","tintindex":0},"north":{"uv":[11.875,7.875,12.125,8.125],"rotation":0,"texture":"#0","tintindex":0},"west":{"uv":[12.125,7.875,12.25,8.125],"rotation":0,"texture":"#0","tintindex":0},"up":{"uv":[12.125,7.875,11.875,7.75],"rotation":0,"texture":"#0","tintindex":0},"down":{"uv":[12.375,7.75,12.125,7.875],"rotation":0,"texture":"#0","tintindex":0}}},{"from":[10.832,5.168,6.112],"to":[16.496,14.608,9.8880005],"rotation":{"angle":0.0,"axis":"y","origin":[14.608,3.2799997,12.72]},"faces":{"east":{"uv":[10.75,2.125,11.0,2.75],"rotation":0,"texture":"#0","tintindex":0},"south":{"uv":[11.625,2.125,12.0,2.75],"rotation":0,"texture":"#0","tintindex":0},"north":{"uv":[11.0,2.125,11.375,2.75],"rotation":0,"texture":"#0","tintindex":0},"west":{"uv":[11.375,2.125,11.625,2.75],"rotation":0,"texture":"#0","tintindex":0},"up":{"uv":[11.375,2.125,11.0,1.875],"rotation":0,"texture":"#0","tintindex":0},"down":{"uv":[11.75,1.875,11.375,2.125],"rotation":0,"texture":"#0","tintindex":0}}},{"from":[11.304,14.136,6.584],"to":[16.024,21.688,9.416],"rotation":{"angle":22.5,"axis":"z","origin":[15.552,14.136,8.944]},"faces":{"east":{"uv":[11.625,3.875,11.75,4.375],"rotation":0,"texture":"#0","tintindex":0},"south":{"uv":[12.125,3.875,12.375,4.375],"rotation":0,"texture":"#0","tintindex":0},"north":{"uv":[11.75,3.875,12.0,4.375],"rotation":0,"texture":"#0","tintindex":0},"west":{"uv":[12.0,3.875,12.125,4.375],"rotation":0,"texture":"#0","tintindex":0},"up":{"uv":[12.0,3.875,11.75,3.75],"rotation":0,"texture":"#0","tintindex":0},"down":{"uv":[12.25,3.75,12.0,3.875],"rotation":0,"texture":"#0","tintindex":0}}},{"from":[8.944,21.0272,7.0559998],"to":[12.72,26.6912,8.944],"rotation":{"angle":45.0,"axis":"z","origin":[12.72,21.0272,8.944]},"faces":{"east":{"uv":[7.25,11.875,7.375,12.25],"rotation":0,"texture":"#0","tintindex":0},"south":{"uv":[7.75,11.875,8.0,12.25],"rotation":0,"texture":"#0","tintindex":0},"north":{"uv":[7.375,11.875,7.625,12.25],"rotation":0,"texture":"#0","tintindex":0},"west":{"uv":[7.625,11.875,7.75,12.25],"rotation":0,"texture":"#0","tintindex":0},"up":{"uv":[7.625,11.875,7.375,11.75],"rotation":0,"texture":"#0","tintindex":0},"down":{"uv":[7.875,11.75,7.625,11.875],"rotation":0,"texture":"#0","tintindex":0}}}],"display":{"head":{"translation":[0.0,-6.4,0.0],"scale":[4.0,4.0,4.0]}}}