{"textures":{"0":"modelengine:entity/asianelephant"},"elements":[{"from":[6.6571426,-0.15621185,9.977063],"to":[9.228572,0.7009311,11.634206],"rotation":{"angle":-22.5,"axis":"x","origin":[9.028571,2.043788,10.8056345]},"faces":{"east":{"uv":[2.61875,0.09375,2.4375,0.0],"rotation":0,"texture":"#0","tintindex":0},"south":{"uv":[2.71875,0.09375,2.4375,0.0],"rotation":0,"texture":"#0","tintindex":0},"north":{"uv":[4.3125,2.375,2.4375,0.0],"rotation":0,"texture":"#0","tintindex":0},"west":{"uv":[2.61875,0.09375,2.4375,0.0],"rotation":0,"texture":"#0","tintindex":0},"up":{"uv":[2.71875,0.18125,2.4375,0.0],"rotation":0,"texture":"#0","tintindex":0},"down":{"uv":[2.71875,0.18125,2.4375,0.0],"rotation":0,"texture":"#0","tintindex":0}}},{"from":[6.6571426,1.1009312,9.51992],"to":[9.228572,1.9580741,11.177063],"rotation":{"angle":-45.0,"axis":"x","origin":[9.028571,2.043788,10.8056345]},"faces":{"east":{"uv":[2.61875,0.09375,2.4375,0.0],"rotation":0,"texture":"#0","tintindex":0},"south":{"uv":[2.71875,0.09375,2.4375,0.0],"rotation":0,"texture":"#0","tintindex":0},"north":{"uv":[4.3125,2.375,2.4375,0.0],"rotation":0,"texture":"#0","tintindex":0},"west":{"uv":[2.61875,0.09375,2.4375,0.0],"rotation":0,"texture":"#0","tintindex":0},"up":{"uv":[2.71875,0.18125,2.4375,0.0],"rotation":0,"texture":"#0","tintindex":0},"down":{"uv":[2.71875,0.18125,2.4375,0.0],"rotation":0,"texture":"#0","tintindex":0}}},{"from":[6.6,0.3580737,8.434206],"to":[9.285714,2.415217,10.662777],"rotation":{"angle":-45.0,"axis":"x","origin":[9.028571,2.043788,10.8056345]},"faces":{"east":{"uv":[2.68125,0.225,2.4375,0.0],"rotation":0,"texture":"#0","tintindex":0},"south":{"uv":[2.73125,0.225,2.4375,0.0],"rotation":0,"texture":"#0","tintindex":0},"north":{"uv":[2.73125,0.225,2.4375,0.0],"rotation":0,"texture":"#0","tintindex":0},"west":{"uv":[2.68125,0.225,2.4375,0.0],"rotation":0,"texture":"#0","tintindex":0},"up":{"uv":[4.3125,2.375,2.4375,0.0],"rotation":0,"texture":"#0","tintindex":0},"down":{"uv":[2.73125,0.24375,2.4375,0.0],"rotation":0,"texture":"#0","tintindex":0}}},{"from":[6.885714,0.88571405,6.942857],"to":[9.114285,3.9142857,9.171429],"rotation":{"angle":-22.5,"axis":"x","origin":[8.0,5.6571426,8.6285715]},"faces":{"east":{"uv":[2.68125,0.33125,2.4375,0.0],"rotation":0,"texture":"#0","tintindex":0},"south":{"uv":[2.68125,0.33125,2.4375,0.0],"rotation":0,"texture":"#0","tintindex":0},"north":{"uv":[2.68125,0.33125,2.4375,0.0],"rotation":0,"texture":"#0","tintindex":0},"west":{"uv":[2.68125,0.33125,2.4375,0.0],"rotation":0,"texture":"#0","tintindex":0},"up":{"uv":[4.3125,2.375,2.4375,0.0],"rotation":0,"texture":"#0","tintindex":0},"down":{"uv":[4.3125,2.375,2.4375,0.0],"rotation":0,"texture":"#0","tintindex":0}}},{"from":[6.6571426,3.3999996,7.4],"to":[9.342857,8.657143,9.971429],"rotation":{"angle":0.0,"axis":"y","origin":[8.0,13.771429,10.514286]},"faces":{"east":{"uv":[2.71875,0.575,2.4375,0.0],"rotation":0,"texture":"#0","tintindex":0},"south":{"uv":[2.73125,0.575,2.4375,0.0],"rotation":0,"texture":"#0","tintindex":0},"north":{"uv":[2.73125,0.575,2.4375,0.0],"rotation":0,"texture":"#0","tintindex":0},"west":{"uv":[2.71875,0.575,2.4375,0.0],"rotation":0,"texture":"#0","tintindex":0},"up":{"uv":[4.3125,2.375,2.4375,0.0],"rotation":0,"texture":"#0","tintindex":0},"down":{"uv":[4.3125,2.375,2.4375,0.0],"rotation":0,"texture":"#0","tintindex":0}}}],"display":{"head":{"translation":[0.0,-6.4,0.0],"scale":[4.0,4.0,4.0]}}}