{"textures":{"0":"modelengine:entity/asianelephant"},"elements":[{"from":[5.9714284,3.9835482,7.1492],"to":[9.914286,8.097835,10.920629],"rotation":{"angle":0.0,"axis":"y","origin":[8.0,5.897834,12.6634865]},"faces":{"east":{"uv":[2.85,0.4375,2.4375,0.0],"rotation":0,"texture":"#0","tintindex":0},"south":{"uv":[4.3125,2.375,2.4375,0.0],"rotation":0,"texture":"#0","tintindex":0},"north":{"uv":[2.86875,0.4375,2.4375,0.0],"rotation":0,"texture":"#0","tintindex":0},"west":{"uv":[2.85,0.4375,2.4375,0.0],"rotation":0,"texture":"#0","tintindex":0},"up":{"uv":[4.3125,2.375,2.4375,0.0],"rotation":0,"texture":"#0","tintindex":0},"down":{"uv":[4.3125,2.375,2.4375,0.0],"rotation":0,"texture":"#0","tintindex":0}}},{"from":[6.3714285,1.2978339,7.1492],"to":[9.6285715,6.269263,10.292057],"rotation":{"angle":-22.5,"axis":"x","origin":[8.0,5.897834,12.6634865]},"faces":{"east":{"uv":[2.78125,0.54375,2.4375,0.0],"rotation":0,"texture":"#0","tintindex":0},"south":{"uv":[2.79375,0.54375,2.4375,0.0],"rotation":0,"texture":"#0","tintindex":0},"north":{"uv":[2.79375,0.54375,2.4375,0.0],"rotation":0,"texture":"#0","tintindex":0},"west":{"uv":[2.78125,0.54375,2.4375,0.0],"rotation":0,"texture":"#0","tintindex":0},"up":{"uv":[4.3125,2.375,2.4375,0.0],"rotation":0,"texture":"#0","tintindex":0},"down":{"uv":[4.3125,2.375,2.4375,0.0],"rotation":0,"texture":"#0","tintindex":0}}}],"display":{"head":{"translation":[0.0,-6.4,0.0],"scale":[4.0,4.0,4.0]}}}