{"textures":{"0":"modelengine:entity/gargoylespawn"},"elements":[{"from":[-6.285715,0.57142735,0.85714245],"to":[22.285715,17.142857,15.714286],"rotation":{"angle":0.0,"axis":"y","origin":[9.142858,-11.1428585,4.8571424]},"faces":{"east":{"uv":[5.970588,11.529411,6.7352943,12.382353],"rotation":0,"texture":"#0","tintindex":0},"south":{"uv":[6.970588,4.0882354,8.441176,4.9411764],"rotation":0,"texture":"#0","tintindex":0},"north":{"uv":[6.970588,3.235294,8.441176,4.0882354],"rotation":0,"texture":"#0","tintindex":0},"west":{"uv":[11.558824,0.0,12.323529,0.85294116],"rotation":0,"texture":"#0","tintindex":0},"up":{"uv":[8.441176,5.7058825,6.970588,4.9411764],"rotation":0,"texture":"#0","tintindex":0},"down":{"uv":[8.441176,5.7058825,6.970588,6.470588],"rotation":0,"texture":"#0","tintindex":0}}},{"from":[22.285715,3.4285703,1.9999995],"to":[28.0,15.999999,14.571428],"rotation":{"angle":0.0,"axis":"y","origin":[9.142858,-11.1428585,4.8571424]},"faces":{"east":{"uv":[10.970589,12.441176,11.617647,13.088235],"rotation":0,"texture":"#0","tintindex":0},"south":{"uv":[14.617647,10.3529415,14.911765,11.0],"rotation":0,"texture":"#0","tintindex":0},"north":{"uv":[10.029411,14.558824,10.323529,15.205882],"rotation":0,"texture":"#0","tintindex":0},"west":{"uv":[11.617647,12.441176,12.264706,13.088235],"rotation":0,"texture":"#0","tintindex":0},"up":{"uv":[8.235294,15.294118,7.9411764,14.6470585],"rotation":0,"texture":"#0","tintindex":0},"down":{"uv":[8.529411,14.6470585,8.235294,15.294118],"rotation":0,"texture":"#0","tintindex":0}}},{"from":[-12.0,3.4285703,1.9999995],"to":[-6.285715,15.999999,14.571428],"rotation":{"angle":0.0,"axis":"y","origin":[6.857143,-11.1428585,4.8571424]},"faces":{"east":{"uv":[12.264706,12.441176,12.911765,13.088235],"rotation":0,"texture":"#0","tintindex":0},"south":{"uv":[14.676471,1.5882353,14.970589,2.235294],"rotation":0,"texture":"#0","tintindex":0},"north":{"uv":[14.676471,0.9411765,14.970589,1.5882353],"rotation":0,"texture":"#0","tintindex":0},"west":{"uv":[12.470589,6.382353,13.117647,7.029412],"rotation":0,"texture":"#0","tintindex":0},"up":{"uv":[14.970589,2.8823528,14.676471,2.235294],"rotation":0,"texture":"#0","tintindex":0},"down":{"uv":[6.470588,14.676471,6.1764708,15.323529],"rotation":0,"texture":"#0","tintindex":0}}},{"from":[1.7142854,17.142857,7.142857],"to":[14.285715,32.0,19.714287],"rotation":{"angle":-22.5,"axis":"x","origin":[8.571428,24.285713,15.142858]},"faces":{"east":{"uv":[1.5882353,11.941176,2.235294,12.705882],"rotation":0,"texture":"#0","tintindex":0},"south":{"uv":[11.941176,8.058824,12.588235,8.823529],"rotation":0,"texture":"#0","tintindex":0},"north":{"uv":[0.9411765,11.911765,1.5882353,12.676471],"rotation":0,"texture":"#0","tintindex":0},"west":{"uv":[0.0,11.970589,0.64705884,12.735294],"rotation":0,"texture":"#0","tintindex":0},"up":{"uv":[12.764706,2.0588236,12.117647,1.4117647],"rotation":0,"texture":"#0","tintindex":0},"down":{"uv":[12.941176,9.294118,12.294118,9.941176],"rotation":0,"texture":"#0","tintindex":0}}},{"from":[-2.285715,3.4285703,2.5714283],"to":[18.285715,23.428572,19.714287],"rotation":{"angle":0.0,"axis":"y","origin":[9.714286,-11.1428585,0.85714245]},"faces":{"east":{"uv":[9.588235,0.0,10.470589,1.0294118],"rotation":0,"texture":"#0","tintindex":0},"south":{"uv":[4.4117646,7.3235292,5.470588,8.3529415],"rotation":0,"texture":"#0","tintindex":0},"north":{"uv":[6.970588,6.470588,8.029411,7.5],"rotation":0,"texture":"#0","tintindex":0},"west":{"uv":[9.0,9.6470585,9.882353,10.676471],"rotation":0,"texture":"#0","tintindex":0},"up":{"uv":[10.058824,8.0,9.0,7.117647],"rotation":0,"texture":"#0","tintindex":0},"down":{"uv":[10.058824,8.764706,9.0,9.6470585],"rotation":0,"texture":"#0","tintindex":0}}}],"display":{"head":{"translation":[0.0,8.457148,0.0],"scale":[4.0,4.0,4.0]}}}