{"textures":{"0":"modelengine:entity/gargoylespawn"},"elements":[{"from":[-16.0,1.1428566,1.1428566],"to":[18.285717,13.142858,12.571428],"rotation":{"angle":0.0,"axis":"y","origin":[68.571434,-8.285715,6.857143]},"faces":{"east":{"uv":[12.735294,10.823529,13.323529,11.441176],"rotation":0,"texture":"#0","tintindex":0},"south":{"uv":[7.8235292,0.61764705,9.588235,1.2352941],"rotation":0,"texture":"#0","tintindex":0},"north":{"uv":[7.8235292,0.0,9.588235,0.61764705],"rotation":0,"texture":"#0","tintindex":0},"west":{"uv":[12.911765,12.294118,13.5,12.911765],"rotation":0,"texture":"#0","tintindex":0},"up":{"uv":[10.205882,4.9411764,8.441176,4.352941],"rotation":0,"texture":"#0","tintindex":0},"down":{"uv":[10.205882,4.9411764,8.441176,5.529412],"rotation":0,"texture":"#0","tintindex":0}}},{"from":[-9.142857,2.2857141,5.142857],"to":[22.285717,14.857143,16.0],"rotation":{"angle":0.0,"axis":"y","origin":[68.571434,-8.285715,6.857143]},"faces":{"east":{"uv":[12.941176,4.117647,13.5,4.7647057],"rotation":0,"texture":"#0","tintindex":0},"south":{"uv":[8.382353,8.117647,10.0,8.764706],"rotation":0,"texture":"#0","tintindex":0},"north":{"uv":[6.7647057,8.117647,8.382353,8.764706],"rotation":0,"texture":"#0","tintindex":0},"west":{"uv":[12.941176,4.7647057,13.5,5.4117646],"rotation":0,"texture":"#0","tintindex":0},"up":{"uv":[6.617647,10.323529,5.0,9.764706],"rotation":0,"texture":"#0","tintindex":0},"down":{"uv":[11.5,9.6470585,9.882353,10.205882],"rotation":0,"texture":"#0","tintindex":0}}}],"display":{"head":{"translation":[-29.714294,-6.4,0.0],"scale":[4.0,4.0,4.0]}}}