{"textures":{"0":"modelengine:entity/gargoylespawn"},"elements":[{"from":[-4.9285717,3.3461838,3.1214676],"to":[9.357143,12.48904,12.264325],"rotation":{"angle":0.0,"axis":"y","origin":[13.928572,3.6318974,17.407183]},"faces":{"east":{"uv":[14.323529,3.4117646,14.794118,3.8823528],"rotation":0,"texture":"#0","tintindex":0},"south":{"uv":[13.117647,6.382353,13.8529415,6.852941],"rotation":0,"texture":"#0","tintindex":0},"north":{"uv":[11.558824,13.088235,12.294118,13.558824],"rotation":0,"texture":"#0","tintindex":0},"west":{"uv":[14.323529,5.470588,14.794118,5.9411764],"rotation":0,"texture":"#0","tintindex":0},"up":{"uv":[13.8529415,12.1470585,13.117647,11.676471],"rotation":0,"texture":"#0","tintindex":0},"down":{"uv":[13.911765,0.47058824,13.176471,0.9411765],"rotation":0,"texture":"#0","tintindex":0}}},{"from":[-10.07143,0.48904037,-3.1642475],"to":[-0.9285717,9.631898,9.978611],"rotation":{"angle":-22.5,"axis":"x","origin":[-6.0714293,7.917612,1.6928959]},"faces":{"east":{"uv":[13.470589,12.911765,14.1470585,13.382353],"rotation":0,"texture":"#0","tintindex":0},"south":{"uv":[14.382353,4.9411764,14.8529415,5.4117646],"rotation":0,"texture":"#0","tintindex":0},"north":{"uv":[14.382353,4.470588,14.8529415,4.9411764],"rotation":0,"texture":"#0","tintindex":0},"west":{"uv":[13.470589,13.382353,14.1470585,13.8529415],"rotation":0,"texture":"#0","tintindex":0},"up":{"uv":[13.970589,4.0882354,13.5,3.4117646],"rotation":0,"texture":"#0","tintindex":0},"down":{"uv":[13.970589,4.0882354,13.5,4.7647057],"rotation":0,"texture":"#0","tintindex":0}}},{"from":[-11.214287,0.48904037,-10.021391],"to":[-4.3571434,7.346184,3.1214676],"rotation":{"angle":22.5,"axis":"x","origin":[-8.357143,7.917612,1.6928959]},"faces":{"east":{"uv":[1.6470588,14.058824,2.3235295,14.411765],"rotation":0,"texture":"#0","tintindex":0},"south":{"uv":[15.058824,8.5,15.411765,8.8529415],"rotation":0,"texture":"#0","tintindex":0},"north":{"uv":[15.058824,7.3235292,15.411765,7.6764708],"rotation":0,"texture":"#0","tintindex":0},"west":{"uv":[6.5588236,14.088235,7.2352943,14.441176],"rotation":0,"texture":"#0","tintindex":0},"up":{"uv":[0.3529412,14.823529,0.0,14.1470585],"rotation":0,"texture":"#0","tintindex":0},"down":{"uv":[0.7058824,14.1470585,0.3529412,14.823529],"rotation":0,"texture":"#0","tintindex":0}}},{"from":[-12.357143,10.7747555,-11.164246],"to":[-6.6428576,25.06047,-5.4499617],"rotation":{"angle":-22.5,"axis":"x","origin":[-8.357143,7.917612,1.6928959]},"faces":{"east":{"uv":[14.441176,6.7352943,14.735294,7.470588],"rotation":0,"texture":"#0","tintindex":0},"south":{"uv":[6.852941,14.441176,7.147059,15.176471],"rotation":0,"texture":"#0","tintindex":0},"north":{"uv":[6.5588236,14.441176,6.852941,15.176471],"rotation":0,"texture":"#0","tintindex":0},"west":{"uv":[2.9411764,14.470589,3.235294,15.205882],"rotation":0,"texture":"#0","tintindex":0},"up":{"uv":[14.264706,4.7647057,13.970589,4.470588],"rotation":0,"texture":"#0","tintindex":0},"down":{"uv":[9.470589,15.1470585,9.176471,15.441176],"rotation":0,"texture":"#0","tintindex":0}}}],"display":{"head":{"translation":[0.0,-6.4,0.0],"scale":[4.0,4.0,4.0]}}}