{"textures":{"0":"modelengine:entity/gargoylespawn"},"elements":[{"from":[5.3560386,4.869167,6.4],"to":[8.556039,29.669167,9.6],"rotation":{"angle":22.5,"axis":"z","origin":[2.8354783,11.409546,8.0]},"faces":{"east":{"uv":[7.852941,11.6470585,8.088235,13.470589],"rotation":0,"texture":"#0","tintindex":0},"south":{"uv":[0.64705884,11.970589,0.88235295,13.794118],"rotation":0,"texture":"#0","tintindex":0},"north":{"uv":[7.617647,11.6470585,7.852941,13.470589],"rotation":0,"texture":"#0","tintindex":0},"west":{"uv":[5.7352943,12.029411,5.970588,13.8529415],"rotation":0,"texture":"#0","tintindex":0},"up":{"uv":[15.411765,11.058824,15.176471,10.823529],"rotation":0,"texture":"#0","tintindex":0},"down":{"uv":[15.411765,11.058824,15.176471,11.294118],"rotation":0,"texture":"#0","tintindex":0}}},{"from":[-4.529044,-15.980909,8.0],"to":[7.0709567,28.019093,8.0],"rotation":{"angle":0.0,"axis":"y","origin":[2.8354783,13.009546,8.0]},"faces":{"east":{"uv":[0.0,0.0,0.0,3.235294],"rotation":0,"texture":"#0","tintindex":0},"south":{"uv":[2.7058823,6.470588,3.5588236,9.705882],"rotation":0,"texture":"#0","tintindex":0},"north":{"uv":[1.8529412,6.470588,2.7058823,9.705882],"rotation":0,"texture":"#0","tintindex":0},"west":{"uv":[0.0,0.0,0.0,3.235294],"rotation":0,"texture":"#0","tintindex":0},"up":{"uv":[0.85294116,0.0,0.0,0.0],"rotation":0,"texture":"#0","tintindex":0},"down":{"uv":[0.85294116,0.0,0.0,0.0],"rotation":0,"texture":"#0","tintindex":0}}}],"display":{"head":{"translation":[0.0,-6.4,0.0],"scale":[4.0,4.0,4.0]}}}