{"textures":{"0":"modelengine:entity/gargoylespawn"},"elements":[{"from":[-5.9431458,-16.0,6.4],"to":[-2.743146,24.000002,9.6],"rotation":{"angle":-45.0,"axis":"z","origin":[-4.3431463,4.000001,8.0]},"faces":{"east":{"uv":[3.0588236,10.529411,3.2941177,13.470589],"rotation":0,"texture":"#0","tintindex":0},"south":{"uv":[3.2941177,10.529411,3.5294118,13.470589],"rotation":0,"texture":"#0","tintindex":0},"north":{"uv":[2.8235295,10.529411,3.0588236,13.470589],"rotation":0,"texture":"#0","tintindex":0},"west":{"uv":[3.5294118,10.529411,3.764706,13.470589],"rotation":0,"texture":"#0","tintindex":0},"up":{"uv":[15.411765,14.970589,15.176471,14.735294],"rotation":0,"texture":"#0","tintindex":0},"down":{"uv":[0.23529412,15.205882,0.0,15.441176],"rotation":0,"texture":"#0","tintindex":0}}}],"display":{"head":{"translation":[0.0,-39.77259,0.0],"scale":[4.0,4.0,4.0]}}}