{"textures":{"0":"modelengine:entity/gargoylespawn"},"elements":[{"from":[2.5137134,-7.429143,2.5137134],"to":[11.200571,9.943429,10.743429],"rotation":{"angle":0.0,"axis":"y","origin":[6.857143,8.571428,2.514285]},"faces":{"east":{"uv":[2.235294,12.823529,2.6470587,13.705882],"rotation":0,"texture":"#0","tintindex":0},"south":{"uv":[0.0,12.735294,0.44117647,13.617647],"rotation":0,"texture":"#0","tintindex":0},"north":{"uv":[5.029412,12.705882,5.470588,13.588235],"rotation":0,"texture":"#0","tintindex":0},"west":{"uv":[9.176471,12.823529,9.588235,13.705882],"rotation":0,"texture":"#0","tintindex":0},"up":{"uv":[15.088235,4.2941175,14.6470585,3.8823528],"rotation":0,"texture":"#0","tintindex":0},"down":{"uv":[15.088235,11.529411,14.6470585,11.941176],"rotation":0,"texture":"#0","tintindex":0}}},{"from":[3.4285712,-13.828573,4.8],"to":[10.285714,-1.0285721,13.028572],"rotation":{"angle":0.0,"axis":"y","origin":[6.857143,8.571428,2.514285]},"faces":{"east":{"uv":[11.0,13.911765,11.411765,14.558824],"rotation":0,"texture":"#0","tintindex":0},"south":{"uv":[7.2352943,14.1470585,7.5882354,14.794118],"rotation":0,"texture":"#0","tintindex":0},"north":{"uv":[3.8823528,14.1470585,4.2352943,14.794118],"rotation":0,"texture":"#0","tintindex":0},"west":{"uv":[0.8235294,13.941176,1.2352941,14.588235],"rotation":0,"texture":"#0","tintindex":0},"up":{"uv":[6.1764708,15.235294,5.8235292,14.823529],"rotation":0,"texture":"#0","tintindex":0},"down":{"uv":[15.205882,4.2941175,14.8529415,4.7058825],"rotation":0,"texture":"#0","tintindex":0}}}],"display":{"head":{"translation":[0.0,-6.4,0.0],"scale":[4.0,4.0,4.0]}}}