{"textures":{"0":"modelengine:entity/gargoylespawn"},"elements":[{"from":[0.0,3.7142854,-3.7142859],"to":[16.0,8.857143,11.714286],"rotation":{"angle":0.0,"axis":"y","origin":[8.0,8.514286,8.685715]},"faces":{"east":{"uv":[14.323529,12.5,15.117647,12.764706],"rotation":0,"texture":"#0","tintindex":0},"south":{"uv":[14.323529,5.9411764,15.1470585,6.2058825],"rotation":0,"texture":"#0","tintindex":0},"north":{"uv":[13.794118,9.029411,14.617647,9.294118],"rotation":0,"texture":"#0","tintindex":0},"west":{"uv":[4.8235292,14.470589,5.617647,14.735294],"rotation":0,"texture":"#0","tintindex":0},"up":{"uv":[11.941176,9.323529,11.117647,8.529411],"rotation":0,"texture":"#0","tintindex":0},"down":{"uv":[2.4705882,11.1470585,1.6470588,11.941176],"rotation":0,"texture":"#0","tintindex":0}}},{"from":[12.313445,8.057143,3.0285711],"to":[14.599159,10.342857,5.3142858],"rotation":{"angle":45.0,"axis":"z","origin":[14.19916,10.0,2.228571]},"faces":{"east":{"uv":[5.0,7.1764708,5.117647,7.2941175],"rotation":0,"texture":"#0","tintindex":0},"south":{"uv":[6.1764708,7.3235292,6.2941175,7.4411764],"rotation":0,"texture":"#0","tintindex":0},"north":{"uv":[4.882353,7.1764708,5.0,7.2941175],"rotation":0,"texture":"#0","tintindex":0},"west":{"uv":[6.2941175,7.3235292,6.4117646,7.4411764],"rotation":0,"texture":"#0","tintindex":0},"up":{"uv":[6.529412,7.4411764,6.4117646,7.3235292],"rotation":0,"texture":"#0","tintindex":0},"down":{"uv":[6.647059,7.3235292,6.529412,7.4411764],"rotation":0,"texture":"#0","tintindex":0}}},{"from":[8.570587,8.114285,-1.4285717],"to":[10.856302,10.4,0.85714245],"rotation":{"angle":45.0,"axis":"z","origin":[10.62773,10.0,-0.6857147]},"faces":{"east":{"uv":[6.7647057,7.3235292,6.882353,7.4411764],"rotation":0,"texture":"#0","tintindex":0},"south":{"uv":[9.0,8.0,9.117647,8.117647],"rotation":0,"texture":"#0","tintindex":0},"north":{"uv":[6.647059,7.3235292,6.7647057,7.4411764],"rotation":0,"texture":"#0","tintindex":0},"west":{"uv":[9.117647,8.0,9.235294,8.117647],"rotation":0,"texture":"#0","tintindex":0},"up":{"uv":[9.3529415,8.117647,9.235294,8.0],"rotation":0,"texture":"#0","tintindex":0},"down":{"uv":[9.470589,8.0,9.3529415,8.117647],"rotation":0,"texture":"#0","tintindex":0}}},{"from":[1.4008412,8.057143,3.0285711],"to":[3.686555,10.342857,5.3142858],"rotation":{"angle":-45.0,"axis":"z","origin":[1.8008409,10.0,2.228571]},"faces":{"east":{"uv":[6.4117646,7.3235292,6.2941175,7.4411764],"rotation":0,"texture":"#0","tintindex":0},"south":{"uv":[6.2941175,7.3235292,6.1764708,7.4411764],"rotation":0,"texture":"#0","tintindex":0},"north":{"uv":[5.0,7.1764708,4.882353,7.2941175],"rotation":0,"texture":"#0","tintindex":0},"west":{"uv":[5.117647,7.1764708,5.0,7.2941175],"rotation":0,"texture":"#0","tintindex":0},"up":{"uv":[6.4117646,7.4411764,6.529412,7.3235292],"rotation":0,"texture":"#0","tintindex":0},"down":{"uv":[6.529412,7.3235292,6.647059,7.4411764],"rotation":0,"texture":"#0","tintindex":0}}},{"from":[2.9151268,5.885714,0.0],"to":[5.200841,8.171429,2.2857141],"rotation":{"angle":-45.0,"axis":"z","origin":[5.3722696,10.0,0.1714282]},"faces":{"east":{"uv":[9.235294,8.0,9.117647,8.117647],"rotation":0,"texture":"#0","tintindex":0},"south":{"uv":[9.117647,8.0,9.0,8.117647],"rotation":0,"texture":"#0","tintindex":0},"north":{"uv":[6.7647057,7.3235292,6.647059,7.4411764],"rotation":0,"texture":"#0","tintindex":0},"west":{"uv":[6.882353,7.3235292,6.7647057,7.4411764],"rotation":0,"texture":"#0","tintindex":0},"up":{"uv":[9.235294,8.117647,9.3529415,8.0],"rotation":0,"texture":"#0","tintindex":0},"down":{"uv":[9.3529415,8.0,9.470589,8.117647],"rotation":0,"texture":"#0","tintindex":0}}},{"from":[5.143698,8.114285,-1.4285717],"to":[7.4294124,10.4,0.85714245],"rotation":{"angle":-45.0,"axis":"z","origin":[5.3722696,10.0,-0.6857147]},"faces":{"east":{"uv":[9.235294,8.0,9.117647,8.117647],"rotation":0,"texture":"#0","tintindex":0},"south":{"uv":[9.117647,8.0,9.0,8.117647],"rotation":0,"texture":"#0","tintindex":0},"north":{"uv":[6.7647057,7.3235292,6.647059,7.4411764],"rotation":0,"texture":"#0","tintindex":0},"west":{"uv":[6.882353,7.3235292,6.7647057,7.4411764],"rotation":0,"texture":"#0","tintindex":0},"up":{"uv":[9.235294,8.117647,9.3529415,8.0],"rotation":0,"texture":"#0","tintindex":0},"down":{"uv":[9.3529415,8.0,9.470589,8.117647],"rotation":0,"texture":"#0","tintindex":0}}},{"from":[10.799159,5.885714,0.0],"to":[13.084873,8.171429,2.2857141],"rotation":{"angle":45.0,"axis":"z","origin":[10.62773,10.0,0.1714282]},"faces":{"east":{"uv":[6.7647057,7.3235292,6.882353,7.4411764],"rotation":0,"texture":"#0","tintindex":0},"south":{"uv":[9.0,8.0,9.117647,8.117647],"rotation":0,"texture":"#0","tintindex":0},"north":{"uv":[6.647059,7.3235292,6.7647057,7.4411764],"rotation":0,"texture":"#0","tintindex":0},"west":{"uv":[9.117647,8.0,9.235294,8.117647],"rotation":0,"texture":"#0","tintindex":0},"up":{"uv":[9.3529415,8.117647,9.235294,8.0],"rotation":0,"texture":"#0","tintindex":0},"down":{"uv":[9.470589,8.0,9.3529415,8.117647],"rotation":0,"texture":"#0","tintindex":0}}},{"from":[14.285715,6.5714283,-7.1428576],"to":[17.714287,12.285715,-3.7142859],"rotation":{"angle":-45.0,"axis":"x","origin":[15.428572,10.285714,-2.8571434]},"faces":{"east":{"uv":[4.470588,10.529411,4.647059,10.823529],"rotation":0,"texture":"#0","tintindex":0},"south":{"uv":[12.588235,0.85294116,12.764706,1.1470588],"rotation":0,"texture":"#0","tintindex":0},"north":{"uv":[6.5588236,10.323529,6.7352943,10.617647],"rotation":0,"texture":"#0","tintindex":0},"west":{"uv":[0.44117647,12.735294,0.61764705,13.029411],"rotation":0,"texture":"#0","tintindex":0},"up":{"uv":[5.647059,7.5,5.470588,7.3235292],"rotation":0,"texture":"#0","tintindex":0},"down":{"uv":[5.8235292,7.3235292,5.647059,7.5],"rotation":0,"texture":"#0","tintindex":0}}},{"from":[-1.1428576,10.571428,-7.1428576],"to":[1.1428566,16.285715,-4.8571434],"rotation":{"angle":-22.5,"axis":"x","origin":[0.5714283,10.285714,-2.8571434]},"faces":{"east":{"uv":[8.794118,12.705882,8.911765,13.0],"rotation":0,"texture":"#0","tintindex":0},"south":{"uv":[4.882353,12.8529415,5.0,13.1470585],"rotation":0,"texture":"#0","tintindex":0},"north":{"uv":[8.794118,12.411765,8.911765,12.705882],"rotation":0,"texture":"#0","tintindex":0},"west":{"uv":[8.794118,13.0,8.911765,13.294118],"rotation":0,"texture":"#0","tintindex":0},"up":{"uv":[4.7647057,7.2941175,4.647059,7.1764708],"rotation":0,"texture":"#0","tintindex":0},"down":{"uv":[4.882353,7.1764708,4.7647057,7.2941175],"rotation":0,"texture":"#0","tintindex":0}}},{"from":[-1.7142859,6.5714283,-7.1428576],"to":[1.7142854,12.285715,-3.7142859],"rotation":{"angle":-45.0,"axis":"x","origin":[0.5714283,10.285714,-2.8571434]},"faces":{"east":{"uv":[0.44117647,13.029411,0.61764705,13.323529],"rotation":0,"texture":"#0","tintindex":0},"south":{"uv":[2.6470587,13.117647,2.8235295,13.411765],"rotation":0,"texture":"#0","tintindex":0},"north":{"uv":[2.6470587,12.823529,2.8235295,13.117647],"rotation":0,"texture":"#0","tintindex":0},"west":{"uv":[0.44117647,13.323529,0.61764705,13.617647],"rotation":0,"texture":"#0","tintindex":0},"up":{"uv":[6.0,7.5,5.8235292,7.3235292],"rotation":0,"texture":"#0","tintindex":0},"down":{"uv":[6.1764708,7.3235292,6.0,7.5],"rotation":0,"texture":"#0","tintindex":0}}},{"from":[14.857143,10.571428,-7.1428576],"to":[17.142857,16.285715,-4.8571434],"rotation":{"angle":-22.5,"axis":"x","origin":[15.428572,10.285714,-2.8571434]},"faces":{"east":{"uv":[10.088235,5.529412,10.205882,5.8235292],"rotation":0,"texture":"#0","tintindex":0},"south":{"uv":[10.088235,5.8235292,10.205882,6.117647],"rotation":0,"texture":"#0","tintindex":0},"north":{"uv":[6.617647,9.764706,6.7352943,10.058824],"rotation":0,"texture":"#0","tintindex":0},"west":{"uv":[8.794118,12.117647,8.911765,12.411765],"rotation":0,"texture":"#0","tintindex":0},"up":{"uv":[4.529412,7.2941175,4.4117646,7.1764708],"rotation":0,"texture":"#0","tintindex":0},"down":{"uv":[4.647059,7.1764708,4.529412,7.2941175],"rotation":0,