{"textures":{"0":"modelengine:entity/gargoylespawn"},"elements":[{"from":[-2.8571444,-2.8571434,0.0],"to":[12.571428,13.142858,16.0],"rotation":{"angle":0.0,"axis":"y","origin":[-15.428574,-14.57143,5.142857]},"faces":{"east":{"uv":[6.5588236,10.705882,7.382353,11.529411],"rotation":0,"texture":"#0","tintindex":0},"south":{"uv":[11.235294,10.911765,12.029411,11.735294],"rotation":0,"texture":"#0","tintindex":0},"north":{"uv":[5.1764708,11.205882,5.970588,12.029411],"rotation":0,"texture":"#0","tintindex":0},"west":{"uv":[10.735294,2.2941177,11.558824,3.1176472],"rotation":0,"texture":"#0","tintindex":0},"up":{"uv":[12.058824,4.7647057,11.264706,3.9411764],"rotation":0,"texture":"#0","tintindex":0},"down":{"uv":[12.058824,4.7647057,11.264706,5.5882354],"rotation":0,"texture":"#0","tintindex":0}}},{"from":[11.428571,-5.1428576,-0.57142925],"to":[32.0,8.571428,13.142858],"rotation":{"angle":0.0,"axis":"y","origin":[-15.428574,-14.57143,5.142857]},"faces":{"east":{"uv":[11.117647,11.735294,11.823529,12.441176],"rotation":0,"texture":"#0","tintindex":0},"south":{"uv":[10.205882,4.647059,11.264706,5.352941],"rotation":0,"texture":"#0","tintindex":0},"north":{"uv":[10.058824,8.529411,11.117647,9.235294],"rotation":0,"texture":"#0","tintindex":0},"west":{"uv":[11.764706,6.4117646,12.470589,7.117647],"rotation":0,"texture":"#0","tintindex":0},"up":{"uv":[11.264706,6.0588236,10.205882,5.352941],"rotation":0,"texture":"#0","tintindex":0},"down":{"uv":[2.0,10.264706,0.9411765,10.970589],"rotation":0,"texture":"#0","tintindex":0}}}],"display":{"head":{"translation":[38.857147,-6.4,0.0],"scale":[4.0,4.0,4.0]}}}