{"textures":{"0":"modelengine:entity/gargoylespawn"},"elements":[{"from":[27.845524,-16.0,6.4],"to":[31.045523,24.0,9.6],"rotation":{"angle":45.0,"axis":"z","origin":[27.37969,-8.01701,8.0]},"faces":{"east":{"uv":[4.0,10.529411,4.2352943,13.470589],"rotation":0,"texture":"#0","tintindex":0},"south":{"uv":[4.2352943,10.529411,4.470588,13.470589],"rotation":0,"texture":"#0","tintindex":0},"north":{"uv":[3.764706,10.529411,4.0,13.470589],"rotation":0,"texture":"#0","tintindex":0},"west":{"uv":[8.941176,10.676471,9.176471,13.617647],"rotation":0,"texture":"#0","tintindex":0},"up":{"uv":[3.1176472,15.441176,2.8823528,15.205882],"rotation":0,"texture":"#0","tintindex":0},"down":{"uv":[3.3529413,15.205882,3.1176472,15.441176],"rotation":0,"texture":"#0","tintindex":0}}}],"display":{"head":{"translation":[0.0,-31.53684,0.0],"scale":[4.0,4.0,4.0]}}}