{"textures":{"0":"modelengine:entity/gargoylespawn"},"elements":[{"from":[5.2571425,6.1714287,-12.114286],"to":[13.942858,14.857143,11.2],"rotation":{"angle":0.0,"axis":"y","origin":[0.22857094,9.142858,-0.22857189]},"faces":{"east":{"uv":[11.558824,3.1176472,12.764706,3.5588236],"rotation":0,"texture":"#0","tintindex":0},"south":{"uv":[14.617647,8.5,15.058824,8.941176],"rotation":0,"texture":"#0","tintindex":0},"north":{"uv":[14.617647,7.470588,15.058824,7.9117646],"rotation":0,"texture":"#0","tintindex":0},"west":{"uv":[11.6470585,7.617647,12.8529415,8.058824],"rotation":0,"texture":"#0","tintindex":0},"up":{"uv":[9.617647,12.823529,9.176471,11.617647],"rotation":0,"texture":"#0","tintindex":0},"down":{"uv":[7.617647,11.6470585,7.1764708,12.8529415],"rotation":0,"texture":"#0","tintindex":0}}},{"from":[8.0,2.0571427,-2.9714298],"to":[17.142857,12.114286,14.4],"rotation":{"angle":0.0,"axis":"y","origin":[0.22857094,9.142858,-0.22857189]},"faces":{"east":{"uv":[12.058824,4.617647,12.941176,5.147059],"rotation":0,"texture":"#0","tintindex":0},"south":{"uv":[5.352941,13.941176,5.8235292,14.470589],"rotation":0,"texture":"#0","tintindex":0},"north":{"uv":[4.882353,13.941176,5.352941,14.470589],"rotation":0,"texture":"#0","tintindex":0},"west":{"uv":[12.058824,5.147059,12.941176,5.6764708],"rotation":0,"texture":"#0","tintindex":0},"up":{"uv":[1.3529412,13.558824,0.88235295,12.676471],"rotation":0,"texture":"#0","tintindex":0},"down":{"uv":[1.8235294,12.705882,1.3529412,13.588235],"rotation":0,"texture":"#0","tintindex":0}}},{"from":[4.342857,2.9714284,-8.0],"to":[12.571428,10.285714,10.285714],"rotation":{"angle":0.0,"axis":"y","origin":[0.22857094,9.142858,-0.22857189]},"faces":{"east":{"uv":[10.058824,9.235294,11.0,9.617647],"rotation":0,"texture":"#0","tintindex":0},"south":{"uv":[14.8529415,0.29411766,15.264706,0.6764706],"rotation":0,"texture":"#0","tintindex":0},"north":{"uv":[3.235294,14.823529,3.6470587,15.205882],"rotation":0,"texture":"#0","tintindex":0},"west":{"uv":[12.8529415,7.5882354,13.794118,7.970588],"rotation":0,"texture":"#0","tintindex":0},"up":{"uv":[13.176471,2.5294118,12.764706,1.5882353],"rotation":0,"texture":"#0","tintindex":0},"down":{"uv":[13.176471,2.5294118,12.764706,3.4705882],"rotation":0,"texture":"#0","tintindex":0}}}],"display":{"head":{"translation":[0.0,-6.4,0.0],"scale":[4.0,4.0,4.0]}}}