{"textures":{"0":"modelengine:entity/gargoylespawn"},"elements":[{"from":[4.7994285,-7.429143,2.5137134],"to":[13.486286,9.943429,10.743429],"rotation":{"angle":0.0,"axis":"y","origin":[9.142858,8.571428,2.514285]},"faces":{"east":{"uv":[4.470588,12.8529415,4.882353,13.735294],"rotation":0,"texture":"#0","tintindex":0},"south":{"uv":[12.735294,9.941176,13.176471,10.823529],"rotation":0,"texture":"#0","tintindex":0},"north":{"uv":[6.6764708,12.735294,7.117647,13.617647],"rotation":0,"texture":"#0","tintindex":0},"west":{"uv":[7.117647,12.8529415,7.529412,13.735294],"rotation":0,"texture":"#0","tintindex":0},"up":{"uv":[15.117647,3.2941177,14.676471,2.8823528],"rotation":0,"texture":"#0","tintindex":0},"down":{"uv":[15.117647,6.2058825,14.676471,6.617647],"rotation":0,"texture":"#0","tintindex":0}}},{"from":[5.714286,-13.828573,4.8],"to":[12.571428,-1.0285721,13.028572],"rotation":{"angle":0.0,"axis":"y","origin":[9.142858,8.571428,2.514285]},"faces":{"east":{"uv":[1.2352941,13.941176,1.6470588,14.588235],"rotation":0,"texture":"#0","tintindex":0},"south":{"uv":[9.323529,14.1470585,9.676471,14.794118],"rotation":0,"texture":"#0","tintindex":0},"north":{"uv":[7.5882354,14.1470585,7.9411764,14.794118],"rotation":0,"texture":"#0","tintindex":0},"west":{"uv":[2.5294118,13.941176,2.9411764,14.588235],"rotation":0,"texture":"#0","tintindex":0},"up":{"uv":[15.205882,5.352941,14.8529415,4.9411764],"rotation":0,"texture":"#0","tintindex":0},"down":{"uv":[12.0,14.8529415,11.6470585,15.264706],"rotation":0,"texture":"#0","tintindex":0}}}],"display":{"head":{"translation":[0.0,-6.4,0.0],"scale":[4.0,4.0,4.0]}}}