{"textures":{"0":"modelengine:entity/gargoylespawn"},"elements":[{"from":[-4.000003,20.0,5.714286],"to":[32.0,24.57143,10.285714],"rotation":{"angle":22.5,"axis":"z","origin":[6.8571405,22.285715,8.0]},"faces":{"east":{"uv":[15.205882,0.9117647,15.441176,1.1470588],"rotation":0,"texture":"#0","tintindex":0},"south":{"uv":[12.058824,5.6764708,13.911765,5.9117646],"rotation":0,"texture":"#0","tintindex":0},"north":{"uv":[12.029411,11.441176,13.882353,11.676471],"rotation":0,"texture":"#0","tintindex":0},"west":{"uv":[15.205882,1.1470588,15.441176,1.382353],"rotation":0,"texture":"#0","tintindex":0},"up":{"uv":[13.911765,6.147059,12.058824,5.9117646],"rotation":0,"texture":"#0","tintindex":0},"down":{"uv":[13.911765,6.147059,12.058824,6.382353],"rotation":0,"texture":"#0","tintindex":0}}},{"from":[-4.000003,-16.0,8.0],"to":[32.0,31.428574,8.0],"rotation":{"angle":0.0,"axis":"y","origin":[6.8571405,22.285715,10.285714]},"faces":{"east":{"uv":[0.0,0.0,0.0,2.4411764],"rotation":0,"texture":"#0","tintindex":0},"south":{"uv":[0.0,6.470588,1.8529412,8.911765],"rotation":0,"texture":"#0","tintindex":0},"north":{"uv":[5.117647,4.882353,6.970588,7.3235292],"rotation":0,"texture":"#0","tintindex":0},"west":{"uv":[0.0,0.0,0.0,2.4411764],"rotation":0,"texture":"#0","tintindex":0},"up":{"uv":[1.8529412,0.0,0.0,0.0],"rotation":0,"texture":"#0","tintindex":0},"down":{"uv":[1.8529412,0.0,0.0,0.0],"rotation":0,"texture":"#0","tintindex":0}}}],"display":{"head":{"translation":[42.17488,-47.048103,0.0],"scale":[4.0,4.0,4.0]}}}