{"textures":{"0":"modelengine:entity/gargoylespawn"},"elements":[{"from":[2.5714283,2.5714283,-1.9073486E-6],"to":[12.857143,12.857143,32.0],"rotation":{"angle":0.0,"axis":"y","origin":[10.0,16.0,-9.1428585]},"faces":{"east":{"uv":[3.0294118,10.0,4.6764708,10.529411],"rotation":0,"texture":"#0","tintindex":0},"south":{"uv":[13.3529415,13.8529415,13.882353,14.382353],"rotation":0,"texture":"#0","tintindex":0},"north":{"uv":[8.794118,13.705882,9.323529,14.235294],"rotation":0,"texture":"#0","tintindex":0},"west":{"uv":[10.0,8.0,11.6470585,8.529411],"rotation":0,"texture":"#0","tintindex":0},"up":{"uv":[10.735294,4.647059,10.205882,3.0],"rotation":0,"texture":"#0","tintindex":0},"down":{"uv":[10.411765,10.205882,9.882353,11.8529415],"rotation":0,"texture":"#0","tintindex":0}}}],"display":{"head":{"translation":[0.0,-6.4,14.857147],"scale":[4.0,4.0,4.0]}}}