{"textures":{"0":"modelengine:entity/gargoylespawn"},"elements":[{"from":[1.4285712,1.4285712,-1.9073486E-6],"to":[14.0,14.0,32.0],"rotation":{"angle":0.0,"axis":"y","origin":[10.0,16.0,-9.1428585]},"faces":{"east":{"uv":[7.8235292,1.2352941,9.470589,1.882353],"rotation":0,"texture":"#0","tintindex":0},"south":{"uv":[10.323529,12.441176,10.970589,13.088235],"rotation":0,"texture":"#0","tintindex":0},"north":{"uv":[12.323529,0.0,12.970589,0.64705884],"rotation":0,"texture":"#0","tintindex":0},"west":{"uv":[7.8235292,1.882353,9.470589,2.5294118],"rotation":0,"texture":"#0","tintindex":0},"up":{"uv":[6.117647,9.764706,5.470588,8.117647],"rotation":0,"texture":"#0","tintindex":0},"down":{"uv":[6.7647057,8.117647,6.117647,9.764706],"rotation":0,"texture":"#0","tintindex":0}}}],"display":{"head":{"translation":[0.0,-6.4,14.857147],"scale":[4.0,4.0,4.0]}}}