{"textures":{"0":"modelengine:entity/gargoylespawn"},"elements":[{"from":[3.142857,3.142857,-1.1428585],"to":[12.285715,12.285715,32.0],"rotation":{"angle":0.0,"axis":"y","origin":[10.0,16.0,-8.000002]},"faces":{"east":{"uv":[10.058824,6.6764708,11.764706,7.147059],"rotation":0,"texture":"#0","tintindex":0},"south":{"uv":[14.382353,12.029411,14.8529415,12.5],"rotation":0,"texture":"#0","tintindex":0},"north":{"uv":[11.764706,14.382353,12.235294,14.8529415],"rotation":0,"texture":"#0","tintindex":0},"west":{"uv":[10.058824,7.147059,11.764706,7.617647],"rotation":0,"texture":"#0","tintindex":0},"up":{"uv":[0.47058824,11.970589,0.0,10.264706],"rotation":0,"texture":"#0","tintindex":0},"down":{"uv":[0.9411765,10.264706,0.47058824,11.970589],"rotation":0,"texture":"#0","tintindex":0}}}],"display":{"head":{"translation":[0.0,-6.4,26.28572],"scale":[4.0,4.0,4.0]}}}