{"textures":{"0":"modelengine:entity/gargoylespawn"},"elements":[{"from":[1.9999995,1.9999995,-1.9073486E-6],"to":[13.428572,13.428572,32.0],"rotation":{"angle":0.0,"axis":"y","origin":[10.0,16.0,-9.1428585]},"faces":{"east":{"uv":[8.441176,5.529412,10.088235,6.117647],"rotation":0,"texture":"#0","tintindex":0},"south":{"uv":[13.176471,0.9411765,13.764706,1.5294118],"rotation":0,"texture":"#0","tintindex":0},"north":{"uv":[12.294118,13.088235,12.882353,13.676471],"rotation":0,"texture":"#0","tintindex":0},"west":{"uv":[6.7647057,8.764706,8.411765,9.3529415],"rotation":0,"texture":"#0","tintindex":0},"up":{"uv":[5.0,10.0,4.4117646,8.3529415],"rotation":0,"texture":"#0","tintindex":0},"down":{"uv":[9.0,8.764706,8.411765,10.411765],"rotation":0,"texture":"#0","tintindex":0}}}],"display":{"head":{"translation":[0.0,-6.4,14.857147],"scale":[4.0,4.0,4.0]}}}