{"textures":{"0":"modelengine:entity/shelob"},"elements":[{"from":[-14.409309,5.8128014,6.0116377],"to":[1.4975882,10.187199,9.988362],"rotation":{"angle":0.0,"axis":"y","origin":[1.8952608,6.210474,7.8011637]},"faces":{"east":{"uv":[2.6875,5.0625,2.1875,4.9375],"rotation":0,"texture":"#0","tintindex":0},"south":{"uv":[2.6875,5.0625,2.1875,4.9375],"rotation":0,"texture":"#0","tintindex":0},"north":{"uv":[2.6875,5.0625,2.1875,4.9375],"rotation":0,"texture":"#0","tintindex":0},"west":{"uv":[2.6875,5.0625,2.1875,4.9375],"rotation":0,"texture":"#0","tintindex":0},"up":{"uv":[2.6875,5.0625,2.1875,4.9375],"rotation":0,"texture":"#0","tintindex":0},"down":{"uv":[2.6875,5.0625,2.1875,4.9375],"rotation":0,"texture":"#0","tintindex":0}}},{"from":[0.5034065,5.4151287,5.4151287],"to":[11.4394,10.584871,10.584871],"rotation":{"angle":0.0,"axis":"y","origin":[1.8952608,6.210474,7.8011637]},"faces":{"east":{"uv":[3.21875,5.4125,2.875,5.25],"rotation":0,"texture":"#0","tintindex":0},"south":{"uv":[3.21875,5.4125,2.875,5.25],"rotation":0,"texture":"#0","tintindex":0},"north":{"uv":[3.21875,5.4125,2.875,5.25],"rotation":0,"texture":"#0","tintindex":0},"west":{"uv":[3.21875,5.4125,2.875,5.25],"rotation":0,"texture":"#0","tintindex":0},"up":{"uv":[3.21875,5.4125,2.875,5.25],"rotation":0,"texture":"#0","tintindex":0},"down":{"uv":[3.21875,5.4125,2.875,5.25],"rotation":0,"texture":"#0","tintindex":0}}},{"from":[-1.0872831,4.6197844,4.420948],"to":[13.03009,11.380216,11.579052],"rotation":{"angle":0.0,"axis":"y","origin":[1.8952608,6.210474,7.8011637]},"faces":{"east":{"uv":[8.0,0.0,16.0,8.0],"rotation":0,"texture":"#0","tintindex":0},"south":{"uv":[8.0,0.0,16.0,8.0],"rotation":0,"texture":"#0","tintindex":0},"north":{"uv":[8.0,0.0,16.0,8.0],"rotation":0,"texture":"#0","tintindex":0},"west":{"uv":[8.0,0.0,16.0,8.0],"rotation":0,"texture":"#0","tintindex":0},"up":{"uv":[8.0,0.0,16.0,8.0],"rotation":0,"texture":"#0","tintindex":0},"down":{"uv":[8.0,0.0,16.0,8.0],"rotation":0,"texture":"#0","tintindex":0}}},{"from":[-16.0,5.0174565,5.0174565],"to":[3.0882783,10.982544,10.982544],"rotation":{"angle":0.0,"axis":"y","origin":[1.8952608,6.210474,7.8011637]},"faces":{"east":{"uv":[8.0,0.0,16.0,8.0],"rotation":0,"texture":"#0","tintindex":0},"south":{"uv":[8.0,0.0,16.0,8.0],"rotation":0,"texture":"#0","tintindex":0},"north":{"uv":[8.0,0.0,16.0,8.0],"rotation":0,"texture":"#0","tintindex":0},"west":{"uv":[8.0,0.0,16.0,8.0],"rotation":0,"texture":"#0","tintindex":0},"up":{"uv":[8.0,0.0,16.0,8.0],"rotation":0,"texture":"#0","tintindex":0},"down":{"uv":[8.0,0.0,16.0,8.0],"rotation":0,"texture":"#0","tintindex":0}}}],"display":{"head":{"translation":[-6.798332,-6.4,0.0],"scale":[4.0,4.0,4.0]}}}