{"textures":{"0":"modelengine:entity/shelob"},"elements":[{"from":[12.722361,6.0116377,6.210474],"to":[21.868828,9.988362,9.789526],"rotation":{"angle":0.0,"axis":"y","origin":[-41.16226,6.210474,7.8011637]},"faces":{"east":{"uv":[4.725,5.55,4.4375,5.4375],"rotation":0,"texture":"#0","tintindex":0},"south":{"uv":[4.725,5.55,4.4375,5.4375],"rotation":0,"texture":"#0","tintindex":0},"north":{"uv":[4.725,5.55,4.4375,5.4375],"rotation":0,"texture":"#0","tintindex":0},"west":{"uv":[4.725,5.55,4.4375,5.4375],"rotation":0,"texture":"#0","tintindex":0},"up":{"uv":[4.725,5.55,4.4375,5.4375],"rotation":0,"texture":"#0","tintindex":0},"down":{"uv":[4.725,5.55,4.4375,5.4375],"rotation":0,"texture":"#0","tintindex":0}}},{"from":[8.745636,5.4151287,5.613965],"to":[13.31887,10.584871,10.386035],"rotation":{"angle":0.0,"axis":"y","origin":[-38.97506,6.210474,7.8011637]},"faces":{"east":{"uv":[2.89375,6.15,2.75,6.0],"rotation":0,"texture":"#0","tintindex":0},"south":{"uv":[2.89375,6.15,2.75,6.0],"rotation":0,"texture":"#0","tintindex":0},"north":{"uv":[2.89375,6.15,2.75,6.0],"rotation":0,"texture":"#0","tintindex":0},"west":{"uv":[2.89375,6.15,2.75,6.0],"rotation":0,"texture":"#0","tintindex":0},"up":{"uv":[2.89375,6.15,2.75,6.0],"rotation":0,"texture":"#0","tintindex":0},"down":{"uv":[2.89375,6.15,2.75,6.0],"rotation":0,"texture":"#0","tintindex":0}}},{"from":[7.1549463,4.6197844,4.6197844],"to":[14.909559,11.380216,11.380216],"rotation":{"angle":0.0,"axis":"y","origin":[-38.97506,6.210474,7.8011637]},"faces":{"east":{"uv":[8.0,0.0,16.0,8.0],"rotation":0,"texture":"#0","tintindex":0},"south":{"uv":[8.0,0.0,16.0,8.0],"rotation":0,"texture":"#0","tintindex":0},"north":{"uv":[8.0,0.0,16.0,8.0],"rotation":0,"texture":"#0","tintindex":0},"west":{"uv":[8.0,0.0,16.0,8.0],"rotation":0,"texture":"#0","tintindex":0},"up":{"uv":[8.0,0.0,16.0,8.0],"rotation":0,"texture":"#0","tintindex":0},"down":{"uv":[8.0,0.0,16.0,8.0],"rotation":0,"texture":"#0","tintindex":0}}},{"from":[11.13167,5.2162924,5.2162924],"to":[23.459517,10.783708,10.783708],"rotation":{"angle":0.0,"axis":"y","origin":[-41.16226,6.210474,7.8011637]},"faces":{"east":{"uv":[8.0,0.0,16.0,8.0],"rotation":0,"texture":"#0","tintindex":0},"south":{"uv":[8.0,0.0,16.0,8.0],"rotation":0,"texture":"#0","tintindex":0},"north":{"uv":[8.0,0.0,16.0,8.0],"rotation":0,"texture":"#0","tintindex":0},"west":{"uv":[8.0,0.0,16.0,8.0],"rotation":0,"texture":"#0","tintindex":0},"up":{"uv":[8.0,0.0,16.0,8.0],"rotation":0,"texture":"#0","tintindex":0},"down":{"uv":[8.0,0.0,16.0,8.0],"rotation":0,"texture":"#0","tintindex":0}}}],"display":{"head":{"translation":[0.0,-6.4,0.0],"scale":[4.0,4.0,4.0]}}}