{"textures":{"0":"modelengine:entity/shelob"},"elements":[{"from":[11.628761,6.4093103,6.4093103],"to":[20.775227,9.59069,9.59069],"rotation":{"angle":0.0,"axis":"y","origin":[-53.78836,6.210474,7.8011637]},"faces":{"east":{"uv":[3.1,5.7875,2.8125,5.6875],"rotation":0,"texture":"#0","tintindex":0},"south":{"uv":[3.1,5.7875,2.8125,5.6875],"rotation":0,"texture":"#0","tintindex":0},"north":{"uv":[3.1,5.7875,2.8125,5.6875],"rotation":0,"texture":"#0","tintindex":0},"west":{"uv":[3.1,5.7875,2.8125,5.6875],"rotation":0,"texture":"#0","tintindex":0},"up":{"uv":[3.1,5.7875,2.8125,5.6875],"rotation":0,"texture":"#0","tintindex":0},"down":{"uv":[3.1,5.7875,2.8125,5.6875],"rotation":0,"texture":"#0","tintindex":0}}},{"from":[8.248546,5.4151287,5.613965],"to":[12.821779,10.584871,10.386035],"rotation":{"angle":0.0,"axis":"y","origin":[-51.60116,6.210474,7.8011637]},"faces":{"east":{"uv":[5.89375,6.15,5.75,6.0],"rotation":0,"texture":"#0","tintindex":0},"south":{"uv":[5.89375,6.15,5.75,6.0],"rotation":0,"texture":"#0","tintindex":0},"north":{"uv":[5.89375,6.15,5.75,6.0],"rotation":0,"texture":"#0","tintindex":0},"west":{"uv":[5.89375,6.15,5.75,6.0],"rotation":0,"texture":"#0","tintindex":0},"up":{"uv":[5.89375,6.15,5.75,6.0],"rotation":0,"texture":"#0","tintindex":0},"down":{"uv":[5.89375,6.15,5.75,6.0],"rotation":0,"texture":"#0","tintindex":0}}},{"from":[6.657856,4.6197844,4.6197844],"to":[14.412469,11.380216,11.380216],"rotation":{"angle":0.0,"axis":"y","origin":[-51.60116,6.210474,7.8011637]},"faces":{"east":{"uv":[8.0,0.0,16.0,8.0],"rotation":0,"texture":"#0","tintindex":0},"south":{"uv":[8.0,0.0,16.0,8.0],"rotation":0,"texture":"#0","tintindex":0},"north":{"uv":[8.0,0.0,16.0,8.0],"rotation":0,"texture":"#0","tintindex":0},"west":{"uv":[8.0,0.0,16.0,8.0],"rotation":0,"texture":"#0","tintindex":0},"up":{"uv":[8.0,0.0,16.0,8.0],"rotation":0,"texture":"#0","tintindex":0},"down":{"uv":[8.0,0.0,16.0,8.0],"rotation":0,"texture":"#0","tintindex":0}}},{"from":[10.038071,5.613965,5.4151287],"to":[22.365917,10.386035,10.584871],"rotation":{"angle":0.0,"axis":"y","origin":[-53.78836,6.210474,7.8011637]},"faces":{"east":{"uv":[8.0,0.0,16.0,8.0],"rotation":0,"texture":"#0","tintindex":0},"south":{"uv":[8.0,0.0,16.0,8.0],"rotation":0,"texture":"#0","tintindex":0},"north":{"uv":[8.0,0.0,16.0,8.0],"rotation":0,"texture":"#0","tintindex":0},"west":{"uv":[8.0,0.0,16.0,8.0],"rotation":0,"texture":"#0","tintindex":0},"up":{"uv":[8.0,0.0,16.0,8.0],"rotation":0,"texture":"#0","tintindex":0},"down":{"uv":[8.0,0.0,16.0,8.0],"rotation":0,"texture":"#0","tintindex":0}}}],"display":{"head":{"translation":[0.0,-6.4,0.0],"scale":[4.0,4.0,4.0]}}}