{"textures":{"0":"modelengine:entity/shelob"},"elements":[{"from":[19.897034,6.8069825,6.8069825],"to":[29.0435,9.193017,9.193017],"rotation":{"angle":0.0,"axis":"y","origin":[-105.96631,8.0,10.684289]},"faces":{"east":{"uv":[6.6,0.825,6.3125,0.75],"rotation":0,"texture":"#0","tintindex":0},"south":{"uv":[6.6,0.825,6.3125,0.75],"rotation":0,"texture":"#0","tintindex":0},"north":{"uv":[6.6,0.825,6.3125,0.75],"rotation":0,"texture":"#0","tintindex":0},"west":{"uv":[6.6,0.825,6.3125,0.75],"rotation":0,"texture":"#0","tintindex":0},"up":{"uv":[6.6,0.825,6.3125,0.75],"rotation":0,"texture":"#0","tintindex":0},"down":{"uv":[6.6,0.825,6.3125,0.75],"rotation":0,"texture":"#0","tintindex":0}}},{"from":[12.73893,6.608146,6.608146],"to":[21.885395,9.391853,9.391853],"rotation":{"angle":0.0,"axis":"y","origin":[-105.96631,8.0,10.684289]},"faces":{"east":{"uv":[6.0375,2.0875,5.75,2.0],"rotation":0,"texture":"#0","tintindex":0},"south":{"uv":[6.0375,2.0875,5.75,2.0],"rotation":0,"texture":"#0","tintindex":0},"north":{"uv":[6.0375,2.0875,5.75,2.0],"rotation":0,"texture":"#0","tintindex":0},"west":{"uv":[6.0375,2.0875,5.75,2.0],"rotation":0,"texture":"#0","tintindex":0},"up":{"uv":[6.0375,2.0875,5.75,2.0],"rotation":0,"texture":"#0","tintindex":0},"down":{"uv":[6.0375,2.0875,5.75,2.0],"rotation":0,"texture":"#0","tintindex":0}}},{"from":[8.56337,6.0116377,6.0116377],"to":[13.136603,9.988362,9.988362],"rotation":{"angle":0.0,"axis":"y","origin":[-63.81302,6.210474,7.8011637]},"faces":{"east":{"uv":[6.39375,2.125,6.25,2.0],"rotation":0,"texture":"#0","tintindex":0},"south":{"uv":[6.39375,2.125,6.25,2.0],"rotation":0,"texture":"#0","tintindex":0},"north":{"uv":[6.39375,2.125,6.25,2.0],"rotation":0,"texture":"#0","tintindex":0},"west":{"uv":[6.39375,2.125,6.25,2.0],"rotation":0,"texture":"#0","tintindex":0},"up":{"uv":[6.39375,2.125,6.25,2.0],"rotation":0,"texture":"#0","tintindex":0},"down":{"uv":[6.39375,2.125,6.25,2.0],"rotation":0,"texture":"#0","tintindex":0}}},{"from":[6.97268,5.2162924,5.0174565],"to":[14.727293,10.783708,10.982544],"rotation":{"angle":0.0,"axis":"y","origin":[-63.81302,6.210474,7.8011637]},"faces":{"east":{"uv":[8.0,0.0,16.0,8.0],"rotation":0,"texture":"#0","tintindex":0},"south":{"uv":[8.0,0.0,16.0,8.0],"rotation":0,"texture":"#0","tintindex":0},"north":{"uv":[8.0,0.0,16.0,8.0],"rotation":0,"texture":"#0","tintindex":0},"west":{"uv":[8.0,0.0,16.0,8.0],"rotation":0,"texture":"#0","tintindex":0},"up":{"uv":[8.0,0.0,16.0,8.0],"rotation":0,"texture":"#0","tintindex":0},"down":{"uv":[8.0,0.0,16.0,8.0],"rotation":0,"texture":"#0","tintindex":0}}},{"from":[11.14824,5.8128014,5.613965],"to":[23.476086,10.187199,10.386035],"rotation":{"angle":0.0,"axis":"y","origin":[-105.96631,8.0,10.684289]},"faces":{"east":{"uv":[8.0,0.0,16.0,8.0],"rotation":0,"texture":"#0","tintindex":0},"south":{"uv":[8.0,0.0,16.0,8.0],"rotation":0,"texture":"#0","tintindex":0},"north":{"uv":[8.0,0.0,16.0,8.0],"rotation":0,"texture":"#0","tintindex":0},"west":{"uv":[8.0,0.0,16.0,8.0],"rotation":0,"texture":"#0","tintindex":0},"up":{"uv":[8.0,0.0,16.0,8.0],"rotation":0,"texture":"#0","tintindex":0},"down":{"uv":[8.0,0.0,16.0,8.0],"rotation":0,"texture":"#0","tintindex":0}}},{"from":[18.306345,6.0116377,5.8128014],"to":[30.634192,9.988362,10.187199],"rotation":{"angle":0.0,"axis":"y","origin":[-105.96631,8.0,10.684289]},"faces":{"east":{"uv":[8.0,0.0,16.0,8.0],"rotation":0,"texture":"#0","tintindex":0},"south":{"uv":[8.0,0.0,16.0,8.0],"rotation":0,"texture":"#0","tintindex":0},"north":{"uv":[8.0,0.0,16.0,8.0],"rotation":0,"texture":"#0","tintindex":0},"west":{"uv":[8.0,0.0,16.0,8.0],"rotation":0,"texture":"#0","tintindex":0},"up":{"uv":[8.0,0.0,16.0,8.0],"rotation":0,"texture":"#0","tintindex":0},"down":{"uv":[8.0,0.0,16.0,8.0],"rotation":0,"texture":"#0","tintindex":0}}}],"display":{"head":{"translation":[0.0,-6.4,0.0],"scale":[4.0,4.0,4.0]}}}