{"textures":{"0":"modelengine:entity/shelob"},"elements":[{"from":[19.366804,6.8069825,6.8069825],"to":[28.513271,9.193017,9.193017],"rotation":{"angle":0.0,"axis":"y","origin":[-105.50235,8.0,5.315711]},"faces":{"east":{"uv":[6.5375,6.1375,6.25,6.0625],"rotation":0,"texture":"#0","tintindex":0},"south":{"uv":[6.5375,6.1375,6.25,6.0625],"rotation":0,"texture":"#0","tintindex":0},"north":{"uv":[6.5375,6.1375,6.25,6.0625],"rotation":0,"texture":"#0","tintindex":0},"west":{"uv":[6.5375,6.1375,6.25,6.0625],"rotation":0,"texture":"#0","tintindex":0},"up":{"uv":[6.5375,6.1375,6.25,6.0625],"rotation":0,"texture":"#0","tintindex":0},"down":{"uv":[6.5375,6.1375,6.25,6.0625],"rotation":0,"texture":"#0","tintindex":0}}},{"from":[12.2087,6.608146,6.608146],"to":[21.355167,9.391853,9.391853],"rotation":{"angle":0.0,"axis":"y","origin":[-105.50235,8.0,5.315711]},"faces":{"east":{"uv":[5.6,5.775,5.3125,5.6875],"rotation":0,"texture":"#0","tintindex":0},"south":{"uv":[5.6,5.775,5.3125,5.6875],"rotation":0,"texture":"#0","tintindex":0},"north":{"uv":[5.6,5.775,5.3125,5.6875],"rotation":0,"texture":"#0","tintindex":0},"west":{"uv":[5.6,5.775,5.3125,5.6875],"rotation":0,"texture":"#0","tintindex":0},"up":{"uv":[5.6,5.775,5.3125,5.6875],"rotation":0,"texture":"#0","tintindex":0},"down":{"uv":[5.6,5.775,5.3125,5.6875],"rotation":0,"texture":"#0","tintindex":0}}},{"from":[8.430813,6.0116377,6.0116377],"to":[13.0040455,9.988362,9.988362],"rotation":{"angle":0.0,"axis":"y","origin":[-63.349068,6.210474,7.8011637]},"faces":{"east":{"uv":[6.39375,1.625,6.25,1.5],"rotation":0,"texture":"#0","tintindex":0},"south":{"uv":[6.39375,1.625,6.25,1.5],"rotation":0,"texture":"#0","tintindex":0},"north":{"uv":[6.39375,1.625,6.25,1.5],"rotation":0,"texture":"#0","tintindex":0},"west":{"uv":[6.39375,1.625,6.25,1.5],"rotation":0,"texture":"#0","tintindex":0},"up":{"uv":[6.39375,1.625,6.25,1.5],"rotation":0,"texture":"#0","tintindex":0},"down":{"uv":[6.39375,1.625,6.25,1.5],"rotation":0,"texture":"#0","tintindex":0}}},{"from":[6.840122,5.2162924,5.0174565],"to":[14.594736,10.783708,10.982544],"rotation":{"angle":0.0,"axis":"y","origin":[-63.349068,6.210474,7.8011637]},"faces":{"east":{"uv":[8.0,0.0,16.0,8.0],"rotation":0,"texture":"#0","tintindex":0},"south":{"uv":[8.0,0.0,16.0,8.0],"rotation":0,"texture":"#0","tintindex":0},"north":{"uv":[8.0,0.0,16.0,8.0],"rotation":0,"texture":"#0","tintindex":0},"west":{"uv":[8.0,0.0,16.0,8.0],"rotation":0,"texture":"#0","tintindex":0},"up":{"uv":[8.0,0.0,16.0,8.0],"rotation":0,"texture":"#0","tintindex":0},"down":{"uv":[8.0,0.0,16.0,8.0],"rotation":0,"texture":"#0","tintindex":0}}},{"from":[10.6180105,5.8128014,5.613965],"to":[22.945858,10.187199,10.386035],"rotation":{"angle":0.0,"axis":"y","origin":[-105.50235,8.0,5.315711]},"faces":{"east":{"uv":[8.0,0.0,16.0,8.0],"rotation":0,"texture":"#0","tintindex":0},"south":{"uv":[8.0,0.0,16.0,8.0],"rotation":0,"texture":"#0","tintindex":0},"north":{"uv":[8.0,0.0,16.0,8.0],"rotation":0,"texture":"#0","tintindex":0},"west":{"uv":[8.0,0.0,16.0,8.0],"rotation":0,"texture":"#0","tintindex":0},"up":{"uv":[8.0,0.0,16.0,8.0],"rotation":0,"texture":"#0","tintindex":0},"down":{"uv":[8.0,0.0,16.0,8.0],"rotation":0,"texture":"#0","tintindex":0}}},{"from":[17.776115,6.0116377,5.8128014],"to":[30.103962,9.988362,10.187199],"rotation":{"angle":0.0,"axis":"y","origin":[-105.50235,8.0,5.315711]},"faces":{"east":{"uv":[8.0,0.0,16.0,8.0],"rotation":0,"texture":"#0","tintindex":0},"south":{"uv":[8.0,0.0,16.0,8.0],"rotation":0,"texture":"#0","tintindex":0},"north":{"uv":[8.0,0.0,16.0,8.0],"rotation":0,"texture":"#0","tintindex":0},"west":{"uv":[8.0,0.0,16.0,8.0],"rotation":0,"texture":"#0","tintindex":0},"up":{"uv":[8.0,0.0,16.0,8.0],"rotation":0,"texture":"#0","tintindex":0},"down":{"uv":[8.0,0.0,16.0,8.0],"rotation":0,"texture":"#0","tintindex":0}}}],"display":{"head":{"translation":[0.0,-6.4,0.0],"scale":[4.0,4.0,4.0]}}}