{"textures":{"0":"modelengine:entity/shelob"},"elements":[{"from":[3.1285124,6.0116377,6.0116377],"to":[7.701746,9.988362,9.988362],"rotation":{"angle":0.0,"axis":"y","origin":[50.451534,6.210474,7.8011637]},"faces":{"east":{"uv":[5.95625,6.3125,5.8125,6.1875],"rotation":0,"texture":"#0","tintindex":0},"south":{"uv":[5.95625,6.3125,5.8125,6.1875],"rotation":0,"texture":"#0","tintindex":0},"north":{"uv":[5.95625,6.3125,5.8125,6.1875],"rotation":0,"texture":"#0","tintindex":0},"west":{"uv":[5.95625,6.3125,5.8125,6.1875],"rotation":0,"texture":"#0","tintindex":0},"up":{"uv":[5.95625,6.3125,5.8125,6.1875],"rotation":0,"texture":"#0","tintindex":0},"down":{"uv":[5.95625,6.3125,5.8125,6.1875],"rotation":0,"texture":"#0","tintindex":0}}},{"from":[-4.427265,6.608146,6.608146],"to":[4.719202,9.391853,9.391853],"rotation":{"angle":0.0,"axis":"y","origin":[8.298254,8.0,5.315711]},"faces":{"east":{"uv":[0.9125,5.7125,0.625,5.625],"rotation":0,"texture":"#0","tintindex":0},"south":{"uv":[0.9125,5.7125,0.625,5.625],"rotation":0,"texture":"#0","tintindex":0},"north":{"uv":[0.9125,5.7125,0.625,5.625],"rotation":0,"texture":"#0","tintindex":0},"west":{"uv":[0.9125,5.7125,0.625,5.625],"rotation":0,"texture":"#0","tintindex":0},"up":{"uv":[0.9125,5.7125,0.625,5.625],"rotation":0,"texture":"#0","tintindex":0},"down":{"uv":[0.9125,5.7125,0.625,5.625],"rotation":0,"texture":"#0","tintindex":0}}},{"from":[-13.573732,6.8069825,6.8069825],"to":[-4.427265,9.193017,9.193017],"rotation":{"angle":0.0,"axis":"y","origin":[8.298254,8.0,5.315711]},"faces":{"east":{"uv":[6.5375,5.1375,6.25,5.0625],"rotation":0,"texture":"#0","tintindex":0},"south":{"uv":[6.5375,5.1375,6.25,5.0625],"rotation":0,"texture":"#0","tintindex":0},"north":{"uv":[6.5375,5.1375,6.25,5.0625],"rotation":0,"texture":"#0","tintindex":0},"west":{"uv":[6.5375,5.1375,6.25,5.0625],"rotation":0,"texture":"#0","tintindex":0},"up":{"uv":[6.5375,5.1375,6.25,5.0625],"rotation":0,"texture":"#0","tintindex":0},"down":{"uv":[6.5375,5.1375,6.25,5.0625],"rotation":0,"texture":"#0","tintindex":0}}},{"from":[-15.164421,6.0116377,5.8128014],"to":[-2.8365746,9.988362,10.187199],"rotation":{"angle":0.0,"axis":"y","origin":[8.298254,8.0,5.315711]},"faces":{"east":{"uv":[8.0,0.0,16.0,8.0],"rotation":0,"texture":"#0","tintindex":0},"south":{"uv":[8.0,0.0,16.0,8.0],"rotation":0,"texture":"#0","tintindex":0},"north":{"uv":[8.0,0.0,16.0,8.0],"rotation":0,"texture":"#0","tintindex":0},"west":{"uv":[8.0,0.0,16.0,8.0],"rotation":0,"texture":"#0","tintindex":0},"up":{"uv":[8.0,0.0,16.0,8.0],"rotation":0,"texture":"#0","tintindex":0},"down":{"uv":[8.0,0.0,16.0,8.0],"rotation":0,"texture":"#0","tintindex":0}}},{"from":[1.5378232,5.2162924,5.0174565],"to":[9.292436,10.783708,10.982544],"rotation":{"angle":0.0,"axis":"y","origin":[50.451534,6.210474,7.8011637]},"faces":{"east":{"uv":[8.0,0.0,16.0,8.0],"rotation":0,"texture":"#0","tintindex":0},"south":{"uv":[8.0,0.0,16.0,8.0],"rotation":0,"texture":"#0","tintindex":0},"north":{"uv":[8.0,0.0,16.0,8.0],"rotation":0,"texture":"#0","tintindex":0},"west":{"uv":[8.0,0.0,16.0,8.0],"rotation":0,"texture":"#0","tintindex":0},"up":{"uv":[8.0,0.0,16.0,8.0],"rotation":0,"texture":"#0","tintindex":0},"down":{"uv":[8.0,0.0,16.0,8.0],"rotation":0,"texture":"#0","tintindex":0}}},{"from":[-6.017955,5.8128014,5.613965],"to":[6.3098917,10.187199,10.386035],"rotation":{"angle":0.0,"axis":"y","origin":[8.298254,8.0,5.315711]},"faces":{"east":{"uv":[8.0,0.0,16.0,8.0],"rotation":0,"texture":"#0","tintindex":0},"south":{"uv":[8.0,0.0,16.0,8.0],"rotation":0,"texture":"#0","tintindex":0},"north":{"uv":[8.0,0.0,16.0,8.0],"rotation":0,"texture":"#0","tintindex":0},"west":{"uv":[8.0,0.0,16.0,8.0],"rotation":0,"texture":"#0","tintindex":0},"up":{"uv":[8.0,0.0,16.0,8.0],"rotation":0,"texture":"#0","tintindex":0},"down":{"uv":[8.0,0.0,16.0,8.0],"rotation":0,"texture":"#0","tintindex":0}}}],"display":{"head":{"translation":[0.0,-6.4,0.0],"scale":[4.0,4.0,4.0]}}}