{"textures":{"0":"modelengine:entity/shelob"},"elements":[{"from":[-13.374897,6.8069825,6.8069825],"to":[-4.228429,9.193017,9.193017],"rotation":{"angle":0.0,"axis":"y","origin":[6.508728,8.0,16.251705]},"faces":{"east":{"uv":[5.35,4.325,5.0625,4.25],"rotation":0,"texture":"#0","tintindex":0},"south":{"uv":[5.35,4.325,5.0625,4.25],"rotation":0,"texture":"#0","tintindex":0},"north":{"uv":[5.35,4.325,5.0625,4.25],"rotation":0,"texture":"#0","tintindex":0},"west":{"uv":[5.35,4.325,5.0625,4.25],"rotation":0,"texture":"#0","tintindex":0},"up":{"uv":[5.35,4.325,5.0625,4.25],"rotation":0,"texture":"#0","tintindex":0},"down":{"uv":[5.35,4.325,5.0625,4.25],"rotation":0,"texture":"#0","tintindex":0}}},{"from":[-4.228429,6.608146,6.608146],"to":[4.9180384,9.391853,9.391853],"rotation":{"angle":0.0,"axis":"y","origin":[6.508728,8.0,16.251705]},"faces":{"east":{"uv":[5.85,5.025,5.5625,4.9375],"rotation":0,"texture":"#0","tintindex":0},"south":{"uv":[5.85,5.025,5.5625,4.9375],"rotation":0,"texture":"#0","tintindex":0},"north":{"uv":[5.85,5.025,5.5625,4.9375],"rotation":0,"texture":"#0","tintindex":0},"west":{"uv":[5.85,5.025,5.5625,4.9375],"rotation":0,"texture":"#0","tintindex":0},"up":{"uv":[5.85,5.025,5.5625,4.9375],"rotation":0,"texture":"#0","tintindex":0},"down":{"uv":[5.85,5.025,5.5625,4.9375],"rotation":0,"texture":"#0","tintindex":0}}},{"from":[3.3273487,6.0116377,6.0116377],"to":[7.9005823,9.988362,9.988362],"rotation":{"angle":0.0,"axis":"y","origin":[48.66201,6.210474,13.368578]},"faces":{"east":{"uv":[4.83125,6.3125,4.6875,6.1875],"rotation":0,"texture":"#0","tintindex":0},"south":{"uv":[4.83125,6.3125,4.6875,6.1875],"rotation":0,"texture":"#0","tintindex":0},"north":{"uv":[4.83125,6.3125,4.6875,6.1875],"rotation":0,"texture":"#0","tintindex":0},"west":{"uv":[4.83125,6.3125,4.6875,6.1875],"rotation":0,"texture":"#0","tintindex":0},"up":{"uv":[4.83125,6.3125,4.6875,6.1875],"rotation":0,"texture":"#0","tintindex":0},"down":{"uv":[4.83125,6.3125,4.6875,6.1875],"rotation":0,"texture":"#0","tintindex":0}}},{"from":[-14.965586,6.0116377,5.8128014],"to":[-2.6377382,9.988362,10.187199],"rotation":{"angle":0.0,"axis":"y","origin":[6.508728,8.0,16.251705]},"faces":{"east":{"uv":[8.0,0.0,16.0,8.0],"rotation":0,"texture":"#0","tintindex":0},"south":{"uv":[8.0,0.0,16.0,8.0],"rotation":0,"texture":"#0","tintindex":0},"north":{"uv":[8.0,0.0,16.0,8.0],"rotation":0,"texture":"#0","tintindex":0},"west":{"uv":[8.0,0.0,16.0,8.0],"rotation":0,"texture":"#0","tintindex":0},"up":{"uv":[8.0,0.0,16.0,8.0],"rotation":0,"texture":"#0","tintindex":0},"down":{"uv":[8.0,0.0,16.0,8.0],"rotation":0,"texture":"#0","tintindex":0}}},{"from":[1.736659,5.2162924,5.0174565],"to":[9.491272,10.783708,10.982544],"rotation":{"angle":0.0,"axis":"y","origin":[48.66201,6.210474,13.368578]},"faces":{"east":{"uv":[8.0,0.0,16.0,8.0],"rotation":0,"texture":"#0","tintindex":0},"south":{"uv":[8.0,0.0,16.0,8.0],"rotation":0,"texture":"#0","tintindex":0},"north":{"uv":[8.0,0.0,16.0,8.0],"rotation":0,"texture":"#0","tintindex":0},"west":{"uv":[8.0,0.0,16.0,8.0],"rotation":0,"texture":"#0","tintindex":0},"up":{"uv":[8.0,0.0,16.0,8.0],"rotation":0,"texture":"#0","tintindex":0},"down":{"uv":[8.0,0.0,16.0,8.0],"rotation":0,"texture":"#0","tintindex":0}}},{"from":[-5.8191185,5.8128014,5.613965],"to":[6.508728,10.187199,10.386035],"rotation":{"angle":0.0,"axis":"y","origin":[6.508728,8.0,16.251705]},"faces":{"east":{"uv":[8.0,0.0,16.0,8.0],"rotation":0,"texture":"#0","tintindex":0},"south":{"uv":[8.0,0.0,16.0,8.0],"rotation":0,"texture":"#0","tintindex":0},"north":{"uv":[8.0,0.0,16.0,8.0],"rotation":0,"texture":"#0","tintindex":0},"west":{"uv":[8.0,0.0,16.0,8.0],"rotation":0,"texture":"#0","tintindex":0},"up":{"uv":[8.0,0.0,16.0,8.0],"rotation":0,"texture":"#0","tintindex":0},"down":{"uv":[8.0,0.0,16.0,8.0],"rotation":0,"texture":"#0","tintindex":0}}}],"display":{"head":{"translation":[0.0,-6.4,0.0],"scale":[4.0,4.0,4.0]}}}