{"textures":{"0":"modelengine:entity/shelob"},"elements":[{"from":[3.2776399,5.4151287,5.613965],"to":[7.850873,10.584871,10.386035],"rotation":{"angle":0.0,"axis":"y","origin":[28.927513,6.210474,7.8011637]},"faces":{"east":{"uv":[6.08125,2.5875,5.9375,2.4375],"rotation":0,"texture":"#0","tintindex":0},"south":{"uv":[6.08125,2.5875,5.9375,2.4375],"rotation":0,"texture":"#0","tintindex":0},"north":{"uv":[6.08125,2.5875,5.9375,2.4375],"rotation":0,"texture":"#0","tintindex":0},"west":{"uv":[6.08125,2.5875,5.9375,2.4375],"rotation":0,"texture":"#0","tintindex":0},"up":{"uv":[6.08125,2.5875,5.9375,2.4375],"rotation":0,"texture":"#0","tintindex":0},"down":{"uv":[6.08125,2.5875,5.9375,2.4375],"rotation":0,"texture":"#0","tintindex":0}}},{"from":[-4.874646,6.0116377,6.210474],"to":[4.27182,9.988362,9.789526],"rotation":{"angle":0.0,"axis":"y","origin":[26.740314,6.210474,7.8011637]},"faces":{"east":{"uv":[5.725,2.175,5.4375,2.0625],"rotation":0,"texture":"#0","tintindex":0},"south":{"uv":[5.725,2.175,5.4375,2.0625],"rotation":0,"texture":"#0","tintindex":0},"north":{"uv":[5.725,2.175,5.4375,2.0625],"rotation":0,"texture":"#0","tintindex":0},"west":{"uv":[5.725,2.175,5.4375,2.0625],"rotation":0,"texture":"#0","tintindex":0},"up":{"uv":[5.725,2.175,5.4375,2.0625],"rotation":0,"texture":"#0","tintindex":0},"down":{"uv":[5.725,2.175,5.4375,2.0625],"rotation":0,"texture":"#0","tintindex":0}}},{"from":[1.6869497,4.6197844,4.6197844],"to":[9.441563,11.380216,11.380216],"rotation":{"angle":0.0,"axis":"y","origin":[28.927513,6.210474,7.8011637]},"faces":{"east":{"uv":[8.0,0.0,16.0,8.0],"rotation":0,"texture":"#0","tintindex":0},"south":{"uv":[8.0,0.0,16.0,8.0],"rotation":0,"texture":"#0","tintindex":0},"north":{"uv":[8.0,0.0,16.0,8.0],"rotation":0,"texture":"#0","tintindex":0},"west":{"uv":[8.0,0.0,16.0,8.0],"rotation":0,"texture":"#0","tintindex":0},"up":{"uv":[8.0,0.0,16.0,8.0],"rotation":0,"texture":"#0","tintindex":0},"down":{"uv":[8.0,0.0,16.0,8.0],"rotation":0,"texture":"#0","tintindex":0}}},{"from":[-6.465336,5.2162924,5.2162924],"to":[5.86251,10.783708,10.783708],"rotation":{"angle":0.0,"axis":"y","origin":[26.740314,6.210474,7.8011637]},"faces":{"east":{"uv":[8.0,0.0,16.0,8.0],"rotation":0,"texture":"#0","tintindex":0},"south":{"uv":[8.0,0.0,16.0,8.0],"rotation":0,"texture":"#0","tintindex":0},"north":{"uv":[8.0,0.0,16.0,8.0],"rotation":0,"texture":"#0","tintindex":0},"west":{"uv":[8.0,0.0,16.0,8.0],"rotation":0,"texture":"#0","tintindex":0},"up":{"uv":[8.0,0.0,16.0,8.0],"rotation":0,"texture":"#0","tintindex":0},"down":{"uv":[8.0,0.0,16.0,8.0],"rotation":0,"texture":"#0","tintindex":0}}}],"display":{"head":{"translation":[0.0,-6.4,0.0],"scale":[4.0,4.0,4.0]}}}