{"textures":{"0":"modelengine:entity/shelob"},"elements":[{"from":[0.5034075,5.4151287,5.4151287],"to":[14.024271,10.584871,10.584871],"rotation":{"angle":0.0,"axis":"y","origin":[5.076641,6.210474,7.8011637]},"faces":{"east":{"uv":[3.05,4.9125,2.625,4.75],"rotation":0,"texture":"#0","tintindex":0},"south":{"uv":[3.05,4.9125,2.625,4.75],"rotation":0,"texture":"#0","tintindex":0},"north":{"uv":[3.05,4.9125,2.625,4.75],"rotation":0,"texture":"#0","tintindex":0},"west":{"uv":[3.05,4.9125,2.625,4.75],"rotation":0,"texture":"#0","tintindex":0},"up":{"uv":[3.05,4.9125,2.625,4.75],"rotation":0,"texture":"#0","tintindex":0},"down":{"uv":[3.05,4.9125,2.625,4.75],"rotation":0,"texture":"#0","tintindex":0}}},{"from":[-14.409309,5.8128014,6.0116377],"to":[1.4975891,10.187199,9.988362],"rotation":{"angle":0.0,"axis":"y","origin":[5.076641,6.210474,7.8011637]},"faces":{"east":{"uv":[5.1875,5.0625,4.6875,4.9375],"rotation":0,"texture":"#0","tintindex":0},"south":{"uv":[5.1875,5.0625,4.6875,4.9375],"rotation":0,"texture":"#0","tintindex":0},"north":{"uv":[5.1875,5.0625,4.6875,4.9375],"rotation":0,"texture":"#0","tintindex":0},"west":{"uv":[5.1875,5.0625,4.6875,4.9375],"rotation":0,"texture":"#0","tintindex":0},"up":{"uv":[5.1875,5.0625,4.6875,4.9375],"rotation":0,"texture":"#0","tintindex":0},"down":{"uv":[5.1875,5.0625,4.6875,4.9375],"rotation":0,"texture":"#0","tintindex":0}}},{"from":[-1.0872822,4.6197844,4.420948],"to":[15.614962,11.380216,11.579052],"rotation":{"angle":0.0,"axis":"y","origin":[5.076641,6.210474,7.8011637]},"faces":{"east":{"uv":[8.0,0.0,16.0,8.0],"rotation":0,"texture":"#0","tintindex":0},"south":{"uv":[8.0,0.0,16.0,8.0],"rotation":0,"texture":"#0","tintindex":0},"north":{"uv":[8.0,0.0,16.0,8.0],"rotation":0,"texture":"#0","tintindex":0},"west":{"uv":[8.0,0.0,16.0,8.0],"rotation":0,"texture":"#0","tintindex":0},"up":{"uv":[8.0,0.0,16.0,8.0],"rotation":0,"texture":"#0","tintindex":0},"down":{"uv":[8.0,0.0,16.0,8.0],"rotation":0,"texture":"#0","tintindex":0}}},{"from":[-16.0,5.0174565,5.0174565],"to":[3.0882788,10.982544,10.982544],"rotation":{"angle":0.0,"axis":"y","origin":[5.076641,6.210474,7.8011637]},"faces":{"east":{"uv":[8.0,0.0,16.0,8.0],"rotation":0,"texture":"#0","tintindex":0},"south":{"uv":[8.0,0.0,16.0,8.0],"rotation":0,"texture":"#0","tintindex":0},"north":{"uv":[8.0,0.0,16.0,8.0],"rotation":0,"texture":"#0","tintindex":0},"west":{"uv":[8.0,0.0,16.0,8.0],"rotation":0,"texture":"#0","tintindex":0},"up":{"uv":[8.0,0.0,16.0,8.0],"rotation":0,"texture":"#0","tintindex":0},"down":{"uv":[8.0,0.0,16.0,8.0],"rotation":0,"texture":"#0","tintindex":0}}}],"display":{"head":{"translation":[-22.904068,-6.4,0.0],"scale":[4.0,4.0,4.0]}}}