{"textures":{"0":"modelengine:entity/shelob"},"elements":[{"from":[20.16215,6.8069825,6.8069825],"to":[29.308617,9.193017,9.193017],"rotation":{"angle":0.0,"axis":"y","origin":[-105.70119,8.0,16.251705]},"faces":{"east":{"uv":[6.6,1.075,6.3125,1.0],"rotation":0,"texture":"#0","tintindex":0},"south":{"uv":[6.6,1.075,6.3125,1.0],"rotation":0,"texture":"#0","tintindex":0},"north":{"uv":[6.6,1.075,6.3125,1.0],"rotation":0,"texture":"#0","tintindex":0},"west":{"uv":[6.6,1.075,6.3125,1.0],"rotation":0,"texture":"#0","tintindex":0},"up":{"uv":[6.6,1.075,6.3125,1.0],"rotation":0,"texture":"#0","tintindex":0},"down":{"uv":[6.6,1.075,6.3125,1.0],"rotation":0,"texture":"#0","tintindex":0}}},{"from":[12.606373,6.608146,6.608146],"to":[21.752838,9.391853,9.391853],"rotation":{"angle":0.0,"axis":"y","origin":[-105.70119,8.0,16.251705]},"faces":{"east":{"uv":[0.2875,5.8375,0.0,5.75],"rotation":0,"texture":"#0","tintindex":0},"south":{"uv":[0.2875,5.8375,0.0,5.75],"rotation":0,"texture":"#0","tintindex":0},"north":{"uv":[0.2875,5.8375,0.0,5.75],"rotation":0,"texture":"#0","tintindex":0},"west":{"uv":[0.2875,5.8375,0.0,5.75],"rotation":0,"texture":"#0","tintindex":0},"up":{"uv":[0.2875,5.8375,0.0,5.75],"rotation":0,"texture":"#0","tintindex":0},"down":{"uv":[0.2875,5.8375,0.0,5.75],"rotation":0,"texture":"#0","tintindex":0}}},{"from":[8.430813,6.0116377,6.0116377],"to":[13.0040455,9.988362,9.988362],"rotation":{"angle":0.0,"axis":"y","origin":[-63.547905,6.210474,13.368578]},"faces":{"east":{"uv":[6.39375,4.75,6.25,4.625],"rotation":0,"texture":"#0","tintindex":0},"south":{"uv":[6.39375,4.75,6.25,4.625],"rotation":0,"texture":"#0","tintindex":0},"north":{"uv":[6.39375,4.75,6.25,4.625],"rotation":0,"texture":"#0","tintindex":0},"west":{"uv":[6.39375,4.75,6.25,4.625],"rotation":0,"texture":"#0","tintindex":0},"up":{"uv":[6.39375,4.75,6.25,4.625],"rotation":0,"texture":"#0","tintindex":0},"down":{"uv":[6.39375,4.75,6.25,4.625],"rotation":0,"texture":"#0","tintindex":0}}},{"from":[6.840122,5.2162924,5.0174565],"to":[14.594736,10.783708,10.982544],"rotation":{"angle":0.0,"axis":"y","origin":[-63.547905,6.210474,13.368578]},"faces":{"east":{"uv":[8.0,0.0,16.0,8.0],"rotation":0,"texture":"#0","tintindex":0},"south":{"uv":[8.0,0.0,16.0,8.0],"rotation":0,"texture":"#0","tintindex":0},"north":{"uv":[8.0,0.0,16.0,8.0],"rotation":0,"texture":"#0","tintindex":0},"west":{"uv":[8.0,0.0,16.0,8.0],"rotation":0,"texture":"#0","tintindex":0},"up":{"uv":[8.0,0.0,16.0,8.0],"rotation":0,"texture":"#0","tintindex":0},"down":{"uv":[8.0,0.0,16.0,8.0],"rotation":0,"texture":"#0","tintindex":0}}},{"from":[11.015682,5.8128014,5.613965],"to":[23.343529,10.187199,10.386035],"rotation":{"angle":0.0,"axis":"y","origin":[-105.70119,8.0,16.251705]},"faces":{"east":{"uv":[8.0,0.0,16.0,8.0],"rotation":0,"texture":"#0","tintindex":0},"south":{"uv":[8.0,0.0,16.0,8.0],"rotation":0,"texture":"#0","tintindex":0},"north":{"uv":[8.0,0.0,16.0,8.0],"rotation":0,"texture":"#0","tintindex":0},"west":{"uv":[8.0,0.0,16.0,8.0],"rotation":0,"texture":"#0","tintindex":0},"up":{"uv":[8.0,0.0,16.0,8.0],"rotation":0,"texture":"#0","tintindex":0},"down":{"uv":[8.0,0.0,16.0,8.0],"rotation":0,"texture":"#0","tintindex":0}}},{"from":[18.57146,6.0116377,5.8128014],"to":[30.899305,9.988362,10.187199],"rotation":{"angle":0.0,"axis":"y","origin":[-105.70119,8.0,16.251705]},"faces":{"east":{"uv":[8.0,0.0,16.0,8.0],"rotation":0,"texture":"#0","tintindex":0},"south":{"uv":[8.0,0.0,16.0,8.0],"rotation":0,"texture":"#0","tintindex":0},"north":{"uv":[8.0,0.0,16.0,8.0],"rotation":0,"texture":"#0","tintindex":0},"west":{"uv":[8.0,0.0,16.0,8.0],"rotation":0,"texture":"#0","tintindex":0},"up":{"uv":[8.0,0.0,16.0,8.0],"rotation":0,"texture":"#0","tintindex":0},"down":{"uv":[8.0,0.0,16.0,8.0],"rotation":0,"texture":"#0","tintindex":0}}}],"display":{"head":{"translation":[0.0,-6.4,0.0],"scale":[4.0,4.0,4.0]}}}