{"textures":{"0":"modelengine:entity/shelob"},"elements":[{"from":[-5.0734825,6.0116377,6.210474],"to":[4.0729837,9.988362,9.789526],"rotation":{"angle":0.0,"axis":"y","origin":[22.365917,6.210474,13.368578]},"faces":{"east":{"uv":[1.9125,5.4875,1.625,5.375],"rotation":0,"texture":"#0","tintindex":0},"south":{"uv":[1.9125,5.4875,1.625,5.375],"rotation":0,"texture":"#0","tintindex":0},"north":{"uv":[1.9125,5.4875,1.625,5.375],"rotation":0,"texture":"#0","tintindex":0},"west":{"uv":[1.9125,5.4875,1.625,5.375],"rotation":0,"texture":"#0","tintindex":0},"up":{"uv":[1.9125,5.4875,1.625,5.375],"rotation":0,"texture":"#0","tintindex":0},"down":{"uv":[1.9125,5.4875,1.625,5.375],"rotation":0,"texture":"#0","tintindex":0}}},{"from":[3.078804,5.4151287,5.613965],"to":[7.652037,10.584871,10.386035],"rotation":{"angle":0.0,"axis":"y","origin":[24.553116,6.210474,13.368578]},"faces":{"east":{"uv":[5.64375,5.9625,5.5,5.8125],"rotation":0,"texture":"#0","tintindex":0},"south":{"uv":[5.64375,5.9625,5.5,5.8125],"rotation":0,"texture":"#0","tintindex":0},"north":{"uv":[5.64375,5.9625,5.5,5.8125],"rotation":0,"texture":"#0","tintindex":0},"west":{"uv":[5.64375,5.9625,5.5,5.8125],"rotation":0,"texture":"#0","tintindex":0},"up":{"uv":[5.64375,5.9625,5.5,5.8125],"rotation":0,"texture":"#0","tintindex":0},"down":{"uv":[5.64375,5.9625,5.5,5.8125],"rotation":0,"texture":"#0","tintindex":0}}},{"from":[1.4881139,4.6197844,4.6197844],"to":[9.242727,11.380216,11.380216],"rotation":{"angle":0.0,"axis":"y","origin":[24.553116,6.210474,13.368578]},"faces":{"east":{"uv":[8.0,0.0,16.0,8.0],"rotation":0,"texture":"#0","tintindex":0},"south":{"uv":[8.0,0.0,16.0,8.0],"rotation":0,"texture":"#0","tintindex":0},"north":{"uv":[8.0,0.0,16.0,8.0],"rotation":0,"texture":"#0","tintindex":0},"west":{"uv":[8.0,0.0,16.0,8.0],"rotation":0,"texture":"#0","tintindex":0},"up":{"uv":[8.0,0.0,16.0,8.0],"rotation":0,"texture":"#0","tintindex":0},"down":{"uv":[8.0,0.0,16.0,8.0],"rotation":0,"texture":"#0","tintindex":0}}},{"from":[-6.664172,5.2162924,5.2162924],"to":[5.663674,10.783708,10.783708],"rotation":{"angle":0.0,"axis":"y","origin":[22.365917,6.210474,13.368578]},"faces":{"east":{"uv":[8.0,0.0,16.0,8.0],"rotation":0,"texture":"#0","tintindex":0},"south":{"uv":[8.0,0.0,16.0,8.0],"rotation":0,"texture":"#0","tintindex":0},"north":{"uv":[8.0,0.0,16.0,8.0],"rotation":0,"texture":"#0","tintindex":0},"west":{"uv":[8.0,0.0,16.0,8.0],"rotation":0,"texture":"#0","tintindex":0},"up":{"uv":[8.0,0.0,16.0,8.0],"rotation":0,"texture":"#0","tintindex":0},"down":{"uv":[8.0,0.0,16.0,8.0],"rotation":0,"texture":"#0","tintindex":0}}}],"display":{"head":{"translation":[0.0,-6.4,0.0],"scale":[4.0,4.0,4.0]}}}