{"textures":{"0":"modelengine:entity/shelob"},"elements":[{"from":[11.827597,6.0116377,6.210474],"to":[20.974064,9.988362,9.789526],"rotation":{"angle":0.0,"axis":"y","origin":[-40.66517,6.210474,13.368578]},"faces":{"east":{"uv":[3.7875,5.55,3.5,5.4375],"rotation":0,"texture":"#0","tintindex":0},"south":{"uv":[3.7875,5.55,3.5,5.4375],"rotation":0,"texture":"#0","tintindex":0},"north":{"uv":[3.7875,5.55,3.5,5.4375],"rotation":0,"texture":"#0","tintindex":0},"west":{"uv":[3.7875,5.55,3.5,5.4375],"rotation":0,"texture":"#0","tintindex":0},"up":{"uv":[3.7875,5.55,3.5,5.4375],"rotation":0,"texture":"#0","tintindex":0},"down":{"uv":[3.7875,5.55,3.5,5.4375],"rotation":0,"texture":"#0","tintindex":0}}},{"from":[8.845055,5.4151287,5.613965],"to":[13.418287,10.584871,10.386035],"rotation":{"angle":0.0,"axis":"y","origin":[-38.47797,6.210474,13.368578]},"faces":{"east":{"uv":[1.76875,6.15,1.625,6.0],"rotation":0,"texture":"#0","tintindex":0},"south":{"uv":[1.76875,6.15,1.625,6.0],"rotation":0,"texture":"#0","tintindex":0},"north":{"uv":[1.76875,6.15,1.625,6.0],"rotation":0,"texture":"#0","tintindex":0},"west":{"uv":[1.76875,6.15,1.625,6.0],"rotation":0,"texture":"#0","tintindex":0},"up":{"uv":[1.76875,6.15,1.625,6.0],"rotation":0,"texture":"#0","tintindex":0},"down":{"uv":[1.76875,6.15,1.625,6.0],"rotation":0,"texture":"#0","tintindex":0}}},{"from":[7.2543645,4.6197844,4.6197844],"to":[15.008978,11.380216,11.380216],"rotation":{"angle":0.0,"axis":"y","origin":[-38.47797,6.210474,13.368578]},"faces":{"east":{"uv":[8.0,0.0,16.0,8.0],"rotation":0,"texture":"#0","tintindex":0},"south":{"uv":[8.0,0.0,16.0,8.0],"rotation":0,"texture":"#0","tintindex":0},"north":{"uv":[8.0,0.0,16.0,8.0],"rotation":0,"texture":"#0","tintindex":0},"west":{"uv":[8.0,0.0,16.0,8.0],"rotation":0,"texture":"#0","tintindex":0},"up":{"uv":[8.0,0.0,16.0,8.0],"rotation":0,"texture":"#0","tintindex":0},"down":{"uv":[8.0,0.0,16.0,8.0],"rotation":0,"texture":"#0","tintindex":0}}},{"from":[10.236907,5.2162924,5.2162924],"to":[22.564754,10.783708,10.783708],"rotation":{"angle":0.0,"axis":"y","origin":[-40.66517,6.210474,13.368578]},"faces":{"east":{"uv":[8.0,0.0,16.0,8.0],"rotation":0,"texture":"#0","tintindex":0},"south":{"uv":[8.0,0.0,16.0,8.0],"rotation":0,"texture":"#0","tintindex":0},"north":{"uv":[8.0,0.0,16.0,8.0],"rotation":0,"texture":"#0","tintindex":0},"west":{"uv":[8.0,0.0,16.0,8.0],"rotation":0,"texture":"#0","tintindex":0},"up":{"uv":[8.0,0.0,16.0,8.0],"rotation":0,"texture":"#0","tintindex":0},"down":{"uv":[8.0,0.0,16.0,8.0],"rotation":0,"texture":"#0","tintindex":0}}}],"display":{"head":{"translation":[0.0,-6.4,0.0],"scale":[4.0,4.0,4.0]}}}