{"textures":{"0":"modelengine:entity/shelob"},"elements":[{"from":[5.224883,-1.6920509,13.631906],"to":[7.610918,2.8811827,17.210957],"rotation":{"angle":-45.0,"axis":"z","origin":[6.4179006,0.59456587,15.819104]},"faces":{"east":{"uv":[6.325,13.2,5.875,12.625],"rotation":0,"texture":"#0","tintindex":0},"south":{"uv":[6.325,13.2,5.875,12.625],"rotation":0,"texture":"#0","tintindex":0},"north":{"uv":[6.325,13.2,5.875,12.625],"rotation":0,"texture":"#0","tintindex":0},"west":{"uv":[6.325,13.2,5.875,12.625],"rotation":0,"texture":"#0","tintindex":0},"up":{"uv":[6.325,13.2,5.875,12.625],"rotation":0,"texture":"#0","tintindex":0},"down":{"uv":[6.325,13.2,5.875,12.625],"rotation":0,"texture":"#0","tintindex":0}}},{"from":[5.928054,1.9547124,13.631906],"to":[9.9047785,6.5279455,17.608631],"rotation":{"angle":-22.5,"axis":"z","origin":[7.916416,4.241329,15.819104]},"faces":{"east":{"uv":[4.625,11.625,4.125,11.125],"rotation":0,"texture":"#0","tintindex":0},"south":{"uv":[4.625,11.625,4.125,11.125],"rotation":0,"texture":"#0","tintindex":0},"north":{"uv":[4.625,11.625,4.125,11.125],"rotation":0,"texture":"#0","tintindex":0},"west":{"uv":[4.625,11.625,4.125,11.125],"rotation":0,"texture":"#0","tintindex":0},"up":{"uv":[4.625,11.625,4.125,11.125],"rotation":0,"texture":"#0","tintindex":0},"down":{"uv":[4.625,11.625,4.125,11.125],"rotation":0,"texture":"#0","tintindex":0}}},{"from":[5.4587317,5.5929737,13.631906],"to":[10.628474,10.961553,17.807467],"rotation":{"angle":0.0,"axis":"y","origin":[-1.3017006,8.277263,15.819104]},"faces":{"east":{"uv":[0.65,14.9625,0.0,14.4375],"rotation":0,"texture":"#0","tintindex":0},"south":{"uv":[0.65,14.9625,0.0,14.4375],"rotation":0,"texture":"#0","tintindex":0},"north":{"uv":[0.65,14.9625,0.0,14.4375],"rotation":0,"texture":"#0","tintindex":0},"west":{"uv":[0.65,14.9625,0.0,14.4375],"rotation":0,"texture":"#0","tintindex":0},"up":{"uv":[0.65,14.9625,0.0,14.4375],"rotation":0,"texture":"#0","tintindex":0},"down":{"uv":[0.65,14.9625,0.0,14.4375],"rotation":0,"texture":"#0","tintindex":0}}},{"from":[5.2598953,7.925767,12.374442],"to":[11.423819,13.294346,16.74884],"rotation":{"angle":45.0,"axis":"x","origin":[-2.7929716,10.610056,14.561641]},"faces":{"east":{"uv":[4.65,13.7375,3.875,13.1875],"rotation":0,"texture":"#0","tintindex":0},"south":{"uv":[4.65,13.7375,3.875,13.1875],"rotation":0,"texture":"#0","tintindex":0},"north":{"uv":[4.65,13.7375,3.875,13.1875],"rotation":0,"texture":"#0","tintindex":0},"west":{"uv":[4.65,13.7375,3.875,13.1875],"rotation":0,"texture":"#0","tintindex":0},"up":{"uv":[4.65,13.7375,3.875,13.1875],"rotation":0,"texture":"#0","tintindex":0},"down":{"uv":[4.65,13.7375,3.875,13.1875],"rotation":0,"texture":"#0","tintindex":0}}},{"from":[4.862223,9.042652,11.728976],"to":[12.020328,14.41123,13.916175],"rotation":{"angle":22.5,"axis":"x","origin":[-1.0034456,11.726941,13.518503]},"faces":{"east":{"uv":[4.15,12.7125,3.25,12.4375],"rotation":0,"texture":"#0","tintindex":0},"south":{"uv":[4.15,12.7125,3.25,12.4375],"rotation":0,"texture":"#0","tintindex":0},"north":{"uv":[4.15,12.7125,3.25,12.4375],"rotation":0,"texture":"#0","tintindex":0},"west":{"uv":[4.15,12.7125,3.25,12.4375],"rotation":0,"texture":"#0","tintindex":0},"up":{"uv":[4.15,12.7125,3.25,12.4375],"rotation":0,"texture":"#0","tintindex":0},"down":{"uv":[4.15,12.7125,3.25,12.4375],"rotation":0,"texture":"#0","tintindex":0}}},{"from":[5.0610595,9.599236,10.1238575],"to":[12.616837,14.9678135,12.907564],"rotation":{"angle":0.0,"axis":"y","origin":[3.9674602,11.48818,9.626766]},"faces":{"east":{"uv":[4.7,13.4125,3.75,13.0625],"rotation":0,"texture":"#0","tintindex":0},"south":{"uv":[4.7,13.4125,3.75,13.0625],"rotation":0,"texture":"#0","tintindex":0},"north":{"uv":[4.7,13.4125,3.75,13.0625],"rotation":0,"texture":"#0","tintindex":0},"west":{"uv":[4.7,13.4125,3.75,13.0625],"rotation":0,"texture":"#0","tintindex":0},"up":{"uv":[4.7,13.4125,3.75,13.0625],"rotation":0,"texture":"#0","tintindex":0},"down":{"uv":[4.7,13.4125,3.75,13.0625],"rotation":0,"texture":"#0","tintindex":0}}}],"display":{"head":{"translation":[0.0,-6.4,0.0],"scale":[4.0,4.0,4.0]}}}