{"textures":{"0":"modelengine:entity/shelob"},"elements":[{"from":[3.532291,9.5928955,10.727164],"to":[11.286904,14.961473,13.312035],"rotation":{"angle":0.0,"axis":"y","origin":[13.175848,11.481839,10.230074]},"faces":{"east":{"uv":[4.5375,12.6375,3.5625,12.3125],"rotation":0,"texture":"#0","tintindex":0},"south":{"uv":[4.5375,12.6375,3.5625,12.3125],"rotation":0,"texture":"#0","tintindex":0},"north":{"uv":[4.5375,12.6375,3.5625,12.3125],"rotation":0,"texture":"#0","tintindex":0},"west":{"uv":[4.5375,12.6375,3.5625,12.3125],"rotation":0,"texture":"#0","tintindex":0},"up":{"uv":[4.5375,12.6375,3.5625,12.3125],"rotation":0,"texture":"#0","tintindex":0},"down":{"uv":[4.5375,12.6375,3.5625,12.3125],"rotation":0,"texture":"#0","tintindex":0}}},{"from":[3.929963,9.036311,12.133447],"to":[11.088068,14.40489,14.519482],"rotation":{"angle":22.5,"axis":"x","origin":[7.4095974,11.7206,14.121809]},"faces":{"east":{"uv":[3.2125,8.925,2.3125,8.625],"rotation":0,"texture":"#0","tintindex":0},"south":{"uv":[3.2125,8.925,2.3125,8.625],"rotation":0,"texture":"#0","tintindex":0},"north":{"uv":[3.2125,8.925,2.3125,8.625],"rotation":0,"texture":"#0","tintindex":0},"west":{"uv":[3.2125,8.925,2.3125,8.625],"rotation":0,"texture":"#0","tintindex":0},"up":{"uv":[3.2125,8.925,2.3125,8.625],"rotation":0,"texture":"#0","tintindex":0},"down":{"uv":[3.2125,8.925,2.3125,8.625],"rotation":0,"texture":"#0","tintindex":0}}},{"from":[4.526472,7.919426,12.977749],"to":[10.690395,13.288004,17.352146],"rotation":{"angle":45.0,"axis":"x","origin":[6.4154162,10.603715,15.1649475]},"faces":{"east":{"uv":[2.2125,10.7375,1.4375,10.1875],"rotation":0,"texture":"#0","tintindex":0},"south":{"uv":[2.2125,10.7375,1.4375,10.1875],"rotation":0,"texture":"#0","tintindex":0},"north":{"uv":[2.2125,10.7375,1.4375,10.1875],"rotation":0,"texture":"#0","tintindex":0},"west":{"uv":[2.2125,10.7375,1.4375,10.1875],"rotation":0,"texture":"#0","tintindex":0},"up":{"uv":[2.2125,10.7375,1.4375,10.1875],"rotation":0,"texture":"#0","tintindex":0},"down":{"uv":[2.2125,10.7375,1.4375,10.1875],"rotation":0,"texture":"#0","tintindex":0}}},{"from":[5.321817,5.5866327,14.235212],"to":[10.491559,10.955212,18.410774],"rotation":{"angle":0.0,"axis":"y","origin":[7.906688,8.270923,16.422411]},"faces":{"east":{"uv":[4.65,9.0875,4.0,8.5625],"rotation":0,"texture":"#0","tintindex":0},"south":{"uv":[4.65,9.0875,4.0,8.5625],"rotation":0,"texture":"#0","tintindex":0},"north":{"uv":[4.65,9.0875,4.0,8.5625],"rotation":0,"texture":"#0","tintindex":0},"west":{"uv":[4.65,9.0875,4.0,8.5625],"rotation":0,"texture":"#0","tintindex":0},"up":{"uv":[4.65,9.0875,4.0,8.5625],"rotation":0,"texture":"#0","tintindex":0},"down":{"uv":[4.65,9.0875,4.0,8.5625],"rotation":0,"texture":"#0","tintindex":0}}},{"from":[6.1522884,2.2069159,14.235212],"to":[10.129013,6.7801495,18.211937],"rotation":{"angle":22.5,"axis":"z","origin":[8.73716,4.0958605,16.422411]},"faces":{"east":{"uv":[4.625,11.375,4.125,10.875],"rotation":0,"texture":"#0","tintindex":0},"south":{"uv":[4.625,11.375,4.125,10.875],"rotation":0,"texture":"#0","tintindex":0},"north":{"uv":[4.625,11.375,4.125,10.875],"rotation":0,"texture":"#0","tintindex":0},"west":{"uv":[4.625,11.375,4.125,10.875],"rotation":0,"texture":"#0","tintindex":0},"up":{"uv":[4.625,11.375,4.125,10.875],"rotation":0,"texture":"#0","tintindex":0},"down":{"uv":[4.625,11.375,4.125,10.875],"rotation":0,"texture":"#0","tintindex":0}}},{"from":[8.106422,-1.1359978,14.235212],"to":[10.492456,3.4372354,17.814266],"rotation":{"angle":45.0,"axis":"z","origin":[10.094785,1.1506186,16.422411]},"faces":{"east":{"uv":[1.7375,11.6375,1.4375,11.0625],"rotation":0,"texture":"#0","tintindex":0},"south":{"uv":[1.7375,11.6375,1.4375,11.0625],"rotation":0,"texture":"#0","tintindex":0},"north":{"uv":[1.7375,11.6375,1.4375,11.0625],"rotation":0,"texture":"#0","tintindex":0},"west":{"uv":[1.7375,11.6375,1.4375,11.0625],"rotation":0,"texture":"#0","tintindex":0},"up":{"uv":[1.7375,11.6375,1.4375,11.0625],"rotation":0,"texture":"#0","tintindex":0},"down":{"uv":[1.7375,11.6375,1.4375,11.0625],"rotation":0,"texture":"#0","tintindex":0}}}],"display":{"head":{"translation":[0.0,-6.4,0.0],"scale":[4.0,4.0,4.0]}}}