{"textures":{"0":"modelengine:entity/reaperfinished"},"elements":[{"from":[7.184,3.5027232,7.948088],"to":[8.738286,7.8958664,9.580089],"rotation":{"angle":0.0,"axis":"y","origin":[6.3291426,2.7255802,9.113803]},"faces":{"east":{"uv":[11.75,8.0,11.875,8.9125],"rotation":0,"texture":"#0","tintindex":0},"south":{"uv":[11.75,8.0,11.875,8.9125],"rotation":0,"texture":"#0","tintindex":0},"north":{"uv":[11.75,8.0,11.875,8.9125],"rotation":0,"texture":"#0","tintindex":0},"west":{"uv":[11.75,8.0,11.875,8.9125],"rotation":0,"texture":"#0","tintindex":0},"up":{"uv":[11.75,8.0,11.875,8.9125],"rotation":0,"texture":"#0","tintindex":0},"down":{"uv":[11.75,8.0,11.875,8.9125],"rotation":0,"texture":"#0","tintindex":0}}},{"from":[7.1062856,-2.9475622,7.7926598],"to":[8.971429,3.5027232,9.735517],"rotation":{"angle":0.0,"axis":"y","origin":[6.3291426,3.2695808,9.113803]},"faces":{"east":{"uv":[11.75,8.0,11.875,8.9375],"rotation":180,"texture":"#0","tintindex":0},"south":{"uv":[11.75,8.0,11.875,8.9375],"rotation":180,"texture":"#0","tintindex":0},"north":{"uv":[11.75,8.0,11.875,8.9375],"rotation":180,"texture":"#0","tintindex":0},"west":{"uv":[11.75,8.0,11.875,8.9375],"rotation":180,"texture":"#0","tintindex":0},"up":{"uv":[11.75,8.0,11.875,8.9375],"rotation":180,"texture":"#0","tintindex":0},"down":{"uv":[11.75,8.0,11.875,8.9375],"rotation":180,"texture":"#0","tintindex":0}}}],"display":{"head":{"translation":[0.0,-6.4,0.0],"scale":[4.0,4.0,4.0]}}}