{"textures":{"0":"modelengine:entity/reaperfinished"},"elements":[{"from":[7.6712356,8.321746,15.769598],"to":[8.160835,8.920146,20.611198],"rotation":{"angle":0.0,"axis":"y","origin":[5.4408355,18.059345,3.0127974]},"faces":{"east":{"uv":[9.63125,2.15,9.95,2.2375],"rotation":0,"texture":"#0","tintindex":0},"south":{"uv":[9.63125,2.15,9.95,2.2375],"rotation":0,"texture":"#0","tintindex":0},"north":{"uv":[9.63125,2.15,9.95,2.2375],"rotation":0,"texture":"#0","tintindex":0},"west":{"uv":[9.63125,2.15,9.95,2.2375],"rotation":0,"texture":"#0","tintindex":0},"up":{"uv":[9.63125,2.15,9.95,2.2375],"rotation":0,"texture":"#0","tintindex":0},"down":{"uv":[9.63125,2.15,9.95,2.2375],"rotation":0,"texture":"#0","tintindex":0}}},{"from":[7.7256355,8.376146,2.1695976],"to":[8.106436,8.8657465,16.422398],"rotation":{"angle":0.0,"axis":"y","origin":[5.4408355,18.059345,3.0127974]},"faces":{"east":{"uv":[9.63125,2.15,9.95,2.2375],"rotation":0,"texture":"#0","tintindex":0},"south":{"uv":[9.63125,2.15,9.95,2.2375],"rotation":0,"texture":"#0","tintindex":0},"north":{"uv":[9.63125,2.15,9.95,2.2375],"rotation":0,"texture":"#0","tintindex":0},"west":{"uv":[9.63125,2.15,9.95,2.2375],"rotation":0,"texture":"#0","tintindex":0},"up":{"uv":[9.63125,2.15,9.95,2.2375],"rotation":0,"texture":"#0","tintindex":0},"down":{"uv":[9.63125,2.15,9.95,2.2375],"rotation":0,"texture":"#0","tintindex":0}}},{"from":[7.6712356,8.321746,-8.166403],"to":[8.160835,8.920146,4.9439974],"rotation":{"angle":0.0,"axis":"y","origin":[5.4408355,18.059345,3.0127974]},"faces":{"east":{"uv":[9.63125,2.15,9.95,2.2375],"rotation":0,"texture":"#0","tintindex":0},"south":{"uv":[9.63125,2.15,9.95,2.2375],"rotation":0,"texture":"#0","tintindex":0},"north":{"uv":[9.63125,2.15,9.95,2.2375],"rotation":0,"texture":"#0","tintindex":0},"west":{"uv":[9.63125,2.15,9.95,2.2375],"rotation":0,"texture":"#0","tintindex":0},"up":{"uv":[9.63125,2.15,9.95,2.2375],"rotation":0,"texture":"#0","tintindex":0},"down":{"uv":[9.63125,2.15,9.95,2.2375],"rotation":0,"texture":"#0","tintindex":0}}},{"from":[7.8888354,8.0497465,-16.0],"to":[7.8888354,9.192146,-8.166403],"rotation":{"angle":-22.5,"axis":"z","origin":[7.8888354,8.607347,-12.083202]},"faces":{"east":{"uv":[10.9375,0.875,11.84375,1.125],"rotation":0,"texture":"#0","tintindex":0},"south":{"uv":[8.0,0.0,8.0,0.25],"rotation":0,"texture":"#0","tintindex":0},"north":{"uv":[8.0,0.0,8.0,0.25],"rotation":0,"texture":"#0","tintindex":0},"west":{"uv":[10.9375,0.875,11.84375,1.125],"rotation":0,"texture":"#0","tintindex":0},"up":{"uv":[8.0,1.8125,8.0,0.0],"rotation":0,"texture":"#0","tintindex":0},"down":{"uv":[8.0,0.0,8.0,1.8125],"rotation":0,"texture":"#0","tintindex":0}}},{"from":[7.3992357,8.593746,-16.0],"to":[8.378435,8.593746,-8.166403],"rotation":{"angle":-22.5,"axis":"z","origin":[7.8888354,8.607347,-12.083202]},"faces":{"east":{"uv":[8.0,0.0,8.90625,0.0],"rotation":0,"texture":"#0","tintindex":0},"south":{"uv":[8.0,0.0,8.109375,0.0],"rotation":0,"texture":"#0","tintindex":0},"north":{"uv":[8.0,0.0,8.109375,0.0],"rotation":0,"texture":"#0","tintindex":0},"west":{"uv":[8.0,0.0,8.90625,0.0],"rotation":0,"texture":"#0","tintindex":0},"up":{"uv":[10.9375,0.875,11.84375,1.1375],"rotation":90,"texture":"#0","tintindex":0},"down":{"uv":[10.9375,0.875,11.84375,1.1375],"rotation":90,"texture":"#0","tintindex":0}}},{"from":[7.8888354,-2.1230536,-7.948803],"to":[7.8888354,12.8369465,-0.4960022],"rotation":{"angle":0.0,"axis":"y","origin":[5.4408355,18.059345,3.0127974]},"faces":{"east":{"uv":[0.0,0.0,8.0,5.5],"rotation":90,"texture":"#0","tintindex":0},"south":{"uv":[1.5625,6.25,1.6875,6.9375],"rotation":0,"texture":"#0","tintindex":0},"north":{"uv":[1.4375,6.25,1.5625,6.9375],"rotation":0,"texture":"#0","tintindex":0},"west":{"uv":[0.0,7.34375,8.0,12.84375],"rotation":270,"texture":"#0","tintindex":0},"up":{"uv":[2.5,4.5,2.375,4.375],"rotation":0,"texture":"#0","tintindex":0},"down":{"uv":[3.0,3.25,2.875,3.375],"rotation":0,"texture":"#0","tintindex":0}}}],"display":{"head":{"translation":[0.0,-6.4,-7.1395264],"scale":[4.0,4.0,4.0]}}}