{"textures":{"0":"modelengine:entity/reaperfinished"},"elements":[{"from":[7.184,-0.47314358,6.7954283],"to":[8.816,2.4022856,7.6502857],"rotation":{"angle":0.0,"axis":"y","origin":[4.4639997,10.562286,7.9222856]},"faces":{"east":{"uv":[9.6875,8.25,9.8125,8.96875],"rotation":0,"texture":"#0","tintindex":0},"south":{"uv":[9.6875,8.25,9.8125,8.96875],"rotation":0,"texture":"#0","tintindex":0},"north":{"uv":[9.6875,8.25,9.8125,8.96875],"rotation":0,"texture":"#0","tintindex":0},"west":{"uv":[9.6875,8.25,9.8125,8.96875],"rotation":0,"texture":"#0","tintindex":0},"up":{"uv":[9.6875,8.25,9.8125,8.96875],"rotation":0,"texture":"#0","tintindex":0},"down":{"uv":[9.6875,8.25,9.8125,8.96875],"rotation":0,"texture":"#0","tintindex":0}}},{"from":[7.184,2.3245711,6.64],"to":[8.816,8.153143,8.427428],"rotation":{"angle":0.0,"axis":"y","origin":[4.4639997,10.329143,7.9222856]},"faces":{"east":{"uv":[11.75,8.0,11.875,8.9375],"rotation":0,"texture":"#0","tintindex":0},"south":{"uv":[11.75,8.0,11.875,8.9375],"rotation":0,"texture":"#0","tintindex":0},"north":{"uv":[11.75,8.0,11.875,8.9375],"rotation":0,"texture":"#0","tintindex":0},"west":{"uv":[11.75,8.0,11.875,8.9375],"rotation":0,"texture":"#0","tintindex":0},"up":{"uv":[11.75,8.0,11.875,8.9375],"rotation":0,"texture":"#0","tintindex":0},"down":{"uv":[11.75,8.0,11.875,8.9375],"rotation":0,"texture":"#0","tintindex":0}}}],"display":{"head":{"translation":[0.0,-6.4,0.0],"scale":[4.0,4.0,4.0]}}}