{"textures":{"0":"modelengine:entity/reaperfinished"},"elements":[{"from":[7.7482057,8.630308,6.8886857],"to":[8.251794,9.077943,7.8678856],"rotation":{"angle":0.0,"axis":"y","origin":[-6.6600237,-5.327177,12.142172]},"faces":{"east":{"uv":[11.75,9.0,11.828125,9.09375],"rotation":0,"texture":"#0","tintindex":0},"south":{"uv":[11.75,9.0,11.828125,9.09375],"rotation":0,"texture":"#0","tintindex":0},"north":{"uv":[11.75,9.0,11.828125,9.09375],"rotation":0,"texture":"#0","tintindex":0},"west":{"uv":[11.75,9.0,11.828125,9.09375],"rotation":0,"texture":"#0","tintindex":0},"up":{"uv":[11.75,9.0,11.828125,9.09375],"rotation":0,"texture":"#0","tintindex":0},"down":{"uv":[11.75,9.0,11.828125,9.09375],"rotation":0,"texture":"#0","tintindex":0}}},{"from":[7.7482057,8.089417,6.8886857],"to":[8.251794,8.537051,7.8678856],"rotation":{"angle":0.0,"axis":"y","origin":[-6.6600237,-5.327177,12.142172]},"faces":{"east":{"uv":[12.5625,8.625,12.640625,8.6875],"rotation":0,"texture":"#0","tintindex":0},"south":{"uv":[12.5625,8.625,12.640625,8.6875],"rotation":0,"texture":"#0","tintindex":0},"north":{"uv":[12.5625,8.625,12.640625,8.6875],"rotation":0,"texture":"#0","tintindex":0},"west":{"uv":[12.5625,8.625,12.640625,8.6875],"rotation":0,"texture":"#0","tintindex":0},"up":{"uv":[12.5625,8.625,12.640625,8.6875],"rotation":0,"texture":"#0","tintindex":0},"down":{"uv":[12.5625,8.625,12.640625,8.6875],"rotation":0,"texture":"#0","tintindex":0}}},{"from":[7.7482057,7.4925714,6.8886857],"to":[8.251794,8.0241375,7.8678856],"rotation":{"angle":0.0,"axis":"y","origin":[-6.6600237,-5.327177,12.142172]},"faces":{"east":{"uv":[10.4375,9.125,10.515625,9.1875],"rotation":0,"texture":"#0","tintindex":0},"south":{"uv":[10.4375,9.125,10.515625,9.1875],"rotation":0,"texture":"#0","tintindex":0},"north":{"uv":[10.4375,9.125,10.515625,9.1875],"rotation":0,"texture":"#0","tintindex":0},"west":{"uv":[10.4375,9.125,10.515625,9.1875],"rotation":0,"texture":"#0","tintindex":0},"up":{"uv":[10.4375,9.125,10.515625,9.1875],"rotation":0,"texture":"#0","tintindex":0},"down":{"uv":[10.4375,9.125,10.515625,9.1875],"rotation":0,"texture":"#0","tintindex":0}}}],"display":{"head":{"translation":[0.0,-6.4,0.0],"scale":[4.0,4.0,4.0]}}}