{"textures":{"0":"modelengine:entity/reaperfinished"},"elements":[{"from":[9.648104,8.0288,7.177965],"to":[10.095737,8.588343,8.576822],"rotation":{"angle":-22.5,"axis":"y","origin":[8.627769,7.913783,3.2333074]},"faces":{"east":{"uv":[10.96875,9.0,10.9375,9.21875],"rotation":0,"texture":"#0","tintindex":0},"south":{"uv":[10.96875,9.0,10.9375,9.21875],"rotation":0,"texture":"#0","tintindex":0},"north":{"uv":[10.96875,9.0,10.9375,9.21875],"rotation":0,"texture":"#0","tintindex":0},"west":{"uv":[10.96875,9.0,10.9375,9.21875],"rotation":0,"texture":"#0","tintindex":0},"up":{"uv":[10.96875,9.0,10.9375,9.21875],"rotation":0,"texture":"#0","tintindex":0},"down":{"uv":[10.96875,9.0,10.9375,9.21875],"rotation":0,"texture":"#0","tintindex":0}}}],"display":{"head":{"translation":[0.0,-6.4,0.0],"scale":[4.0,4.0,4.0]}}}