{"textures":{"0":"modelengine:entity/reaperfinished"},"elements":[{"from":[5.5875144,8.056777,6.4216957],"to":[6.0071716,8.560366,7.820553],"rotation":{"angle":22.5,"axis":"y","origin":[7.07668,8.623314,2.0259347]},"faces":{"east":{"uv":[10.96875,9.0,10.9375,9.21875],"rotation":0,"texture":"#0","tintindex":0},"south":{"uv":[10.96875,9.0,10.9375,9.21875],"rotation":0,"texture":"#0","tintindex":0},"north":{"uv":[10.96875,9.0,10.9375,9.21875],"rotation":0,"texture":"#0","tintindex":0},"west":{"uv":[10.96875,9.0,10.9375,9.21875],"rotation":0,"texture":"#0","tintindex":0},"up":{"uv":[10.96875,9.0,10.9375,9.21875],"rotation":0,"texture":"#0","tintindex":0},"down":{"uv":[10.96875,9.0,10.9375,9.21875],"rotation":0,"texture":"#0","tintindex":0}}}],"display":{"head":{"translation":[0.0,-6.4,0.0],"scale":[4.0,4.0,4.0]}}}