{"textures":{"0":"modelengine:entity/reaperfinished"},"elements":[{"from":[7.7482057,8.630308,7.5104],"to":[8.251794,9.077943,8.4896],"rotation":{"angle":0.0,"axis":"y","origin":[-6.492161,-5.327177,11.784686]},"faces":{"east":{"uv":[12.5,6.0,12.578125,6.09375],"rotation":0,"texture":"#0","tintindex":0},"south":{"uv":[12.5,6.0,12.578125,6.09375],"rotation":0,"texture":"#0","tintindex":0},"north":{"uv":[12.5,6.0,12.578125,6.09375],"rotation":0,"texture":"#0","tintindex":0},"west":{"uv":[12.5,6.0,12.578125,6.09375],"rotation":0,"texture":"#0","tintindex":0},"up":{"uv":[12.5,6.0,12.578125,6.09375],"rotation":0,"texture":"#0","tintindex":0},"down":{"uv":[12.5,6.0,12.578125,6.09375],"rotation":0,"texture":"#0","tintindex":0}}},{"from":[7.7482057,8.089417,7.5104],"to":[8.251794,8.537051,8.4896],"rotation":{"angle":0.0,"axis":"y","origin":[-6.492161,-5.327177,11.784686]},"faces":{"east":{"uv":[11.75,9.125,11.828125,9.1875],"rotation":0,"texture":"#0","tintindex":0},"south":{"uv":[11.75,9.125,11.828125,9.1875],"rotation":0,"texture":"#0","tintindex":0},"north":{"uv":[11.75,9.125,11.828125,9.1875],"rotation":0,"texture":"#0","tintindex":0},"west":{"uv":[11.75,9.125,11.828125,9.1875],"rotation":0,"texture":"#0","tintindex":0},"up":{"uv":[11.75,9.125,11.828125,9.1875],"rotation":0,"texture":"#0","tintindex":0},"down":{"uv":[11.75,9.125,11.828125,9.1875],"rotation":0,"texture":"#0","tintindex":0}}},{"from":[7.7482057,7.4925714,7.5104],"to":[8.251794,8.0241375,8.4896],"rotation":{"angle":0.0,"axis":"y","origin":[-6.492161,-5.327177,11.784686]},"faces":{"east":{"uv":[12.5625,1.625,12.640625,1.6875],"rotation":0,"texture":"#0","tintindex":0},"south":{"uv":[12.5625,1.625,12.640625,1.6875],"rotation":0,"texture":"#0","tintindex":0},"north":{"uv":[12.5625,1.625,12.640625,1.6875],"rotation":0,"texture":"#0","tintindex":0},"west":{"uv":[12.5625,1.625,12.640625,1.6875],"rotation":0,"texture":"#0","tintindex":0},"up":{"uv":[12.5625,1.625,12.640625,1.6875],"rotation":0,"texture":"#0","tintindex":0},"down":{"uv":[12.5625,1.625,12.640625,1.6875],"rotation":0,"texture":"#0","tintindex":0}}}],"display":{"head":{"translation":[0.0,-6.4,0.0],"scale":[4.0,4.0,4.0]}}}