{"textures":{"0":"modelengine:entity/reaperfinished"},"elements":[{"from":[9.419142,8.0707655,7.347248],"to":[9.72689,8.5184,7.738928],"rotation":{"angle":-22.5,"axis":"y","origin":[8.37083,7.899794,3.79427]},"faces":{"east":{"uv":[12.65625,3.125,12.625,3.1875],"rotation":0,"texture":"#0","tintindex":0},"south":{"uv":[12.65625,3.125,12.625,3.1875],"rotation":0,"texture":"#0","tintindex":0},"north":{"uv":[12.65625,3.125,12.625,3.1875],"rotation":0,"texture":"#0","tintindex":0},"west":{"uv":[12.65625,3.125,12.625,3.1875],"rotation":0,"texture":"#0","tintindex":0},"up":{"uv":[12.65625,3.125,12.625,3.1875],"rotation":0,"texture":"#0","tintindex":0},"down":{"uv":[12.65625,3.125,12.625,3.1875],"rotation":0,"texture":"#0","tintindex":0}}},{"from":[9.33521,8.0987425,6.9835453],"to":[9.642959,8.546377,7.375225],"rotation":{"angle":-22.5,"axis":"y","origin":[8.37083,7.899794,3.79427]},"faces":{"east":{"uv":[10.96875,9.25,10.9375,9.3125],"rotation":0,"texture":"#0","tintindex":0},"south":{"uv":[10.96875,9.25,10.9375,9.3125],"rotation":0,"texture":"#0","tintindex":0},"north":{"uv":[10.96875,9.25,10.9375,9.3125],"rotation":0,"texture":"#0","tintindex":0},"west":{"uv":[10.96875,9.25,10.9375,9.3125],"rotation":0,"texture":"#0","tintindex":0},"up":{"uv":[10.96875,9.25,10.9375,9.3125],"rotation":0,"texture":"#0","tintindex":0},"down":{"uv":[10.96875,9.25,10.9375,9.3125],"rotation":0,"texture":"#0","tintindex":0}}}],"display":{"head":{"translation":[0.0,-6.4,0.0],"scale":[4.0,4.0,4.0]}}}