{"textures":{"0":"modelengine:entity/reaperfinished"},"elements":[{"from":[7.261714,3.6205711,7.926857],"to":[8.816,8.013714,9.558857],"rotation":{"angle":0.0,"axis":"y","origin":[8.971429,2.8434281,9.092571]},"faces":{"east":{"uv":[11.75,8.0,11.875,8.9125],"rotation":0,"texture":"#0","tintindex":0},"south":{"uv":[11.75,8.0,11.875,8.9125],"rotation":0,"texture":"#0","tintindex":0},"north":{"uv":[11.75,8.0,11.875,8.9125],"rotation":0,"texture":"#0","tintindex":0},"west":{"uv":[11.75,8.0,11.875,8.9125],"rotation":0,"texture":"#0","tintindex":0},"up":{"uv":[11.75,8.0,11.875,8.9125],"rotation":0,"texture":"#0","tintindex":0},"down":{"uv":[11.75,8.0,11.875,8.9125],"rotation":0,"texture":"#0","tintindex":0}}},{"from":[7.028571,-2.8297148,7.7714286],"to":[8.893714,3.6205711,9.714286],"rotation":{"angle":0.0,"axis":"y","origin":[8.971429,3.3874288,9.092571]},"faces":{"east":{"uv":[11.75,8.0,11.875,8.9375],"rotation":180,"texture":"#0","tintindex":0},"south":{"uv":[11.75,8.0,11.875,8.9375],"rotation":180,"texture":"#0","tintindex":0},"north":{"uv":[11.75,8.0,11.875,8.9375],"rotation":180,"texture":"#0","tintindex":0},"west":{"uv":[11.75,8.0,11.875,8.9375],"rotation":180,"texture":"#0","tintindex":0},"up":{"uv":[11.75,8.0,11.875,8.9375],"rotation":180,"texture":"#0","tintindex":0},"down":{"uv":[11.75,8.0,11.875,8.9375],"rotation":180,"texture":"#0","tintindex":0}}}],"display":{"head":{"translation":[0.0,-6.4,0.0],"scale":[4.0,4.0,4.0]}}}