{"textures":{"0":"modelengine:entity/reaperfinished"},"elements":[{"from":[7.7691884,8.695589,7.428023],"to":[8.160869,9.003337,7.903634],"rotation":{"angle":0.0,"axis":"y","origin":[9.475794,-3.850606,11.618378]},"faces":{"east":{"uv":[12.625,2.625,12.65625,2.6875],"rotation":0,"texture":"#0","tintindex":0},"south":{"uv":[12.625,2.625,12.65625,2.6875],"rotation":0,"texture":"#0","tintindex":0},"north":{"uv":[12.625,2.625,12.65625,2.6875],"rotation":0,"texture":"#0","tintindex":0},"west":{"uv":[12.625,2.625,12.65625,2.6875],"rotation":0,"texture":"#0","tintindex":0},"up":{"uv":[12.625,2.625,12.65625,2.6875],"rotation":0,"texture":"#0","tintindex":0},"down":{"uv":[12.625,2.625,12.65625,2.6875],"rotation":0,"texture":"#0","tintindex":0}}},{"from":[7.85312,8.695589,7.06432],"to":[8.216823,9.003337,7.428023],"rotation":{"angle":0.0,"axis":"y","origin":[9.475794,-3.850606,11.618378]},"faces":{"east":{"uv":[12.625,2.25,12.65625,2.3125],"rotation":0,"texture":"#0","tintindex":0},"south":{"uv":[12.625,2.25,12.65625,2.3125],"rotation":0,"texture":"#0","tintindex":0},"north":{"uv":[12.625,2.25,12.65625,2.3125],"rotation":0,"texture":"#0","tintindex":0},"west":{"uv":[12.625,2.25,12.65625,2.3125],"rotation":0,"texture":"#0","tintindex":0},"up":{"uv":[12.625,2.25,12.65625,2.3125],"rotation":0,"texture":"#0","tintindex":0},"down":{"uv":[12.625,2.25,12.65625,2.3125],"rotation":0,"texture":"#0","tintindex":0}}},{"from":[7.7691884,8.154697,7.428023],"to":[8.160869,8.490423,7.903634],"rotation":{"angle":0.0,"axis":"y","origin":[9.475794,-3.850606,11.618378]},"faces":{"east":{"uv":[12.625,4.875,12.65625,4.9375],"rotation":0,"texture":"#0","tintindex":0},"south":{"uv":[12.625,4.875,12.65625,4.9375],"rotation":0,"texture":"#0","tintindex":0},"north":{"uv":[12.625,4.875,12.65625,4.9375],"rotation":0,"texture":"#0","tintindex":0},"west":{"uv":[12.625,4.875,12.65625,4.9375],"rotation":0,"texture":"#0","tintindex":0},"up":{"uv":[12.625,4.875,12.65625,4.9375],"rotation":0,"texture":"#0","tintindex":0},"down":{"uv":[12.625,4.875,12.65625,4.9375],"rotation":0,"texture":"#0","tintindex":0}}},{"from":[7.85312,8.154697,7.06432],"to":[8.216823,8.490423,7.428023],"rotation":{"angle":0.0,"axis":"y","origin":[9.475794,-3.850606,11.618378]},"faces":{"east":{"uv":[12.625,5.25,12.65625,5.3125],"rotation":0,"texture":"#0","tintindex":0},"south":{"uv":[12.625,5.25,12.65625,5.3125],"rotation":0,"texture":"#0","tintindex":0},"north":{"uv":[12.625,5.25,12.65625,5.3125],"rotation":0,"texture":"#0","tintindex":0},"west":{"uv":[12.625,5.25,12.65625,5.3125],"rotation":0,"texture":"#0","tintindex":0},"up":{"uv":[12.625,5.25,12.65625,5.3125],"rotation":0,"texture":"#0","tintindex":0},"down":{"uv":[12.625,5.25,12.65625,5.3125],"rotation":0,"texture":"#0","tintindex":0}}},{"from":[7.7691884,7.5578513,7.428023],"to":[8.160869,7.9495316,7.903634],"rotation":{"angle":0.0,"axis":"y","origin":[9.475794,-3.850606,11.618378]},"faces":{"east":{"uv":[12.625,3.375,12.65625,3.4375],"rotation":0,"texture":"#0","tintindex":0},"south":{"uv":[12.625,3.375,12.65625,3.4375],"rotation":0,"texture":"#0","tintindex":0},"north":{"uv":[12.625,3.375,12.65625,3.4375],"rotation":0,"texture":"#0","tintindex":0},"west":{"uv":[12.625,3.375,12.65625,3.4375],"rotation":0,"texture":"#0","tintindex":0},"up":{"uv":[12.625,3.375,12.65625,3.4375],"rotation":0,"texture":"#0","tintindex":0},"down":{"uv":[12.625,3.375,12.65625,3.4375],"rotation":0,"texture":"#0","tintindex":0}}},{"from":[7.85312,7.5578513,7.06432],"to":[8.216823,7.9495316,7.428023],"rotation":{"angle":0.0,"axis":"y","origin":[9.475794,-3.850606,11.618378]},"faces":{"east":{"uv":[12.625,3.75,12.65625,3.8125],"rotation":0,"texture":"#0","tintindex":0},"south":{"uv":[12.625,3.75,12.65625,3.8125],"rotation":0,"texture":"#0","tintindex":0},"north":{"uv":[12.625,3.75,12.65625,3.8125],"rotation":0,"texture":"#0","tintindex":0},"west":{"uv":[12.625,3.75,12.65625,3.8125],"rotation":0,"texture":"#0","tintindex":0},"up":{"uv":[12.625,3.75,12.65625,3.8125],"rotation":0,"texture":"#0","tintindex":0},"down":{"uv":[12.625,3.75,12.65625,3.8125],"rotation":0,"texture":"#0","tintindex":0}}}],"display":{"head":{"translation":[0.0,-6.4,0.0],"scale":[4.0,4.0,4.0]}}}