{"textures":{"0":"modelengine:entity/reaperfinished"},"elements":[{"from":[6.206112,8.291575,6.6244574],"to":[10.091826,10.700718,9.499886],"rotation":{"angle":22.5,"axis":"z","origin":[8.148969,9.496147,7.9456]},"faces":{"east":{"uv":[12.125,7.5,12.359375,7.875],"rotation":0,"texture":"#0","tintindex":0},"south":{"uv":[12.71875,8.0,13.03125,8.375],"rotation":0,"texture":"#0","tintindex":0},"north":{"uv":[12.71875,8.0,13.03125,8.375],"rotation":0,"texture":"#0","tintindex":0},"west":{"uv":[12.125,7.5,12.359375,7.875],"rotation":0,"texture":"#0","tintindex":0},"up":{"uv":[12.0,2.71875,11.6875,2.25],"rotation":0,"texture":"#0","tintindex":0},"down":{"uv":[12.0,3.75,11.6875,4.21875],"rotation":0,"texture":"#0","tintindex":0}}},{"from":[7.1467576,7.827106,6.7021713],"to":[8.778758,8.992821,9.422172],"rotation":{"angle":0.0,"axis":"y","origin":[11.421043,6.5059633,8.450743]},"faces":{"east":{"uv":[10.0625,8.75,10.16875,8.9375],"rotation":0,"texture":"#0","tintindex":0},"south":{"uv":[10.0625,8.75,10.16875,8.9375],"rotation":0,"texture":"#0","tintindex":0},"north":{"uv":[10.0625,8.75,10.16875,8.9375],"rotation":0,"texture":"#0","tintindex":0},"west":{"uv":[10.0625,8.75,10.16875,8.9375],"rotation":0,"texture":"#0","tintindex":0},"up":{"uv":[10.0625,8.75,10.16875,8.9375],"rotation":0,"texture":"#0","tintindex":0},"down":{"uv":[10.0625,8.75,10.16875,8.9375],"rotation":0,"texture":"#0","tintindex":0}}},{"from":[7.302186,4.4076777,7.4016],"to":[8.623329,7.827106,8.722743],"rotation":{"angle":0.0,"axis":"y","origin":[11.421043,6.6613917,8.450743]},"faces":{"east":{"uv":[10.0625,8.75,10.171875,9.3125],"rotation":0,"texture":"#0","tintindex":0},"south":{"uv":[10.0625,8.75,10.171875,9.3125],"rotation":0,"texture":"#0","tintindex":0},"north":{"uv":[10.0625,8.75,10.171875,9.3125],"rotation":0,"texture":"#0","tintindex":0},"west":{"uv":[10.0625,8.75,10.171875,9.3125],"rotation":0,"texture":"#0","tintindex":0},"up":{"uv":[10.0625,8.75,10.171875,9.3125],"rotation":0,"texture":"#0","tintindex":0},"down":{"uv":[10.0625,8.75,10.171875,9.3125],"rotation":0,"texture":"#0","tintindex":0}}}],"display":{"head":{"translation":[0.0,-6.4,0.0],"scale":[4.0,4.0,4.0]}}}