{"textures":{"0":"modelengine:entity/reaperfinished"},"elements":[{"from":[5.055002,7.1519356,6.6244574],"to":[8.940717,9.561079,9.499886],"rotation":{"angle":-22.5,"axis":"z","origin":[10.26186,6.9187927,7.9456]},"faces":{"east":{"uv":[12.125,7.5,12.359375,7.875],"rotation":0,"texture":"#0","tintindex":0},"south":{"uv":[10.9375,8.0,11.175,8.375],"rotation":0,"texture":"#0","tintindex":0},"north":{"uv":[10.9375,8.0,11.175,8.375],"rotation":0,"texture":"#0","tintindex":0},"west":{"uv":[12.125,7.5,12.359375,7.875],"rotation":0,"texture":"#0","tintindex":0},"up":{"uv":[12.0,2.71875,11.6875,2.25],"rotation":0,"texture":"#0","tintindex":0},"down":{"uv":[14.9375,8.25,14.625,8.71875],"rotation":0,"texture":"#0","tintindex":0}}},{"from":[7.390302,4.4076777,7.4016],"to":[8.711445,7.827106,8.722743],"rotation":{"angle":0.0,"axis":"y","origin":[4.5148735,6.6613917,8.450743]},"faces":{"east":{"uv":[10.0625,8.75,10.171875,9.3125],"rotation":0,"texture":"#0","tintindex":0},"south":{"uv":[10.0625,8.75,10.171875,9.3125],"rotation":0,"texture":"#0","tintindex":0},"north":{"uv":[10.0625,8.75,10.171875,9.3125],"rotation":0,"texture":"#0","tintindex":0},"west":{"uv":[10.0625,8.75,10.171875,9.3125],"rotation":0,"texture":"#0","tintindex":0},"up":{"uv":[10.0625,8.75,10.171875,9.3125],"rotation":0,"texture":"#0","tintindex":0},"down":{"uv":[10.0625,8.75,10.171875,9.3125],"rotation":0,"texture":"#0","tintindex":0}}},{"from":[7.2348733,7.827106,6.7021713],"to":[8.866874,8.992821,9.422172],"rotation":{"angle":0.0,"axis":"y","origin":[4.5148735,6.5059633,8.450743]},"faces":{"east":{"uv":[10.0625,8.75,10.16875,8.9375],"rotation":0,"texture":"#0","tintindex":0},"south":{"uv":[10.0625,8.75,10.16875,8.9375],"rotation":0,"texture":"#0","tintindex":0},"north":{"uv":[10.0625,8.75,10.16875,8.9375],"rotation":0,"texture":"#0","tintindex":0},"west":{"uv":[10.0625,8.75,10.16875,8.9375],"rotation":0,"texture":"#0","tintindex":0},"up":{"uv":[10.0625,8.75,10.16875,8.9375],"rotation":0,"texture":"#0","tintindex":0},"down":{"uv":[10.0625,8.75,10.16875,8.9375],"rotation":0,"texture":"#0","tintindex":0}}}],"display":{"head":{"translation":[0.0,-6.4,0.0],"scale":[4.0,4.0,4.0]}}}