{"textures":{"0":"modelengine:entity/reaperfinished"},"elements":[{"from":[6.92312,8.700884,5.4907675],"to":[9.09912,10.721456,8.210768],"rotation":{"angle":0.0,"axis":"y","origin":[7.933406,8.156884,5.762768]},"faces":{"east":{"uv":[11.0,8.375,11.21875,8.75],"rotation":0,"texture":"#0","tintindex":0},"south":{"uv":[10.5625,8.5,10.734375,8.875],"rotation":0,"texture":"#0","tintindex":0},"north":{"uv":[12.25,3.25,12.421875,3.625],"rotation":0,"texture":"#0","tintindex":0},"west":{"uv":[12.25,0.0,12.46875,0.375],"rotation":0,"texture":"#0","tintindex":0},"up":{"uv":[12.421875,2.0625,12.25,1.625],"rotation":0,"texture":"#0","tintindex":0},"down":{"uv":[12.421875,2.125,12.25,2.5625],"rotation":0,"texture":"#0","tintindex":0}}},{"from":[5.9905486,8.312312,8.5993395],"to":[10.031692,12.042599,8.5993395],"rotation":{"angle":0.0,"axis":"y","origin":[7.5448346,10.177456,8.5993395]},"faces":{"east":{"uv":[8.0,0.0,8.0,0.59375],"rotation":0,"texture":"#0","tintindex":0},"south":{"uv":[11.375,4.125,11.65625,4.71875],"rotation":0,"texture":"#0","tintindex":0},"north":{"uv":[11.375,4.125,11.65625,4.71875],"rotation":0,"texture":"#0","tintindex":0},"west":{"uv":[8.0,0.0,8.0,0.59375],"rotation":0,"texture":"#0","tintindex":0},"up":{"uv":[8.28125,0.0,8.0,0.0],"rotation":0,"texture":"#0","tintindex":0},"down":{"uv":[8.28125,0.0,8.0,0.0],"rotation":0,"texture":"#0","tintindex":0}}},{"from":[7.933406,8.778598,8.5993395],"to":[7.933406,11.576313,10.930768],"rotation":{"angle":-45.0,"axis":"z","origin":[7.933406,10.177456,9.376482]},"faces":{"east":{"uv":[12.375,5.25,12.5,5.6875],"rotation":0,"texture":"#0","tintindex":0},"south":{"uv":[8.0,0.0,8.0,0.4375],"rotation":0,"texture":"#0","tintindex":0},"north":{"uv":[8.0,0.0,8.0,0.4375],"rotation":0,"texture":"#0","tintindex":0},"west":{"uv":[12.375,5.75,12.5,6.1875],"rotation":0,"texture":"#0","tintindex":0},"up":{"uv":[8.0,0.25,8.0,0.0],"rotation":0,"texture":"#0","tintindex":0},"down":{"uv":[8.0,0.0,8.0,0.25],"rotation":0,"texture":"#0","tintindex":0}}},{"from":[7.933406,8.778598,8.5993395],"to":[7.933406,11.576313,10.930768],"rotation":{"angle":45.0,"axis":"z","origin":[7.933406,10.177456,9.376482]},"faces":{"east":{"uv":[12.375,5.25,12.5,5.6875],"rotation":0,"texture":"#0","tintindex":0},"south":{"uv":[8.0,0.0,8.0,0.4375],"rotation":0,"texture":"#0","tintindex":0},"north":{"uv":[8.0,0.0,8.0,0.4375],"rotation":0,"texture":"#0","tintindex":0},"west":{"uv":[12.375,5.75,12.5,6.1875],"rotation":0,"texture":"#0","tintindex":0},"up":{"uv":[8.0,0.25,8.0,0.0],"rotation":0,"texture":"#0","tintindex":0},"down":{"uv":[8.0,0.0,8.0,0.25],"rotation":0,"texture":"#0","tintindex":0}}},{"from":[5.9905486,5.514598,9.143339],"to":[10.031692,9.16717,9.143339],"rotation":{"angle":-22.5,"axis":"x","origin":[7.5448346,7.8071694,8.677053]},"faces":{"east":{"uv":[8.0,0.0,8.0,0.5],"rotation":0,"texture":"#0","tintindex":0},"south":{"uv":[9.3125,7.0,9.640625,7.5],"rotation":0,"texture":"#0","tintindex":0},"north":{"uv":[9.3125,7.0,9.640625,7.5],"rotation":0,"texture":"#0","tintindex":0},"west":{"uv":[8.0,0.0,8.0,0.5],"rotation":0,"texture":"#0","tintindex":0},"up":{"uv":[8.328125,0.0,8.0,0.0],"rotation":0,"texture":"#0","tintindex":0},"down":{"uv":[8.328125,0.0,8.0,0.0],"rotation":0,"texture":"#0","tintindex":0}}},{"from":[8.088835,5.9808836,9.143339],"to":[8.088835,8.856313,11.474768],"rotation":{"angle":-22.5,"axis":"x","origin":[8.01112,7.8071694,8.677053]},"faces":{"east":{"uv":[10.25,8.25,10.4375,8.71875],"rotation":180,"texture":"#0","tintindex":0},"south":{"uv":[8.0,0.0,8.0,0.46875],"rotation":0,"texture":"#0","tintindex":0},"north":{"uv":[8.0,0.0,8.0,0.46875],"rotation":0,"texture":"#0","tintindex":0},"west":{"uv":[10.25,8.25,10.4375,8.71875],"rotation":0,"texture":"#0","tintindex":0},"up":{"uv":[8.0,0.375,8.0,0.0],"rotation":0,"texture":"#0","tintindex":0},"down":{"uv":[8.0,0.0,8.0,0.375],"rotation":0,"texture":"#0","tintindex":0}}},{"from":[5.994767,5.484342,5.0464826],"to":[5.994767,9.214628,8.62134],"rotation":{"angle":-22.5,"axis":"x","origin":[11.434768,8.7872,6.8339114]},"faces":{"east":{"uv":[11.375,2.875,11.65625,3.46875],"rotation":0,"texture":"#0","tintindex":0},"south":{"uv":[8.0,0.0,8.0,0.59375],"rotation":0,"texture":"#0","tintindex":0},"north":{"uv":[8.0,0.0,8.0,0.59375],"rotation":0,"texture":"#0","tintindex":0},"west":{"uv":[11.375,2.875,11.65625,3.46875],"rotation":0,"texture":"#0","tintindex":0},"up":{"uv":[8.0,0.5625,8.0,0.0],"rotation":0,"texture":"#0","tintindex":0},"down":{"uv":[8.0,0.0,8.0,0.5625],"rotation":0,"texture":"#0","tintindex":0}}},{"from":[6.676384,11.610772,5.0189724],"to":[8.23067,11.610772,8.59383],"rotation":{"angle":45.0,"axis":"z","origin":[7.453527,11.610772,6.8064013]},"faces":{"east":{"uv":[8.0,0.0,8.28125,0.0],"rotation":0,"texture":"#0","tintindex":0},"south":{"uv":[8.0,0.0,8.125,0.0],"rotation":0,"texture":"#0","tintindex":0},"north":{"uv":[8.0,0.0,8.125,0.0],"rotation":0,"texture":"#0","tintindex":0},"west":{"uv":[11.375,2.875,11.65625,3.46875],"rotation":0,"texture":"#0","tintindex":0},"up":{"uv":[11.44375,2.9625,11.63125,3.46875],"rotation":0,"texture":"#0","tintindex":0},"down":{"uv":[10.5625,8.5,10.4375,9.0625],"rotation":0,"texture":"#0","tintindex":0}}},{"from":[7.660521,11.33601,5.0189724],"to":[9.2148075,11.33601,8.59383],"rotation":{"angle":-45.0,"axis":"z","origin":[8.826236,11.33601,6.8064013]},"faces":{"east":{"uv":[8.0,0.0,8.28125,0.0],"rotation":0,"texture":"#0","tintindex":0},"south":{"uv":[8.0,0.0,8.125,0.0],"rotation":0,"texture":"#0","tintindex":0},"north":{"uv":[8.0,0.0,8.125,0.0],"rotation":0,"texture":"#0","tintindex":0},"west":{"uv":[8.0,0.0,8.28125,0.0],"rotation":0,"texture":"#0","tintindex":0},"up":{"uv":[11.44375,2.9625,11.63125,3.46875],"rotation":0,"texture":"#0","tintindex":0},"down":{"uv":[12.375,2.625,12.25,3.1875],"rotation":0,"texture":"#0","tintindex":0}}},{"from":[10.008724,5.4840827,5.0464826],"to":[10.008724,9.214369,8.62134],"rotation":{"angle":-22.5,"axis":"x","origin":[10.008724,8.786941,6.8339114]},"faces":{"east":{"uv":[11.375,2.875,11.65625,3.46875],"rotation":0,"texture":"#0","tintindex":0},"south":{"uv":[8.0,0.0,8.0,0.59375],"rotation":0,"texture":"#0","tintindex":0},"north":{"uv":[8.0,0.0,8.0,0.59375],"rotation":0,"texture":"#0","tintindex":0},"west":{"uv":[11.375,2.875,11.65625,3.46875],"rotation":0,"texture":"#0","tintindex":0},"up":{"uv":[8.0,0.5625,8.0,0.0],"rotation":0,"texture":"#0","tintindex":0},"down":{"uv":[8.0,0.0,8.0,0.5625],"rotation":0,"texture":"#0","tintindex":0}}},{"from":[7.933406,9.740991,5.018973],"to":[9.487692,11.295277,5.018973],"rotation":{"angle":45.0,"axis":"z","origin":[7.700263,9.935276,5.407544]},"faces":{"east":{"uv":[11.45,3.0375,11.58125,3.36875],"rotation":0,"texture":"#0","tintindex":0},"south":{"uv":[11.45,3.0375,11.58125,3.36875],"rotation":0,"texture":"#0","tintindex":0},"north":{"uv":[11.45,3.0375,11.58125,3.36875],"rotation":0,"texture":"#0","tintindex":0},"west":{"uv":[11.45,3.0375,11.58125,3.36875],"rotation":0,"texture":"#0","tintindex":0},"up":{"uv":[11.45,3.0375,11.58125,3.36875],"rotation":0,"texture":"#0","tintindex":0},"down":{"uv":[11.45,3.0375,11.58125,3.36875],"rotation":0,"texture":"#0","tintindex":0}}},{"from":[7.0008345,13.087343,6.1069727],"to":[9.021406,13.087343,9.914972],"rotation":{"angle":45.0,"axis":"x","origin":[7.0785484,11.610772,6.8064013]},"faces":{"east":{"uv":[8.0,0.0,8.25,0.0],"rotation":0,"texture":"#0","tintindex":0},"south":{"uv":[8.0,0.0,8.125,0.0],"rotation":0,"texture":"#0","tintindex":0},"north":{"uv":[8.0,0.0,8.125,0.0],"rotation":0,"texture":"#0","tintindex":0},"west":{"uv":[8.0,0.0,8.25,0.0],"rotation":0,"texture":"#0","tintindex":0},"up":{"uv":[12.125,9.0,12.0,8.5],"rotation":0,"texture":"#0","tintindex":0},"down":{"uv":[12.125,9.0,12.0,8.5],"rotation":180,"texture":"#0","tintindex":0}}}],"display":{"head":{"translation":[0.0,-6.4,0.0],"scale":[4.0,4.0,4.0]}}}