{"textures":{"0":"modelengine:entity/reaperfinished"},"elements":[{"from":[7.222857,7.337143,7.184],"to":[8.777143,9.901714,8.816],"rotation":{"angle":0.0,"axis":"y","origin":[7.9222856,8.619429,7.6891427]},"faces":{"east":{"uv":[8.5625,8.875,8.6875,9.28125],"rotation":0,"texture":"#0","tintindex":0},"south":{"uv":[8.5625,8.875,8.6875,9.28125],"rotation":0,"texture":"#0","tintindex":0},"north":{"uv":[8.5625,8.875,8.6875,9.28125],"rotation":0,"texture":"#0","tintindex":0},"west":{"uv":[8.5625,8.875,8.6875,9.28125],"rotation":0,"texture":"#0","tintindex":0},"up":{"uv":[8.5625,8.875,8.6875,9.28125],"rotation":0,"texture":"#0","tintindex":0},"down":{"uv":[8.5625,8.875,8.6875,9.28125],"rotation":0,"texture":"#0","tintindex":0}}}],"display":{"head":{"translation":[0.0,-6.4,0.0],"scale":[4.0,4.0,4.0]}}}