{"textures":{"0":"modelengine:entity/reaperfinished"},"elements":[{"from":[6.212571,8.295619,7.028571],"to":[9.787429,12.725334,8.971429],"rotation":{"angle":0.0,"axis":"y","origin":[7.6114287,-7.480381,8.349714]},"faces":{"east":{"uv":[9.6875,6.375,9.84375,7.0875],"rotation":0,"texture":"#0","tintindex":0},"south":{"uv":[9.6875,6.375,9.96875,7.09375],"rotation":0,"texture":"#0","tintindex":0},"north":{"uv":[9.6875,6.375,9.96875,7.09375],"rotation":0,"texture":"#0","tintindex":0},"west":{"uv":[9.6875,6.375,9.84375,7.0875],"rotation":0,"texture":"#0","tintindex":0},"up":{"uv":[9.6875,6.375,9.975,6.6875],"rotation":0,"texture":"#0","tintindex":0},"down":{"uv":[9.6875,6.375,9.975,6.6875],"rotation":0,"texture":"#0","tintindex":0}}},{"from":[8.0,7.4033875,8.675287],"to":[8.0,11.289102,13.182716],"rotation":{"angle":0.0,"axis":"y","origin":[8.0,11.677673,11.745002]},"faces":{"east":{"uv":[10.25,8.25,10.4375,8.71875],"rotation":180,"texture":"#0","tintindex":0},"south":{"uv":[8.0,0.0,8.0,0.625],"rotation":0,"texture":"#0","tintindex":0},"north":{"uv":[8.0,0.0,8.0,0.625],"rotation":0,"texture":"#0","tintindex":0},"west":{"uv":[10.25,8.25,10.4375,8.71875],"rotation":0,"texture":"#0","tintindex":0},"up":{"uv":[8.0,0.5,8.0,0.0],"rotation":0,"texture":"#0","tintindex":0},"down":{"uv":[8.0,0.0,8.0,0.5],"rotation":0,"texture":"#0","tintindex":0}}}],"display":{"head":{"translation":[0.0,-6.4,0.0],"scale":[4.0,4.0,4.0]}}}