{"textures":{"0":"modelengine:entity/elephant"},"elements":[{"from":[3.485714,-12.914286,2.6285715],"to":[15.028572,-1.4285717,16.628572],"rotation":{"angle":22.5,"axis":"x","origin":[9.142858,0.5714283,26.285715]},"faces":{"east":{"uv":[3.96875,1.25625,2.4375,0.0],"rotation":0,"texture":"#0","tintindex":0},"south":{"uv":[4.3125,2.375,2.4375,0.0],"rotation":0,"texture":"#0","tintindex":0},"north":{"uv":[4.3125,2.375,2.4375,0.0],"rotation":0,"texture":"#0","tintindex":0},"west":{"uv":[3.96875,1.25625,2.4375,0.0],"rotation":0,"texture":"#0","tintindex":0},"up":{"uv":[3.7,1.53125,2.4375,0.0],"rotation":0,"texture":"#0","tintindex":0},"down":{"uv":[3.7,1.53125,2.4375,0.0],"rotation":0,"texture":"#0","tintindex":0}}},{"from":[4.685714,-7.796235,-0.90896606],"to":[13.828571,-5.51052,10.748178],"rotation":{"angle":22.5,"axis":"x","origin":[9.171429,-0.9390917,9.176748]},"faces":{"east":{"uv":[3.7125,0.25,2.4375,0.0],"rotation":0,"texture":"#0","tintindex":0},"south":{"uv":[4.3125,2.375,2.4375,0.0],"rotation":0,"texture":"#0","tintindex":0},"north":{"uv":[4.3125,2.375,2.4375,0.0],"rotation":0,"texture":"#0","tintindex":0},"west":{"uv":[3.7125,0.25,2.4375,0.0],"rotation":0,"texture":"#0","tintindex":0},"up":{"uv":[4.3125,2.375,2.4375,0.0],"rotation":0,"texture":"#0","tintindex":0},"down":{"uv":[3.4375,1.275,2.4375,0.0],"rotation":0,"texture":"#0","tintindex":0}}},{"from":[5.0857143,-7.8464127,7.971183],"to":[13.485715,-5.5606976,12.256897],"rotation":{"angle":0.0,"axis":"y","origin":[9.257143,-4.5892687,3.0568972]},"faces":{"east":{"uv":[2.9375,0.25,2.4375,0.0],"rotation":0,"texture":"#0","tintindex":0},"south":{"uv":[4.3125,2.375,2.4375,0.0],"rotation":0,"texture":"#0","tintindex":0},"north":{"uv":[4.3125,2.375,2.4375,0.0],"rotation":0,"texture":"#0","tintindex":0},"west":{"uv":[2.9375,0.25,2.4375,0.0],"rotation":0,"texture":"#0","tintindex":0},"up":{"uv":[4.3125,2.375,2.4375,0.0],"rotation":0,"texture":"#0","tintindex":0},"down":{"uv":[3.35625,0.5,2.4375,0.0],"rotation":0,"texture":"#0","tintindex":0}}},{"from":[5.942857,-9.079647,-3.5063543],"to":[11.314286,-6.793932,0.49364567],"rotation":{"angle":45.0,"axis":"x","origin":[9.257143,-6.3939323,3.9793596]},"faces":{"east":{"uv":[0.875,12.0625,1.3125,12.3125],"rotation":0,"texture":"#0","tintindex":0},"south":{"uv":[1.5,11.8125,2.0625,12.0625],"rotation":0,"texture":"#0","tintindex":0},"north":{"uv":[0.9375,11.8125,1.5,12.0625],"rotation":0,"texture":"#0","tintindex":0},"west":{"uv":[1.3125,12.0625,1.75,12.3125],"rotation":0,"texture":"#0","tintindex":0},"up":{"uv":[0.5625,11.6875,0.0,11.25],"rotation":0,"texture":"#0","tintindex":0},"down":{"uv":[11.8125,3.875,11.25,4.3125],"rotation":0,"texture":"#0","tintindex":0}}},{"from":[3.9428568,-2.5678463,3.6340113],"to":[14.628572,7.717869,14.491155],"rotation":{"angle":0.0,"axis":"y","origin":[9.171429,-0.99641705,9.091154]},"faces":{"east":{"uv":[3.625,1.125,2.4375,0.0],"rotation":0,"texture":"#0","tintindex":0},"south":{"uv":[3.60625,1.125,2.4375,0.0],"rotation":0,"texture":"#0","tintindex":0},"north":{"uv":[4.3125,2.375,2.4375,0.0],"rotation":0,"texture":"#0","tintindex":0},"west":{"uv":[4.3125,2.375,2.4375,0.0],"rotation":0,"texture":"#0","tintindex":0},"up":{"uv":[3.60625,1.1875,2.4375,0.0],"rotation":0,"texture":"#0","tintindex":0},"down":{"uv":[4.3125,2.375,2.4375,0.0],"rotation":0,"texture":"#0","tintindex":0}}},{"from":[4.1142855,-2.5678463,14.491155],"to":[14.457144,7.717869,16.491154],"rotation":{"angle":0.0,"axis":"y","origin":[9.171429,-0.99641705,9.091154]},"faces":{"east":{"uv":[2.65625,1.125,2.4375,0.0],"rotation":0,"texture":"#0","tintindex":0},"south":{"uv":[3.56875,1.125,2.4375,0.0],"rotation":0,"texture":"#0","tintindex":0},"north":{"uv":[4.3125,2.375,2.4375,0.0],"rotation":0,"texture":"#0","tintindex":0},"west":{"uv":[2.65625,1.125,2.4375,0.0],"rotation":0,"texture":"#0","tintindex":0},"up":{"uv":[3.56875,0.21875,2.4375,0.0],"rotation":0,"texture":"#0","tintindex":0},"down":{"uv":[4.3125,2.375,2.4375,0.0],"rotation":0,"texture":"#0","tintindex":0}}},{"from":[3.9428568,0.97501135,8.262583],"to":[14.628572,6.5178685,14.662583],"rotation":{"angle":-22.5,"axis":"x","origin":[9.285714,6.54644,12.034012]},"faces":{"east":{"uv":[3.1375,0.60625,2.4375,0.0],"rotation":0,"texture":"#0","tintindex":0},"south":{"uv":[3.60625,0.60625,2.4375,0.0],"rotation":0,"texture":"#0","tintindex":0},"north":{"uv":[4.3125,2.375,2.4375,0.0],"rotation":0,"texture":"#0","tintindex":0},"west":{"uv":[3.1375,0.60625,2.4375,0.0],"rotation":0,"texture":"#0","tintindex":0},"up":{"uv":[4.3125,2.375,2.4375,0.0],"rotation":0,"texture":"#0","tintindex":0},"down":{"uv":[4.3125,2.375,2.4375,0.0],"rotation":0,"texture":"#0","tintindex":0}}},{"from":[4.5142856,4.8607254,14.376869],"to":[14.057143,10.403584,21.00544],"rotation":{"angle":45.0,"axis":"x","origin":[9.285714,6.54644,12.034012]},"faces":{"east":{"uv":[3.1375,0.60625,2.4375,0.0],"rotation":0,"texture":"#0","tintindex":0},"south":{"uv":[3.48125,0.60625,2.4375,0.0],"rotation":0,"texture":"#0","tintindex":0},"north":{"uv":[4.3125,2.375,2.4375,0.0],"rotation":0,"texture":"#0","tintindex":0},"west":{"uv":[3.1375,0.60625,2.4375,0.0],"rotation":0,"texture":"#0","tintindex":0},"up":{"uv":[3.48125,0.7,2.4375,0.0],"rotation":0,"texture":"#0","tintindex":0},"down":{"uv":[4.3125,2.375,2.4375,0.0],"rotation":0,"texture":"#0","tintindex":0}}},{"from":[4.685714,-14.057142,0.85714245],"to":[13.828571,-0.17142868,7.257143],"rotation":{"angle":22.5,"axis":"x","origin":[9.142858,0.5714283,26.285715]},"faces":{"east":{"uv":[6.25,2.375,4.375,0.0],"rotation":0,"texture":"#0","tintindex":0},"south":{"uv":[6.25,2.375,4.375,0.0],"rotation":0,"texture":"#0","tintindex":0},"north":{"uv":[6.25,2.375,4.375,0.0],"rotation":0,"texture":"#0","tintindex":0},"west":{"uv":[5.075,1.51875,4.375,0.0],"rotation":0,"texture":"#0","tintindex":0},"up":{"uv":[5.375,0.7,4.375,0.0],"rotation":0,"texture":"#0","tintindex":0},"down":{"uv":[6.25,2.375,4.375,0.0],"rotation":0,"texture":"#0","tintindex":0}}},{"from":[5.542857,2.232634,-3.2455883],"to":[12.857143,11.089777,1.0401254],"rotation":{"angle":22.5,"axis":"x","origin":[9.257143,6.5754914,-2.2455883]},"faces":{"east":{"uv":[2.90625,0.96875,2.4375,0.0],"rotation":0,"texture":"#0","tintindex":0},"south":{"uv":[4.3125,2.375,2.4375,0.0],"rotation":0,"texture":"#0","tintindex":0},"north":{"uv":[3.2375,0.96875,2.4375,0.0],"rotation":0,"texture":"#0","tintindex":0},"west":{"uv":[2.90625,0.96875,2.4375,0.0],"rotation":0,"texture":"#0","tintindex":0},"up":{"uv":[3.2375,0.46875,2.4375,0.0],"rotation":0,"texture":"#0","tintindex":0},"down":{"uv":[4.3125,2.375,2.4375,0.0],"rotation":0,"texture":"#0","tintindex":0}}},{"from":[5.542857,-1.8245087,-5.988446],"to":[12.857143,4.289777,-3.0170174],"rotation":{"angle":-22.5,"axis":"x","origin":[9.257143,6.5754914,-2.2455883]},"faces":{"east":{"uv":[2.7625,0.66875,2.4375,0.0],"rotation":0,"texture":"#0","tintindex":0},"south":{"uv":[4.3125,2.375,2.4375,0.0],"rotation":0,"texture":"#0","tintindex":0},"north":{"uv":[4.3125,2.375,2.4375,0.0],"rotation":0,"texture":"#0","tintindex":0},"west":{"uv":[2.7625,0.66875,2.4375,0.0],"rotation":0,"texture":"#0","tintindex":0},"up":{"uv":[3.2375,0.46875,2.4375,0.0],"rotation":0,"texture":"#0","tintindex":0},"down":{"uv":[4.3125,2.375,2.4375,0.0],"rotation":0,"texture":"#0","tintindex":0}}},{"from":[8.228572,2.742857,19.657143],"to":[10.285714,5.542857,21.428572],"rotation":{"angle":-22.5,"axis":"x","origin":[9.257143,5.142857,20.857143]},"faces":{"east":{"uv":[2.63125,0.30625,2.4375,0.0],"rotation":0,"texture":"#0","tintindex":0},"south":{"uv":[2.6625,0.30625,2.4375,0.0],"rotation":0,"texture":"#0","tintindex":0},"north":{"uv":[4.3125,2.375,2.4375,0.0],"rotation":0,"texture":"#0","tintindex":0},"west":{"uv":[2.63125,0.30625,2.4375,0.0],"rotation":0,"texture":"#0","tintindex":0},"up":{"uv":[2.6875,0.325,2.4375,0.0],"rotation":0,"texture":"#0","tintindex":0},"down":{"uv":[4.3125,2.375,2.4375,0.0],"rotation":0,"texture":"#0",