{"textures":{"0":"modelengine:entity/chaine"},"elements":[{"from":[6.8093467,9.768696,7.8995895],"to":[8.840344,12.542563,12.008815],"rotation":{"angle":-22.5,"axis":"z","origin":[7.453417,11.15563,9.731345]},"faces":{"east":{"uv":[0.6875,14.0625,1.0292544,14.753956],"rotation":0,"texture":"#0","tintindex":0},"south":{"uv":[0.6875,14.0625,1.0292544,14.753956],"rotation":0,"texture":"#0","tintindex":0},"north":{"uv":[0.6875,14.0625,1.0292544,14.753956],"rotation":0,"texture":"#0","tintindex":0},"west":{"uv":[0.6875,14.0625,1.0292544,14.753956],"rotation":0,"texture":"#0","tintindex":0},"up":{"uv":[0.6875,14.0625,1.0292544,14.753956],"rotation":0,"texture":"#0","tintindex":0},"down":{"uv":[0.6875,14.0625,1.0292544,14.753956],"rotation":0,"texture":"#0","tintindex":0}}},{"from":[6.929645,11.409413,8.6424465],"to":[8.069214,12.177567,9.78199],"rotation":{"angle":0.0,"axis":"y","origin":[7.796572,10.270633,9.211345]},"faces":{"east":{"uv":[13.0,12.625,13.1875,12.75],"rotation":0,"texture":"#0","tintindex":0},"south":{"uv":[0.0,13.125,0.1875,13.25],"rotation":0,"texture":"#0","tintindex":0},"north":{"uv":[11.875,13.0,12.0625,13.125],"rotation":0,"texture":"#0","tintindex":0},"west":{"uv":[13.125,4.625,13.3125,4.75],"rotation":0,"texture":"#0","tintindex":0},"up":{"uv":[5.5625,13.1875,5.375,13.0],"rotation":0,"texture":"#0","tintindex":0},"down":{"uv":[13.1875,5.875,13.0,6.0625],"rotation":0,"texture":"#0","tintindex":0}}},{"from":[7.5239305,12.4747095,8.048161],"to":[7.5239305,16.43715,12.753418],"rotation":{"angle":-22.5,"axis":"x","origin":[7.5239305,13.861643,10.995075]},"faces":{"east":{"uv":[6.5,5.75,7.3125,6.5],"rotation":0,"texture":"#0","tintindex":0},"south":{"uv":[0.125,13.875,0.125,14.5625],"rotation":0,"texture":"#0","tintindex":0},"north":{"uv":[0.0,13.875,0.0,14.5625],"rotation":0,"texture":"#0","tintindex":0},"west":{"uv":[6.5,6.625,7.3125,7.375],"rotation":0,"texture":"#0","tintindex":0},"up":{"uv":[0.25,14.6875,0.25,13.875],"rotation":0,"texture":"#0","tintindex":0},"down":{"uv":[0.375,13.875,0.375,14.6875],"rotation":0,"texture":"#0","tintindex":0}}},{"from":[7.5239305,11.880424,8.6424465],"to":[7.5239305,15.842863,13.347704],"rotation":{"angle":-45.0,"axis":"y","origin":[7.5239305,13.861643,8.617932]},"faces":{"east":{"uv":[6.5,5.75,7.3125,6.5],"rotation":0,"texture":"#0","tintindex":0},"south":{"uv":[0.125,13.875,0.125,14.5625],"rotation":0,"texture":"#0","tintindex":0},"north":{"uv":[0.0,13.875,0.0,14.5625],"rotation":0,"texture":"#0","tintindex":0},"west":{"uv":[6.5,6.625,7.3125,7.375],"rotation":0,"texture":"#0","tintindex":0},"up":{"uv":[0.25,14.6875,0.25,13.875],"rotation":0,"texture":"#0","tintindex":0},"down":{"uv":[0.375,13.875,0.375,14.6875],"rotation":0,"texture":"#0","tintindex":0}}},{"from":[7.5239305,11.880424,8.6424465],"to":[7.5239305,15.842863,13.347704],"rotation":{"angle":-22.5,"axis":"y","origin":[7.5239305,13.861643,8.617932]},"faces":{"east":{"uv":[6.5,5.75,7.3125,6.5],"rotation":0,"texture":"#0","tintindex":0},"south":{"uv":[0.125,13.875,0.125,14.5625],"rotation":0,"texture":"#0","tintindex":0},"north":{"uv":[0.0,13.875,0.0,14.5625],"rotation":0,"texture":"#0","tintindex":0},"west":{"uv":[6.5,6.625,7.3125,7.375],"rotation":0,"texture":"#0","tintindex":0},"up":{"uv":[0.25,14.6875,0.25,13.875],"rotation":0,"texture":"#0","tintindex":0},"down":{"uv":[0.375,13.875,0.375,14.6875],"rotation":0,"texture":"#0","tintindex":0}}},{"from":[7.5239305,11.880424,8.6424465],"to":[7.5239305,15.842863,13.347704],"rotation":{"angle":22.5,"axis":"y","origin":[7.5239305,13.861643,8.617932]},"faces":{"east":{"uv":[6.5,5.75,7.3125,6.5],"rotation":0,"texture":"#0","tintindex":0},"south":{"uv":[0.125,13.875,0.125,14.5625],"rotation":0,"texture":"#0","tintindex":0},"north":{"uv":[0.0,13.875,0.0,14.5625],"rotation":0,"texture":"#0","tintindex":0},"west":{"uv":[6.5,6.625,7.3125,7.375],"rotation":0,"texture":"#0","tintindex":0},"up":{"uv":[0.25,14.6875,0.25,13.875],"rotation":0,"texture":"#0","tintindex":0},"down":{"uv":[0.375,13.875,0.375,14.6875],"rotation":0,"texture":"#0","tintindex":0}}},{"from":[7.5239305,11.880424,8.6424465],"to":[7.5239305,15.842863,13.347704],"rotation":{"angle":45.0,"axis":"y","origin":[7.5239305,13.861643,8.617932]},"faces":{"east":{"uv":[6.5,5.75,7.3125,6.5],"rotation":0,"texture":"#0","tintindex":0},"south":{"uv":[0.125,13.875,0.125,14.5625],"rotation":0,"texture":"#0","tintindex":0},"north":{"uv":[0.0,13.875,0.0,14.5625],"rotation":0,"texture":"#0","tintindex":0},"west":{"uv":[6.5,6.625,7.3125,7.375],"rotation":0,"texture":"#0","tintindex":0},"up":{"uv":[0.25,14.6875,0.25,13.875],"rotation":0,"texture":"#0","tintindex":0},"down":{"uv":[0.375,13.875,0.375,14.6875],"rotation":0,"texture":"#0","tintindex":0}}},{"from":[7.5239305,11.880424,9.162447],"to":[7.5239305,15.842863,13.867704],"rotation":{"angle":-45.0,"axis":"y","origin":[7.5239305,13.861643,9.137933]},"faces":{"east":{"uv":[6.5,5.75,7.3125,6.5],"rotation":0,"texture":"#0","tintindex":0},"south":{"uv":[0.125,13.875,0.125,14.5625],"rotation":0,"texture":"#0","tintindex":0},"north":{"uv":[0.0,13.875,0.0,14.5625],"rotation":0,"texture":"#0","tintindex":0},"west":{"uv":[6.5,6.625,7.3125,7.375],"rotation":0,"texture":"#0","tintindex":0},"up":{"uv":[0.25,14.6875,0.25,13.875],"rotation":0,"texture":"#0","tintindex":0},"down":{"uv":[0.375,13.875,0.375,14.6875],"rotation":0,"texture":"#0","tintindex":0}}},{"from":[7.5239305,10.691853,9.3853035],"to":[7.5239305,14.654291,14.090561],"rotation":{"angle":22.5,"axis":"x","origin":[7.5239305,13.861643,10.995075]},"faces":{"east":{"uv":[6.5,5.75,7.3125,6.5],"rotation":0,"texture":"#0","tintindex":0},"south":{"uv":[0.125,13.875,0.125,14.5625],"rotation":0,"texture":"#0","tintindex":0},"north":{"uv":[0.0,13.875,0.0,14.5625],"rotation":0,"texture":"#0","tintindex":0},"west":{"uv":[6.5,6.625,7.3125,7.375],"rotation":0,"texture":"#0","tintindex":0},"up":{"uv":[0.25,14.6875,0.25,13.875],"rotation":0,"texture":"#0","tintindex":0},"down":{"uv":[0.375,13.875,0.375,14.6875],"rotation":0,"texture":"#0","tintindex":0}}},{"from":[5.9661894,9.626556,7.8995895],"to":[7.997187,12.400424,12.008815],"rotation":{"angle":22.5,"axis":"z","origin":[6.981688,11.01349,9.731345]},"faces":{"east":{"uv":[0.6875,14.0625,1.0292544,14.753956],"rotation":0,"texture":"#0","tintindex":0},"south":{"uv":[0.6875,14.0625,1.0292544,14.753956],"rotation":0,"texture":"#0","tintindex":0},"north":{"uv":[0.6875,14.0625,1.0292544,14.753956],"rotation":0,"texture":"#0","tintindex":0},"west":{"uv":[0.6875,14.0625,1.0292544,14.753956],"rotation":0,"texture":"#0","tintindex":0},"up":{"uv":[0.6875,14.0625,1.0292544,14.753956],"rotation":0,"texture":"#0","tintindex":0},"down":{"uv":[0.6875,14.0625,1.0292544,14.753956],"rotation":0,"texture":"#0","tintindex":0}}}],"display":{"head":{"translation":[0.0,-6.4,0.0],"scale":[4.0,4.0,4.0]}}}