{"textures":{"0":"modelengine:entity/chaine"},"elements":[{"from":[6.44,-0.58928585,8.037143],"to":[9.56,7.582143,10.860001],"rotation":{"angle":0.0,"axis":"y","origin":[6.5142856,16.199287,9.522858]},"faces":{"east":{"uv":[8.125,4.8125,9.9375,9.875],"rotation":0,"texture":"#0","tintindex":0},"south":{"uv":[8.125,4.8125,9.9375,9.875],"rotation":0,"texture":"#0","tintindex":0},"north":{"uv":[8.125,4.8125,9.9375,9.875],"rotation":0,"texture":"#0","tintindex":0},"west":{"uv":[8.125,4.8125,9.9375,9.875],"rotation":0,"texture":"#0","tintindex":0},"up":{"uv":[10.625,4.0,10.125,3.5],"rotation":0,"texture":"#0","tintindex":0},"down":{"uv":[9.375,10.125,8.875,10.625],"rotation":0,"texture":"#0","tintindex":0}}},{"from":[6.44,-0.58928585,6.6257143],"to":[9.56,1.4164286,8.037143],"rotation":{"angle":0.0,"axis":"y","origin":[6.5142856,16.199287,9.522858]},"faces":{"east":{"uv":[8.375,7.4375,9.525,8.275],"rotation":0,"texture":"#0","tintindex":0},"south":{"uv":[8.375,7.4375,9.525,8.275],"rotation":0,"texture":"#0","tintindex":0},"north":{"uv":[8.375,7.4375,9.525,8.275],"rotation":0,"texture":"#0","tintindex":0},"west":{"uv":[8.375,7.4375,9.525,8.275],"rotation":0,"texture":"#0","tintindex":0},"up":{"uv":[8.375,7.4375,9.525,8.275],"rotation":0,"texture":"#0","tintindex":0},"down":{"uv":[8.375,7.4375,9.525,8.275],"rotation":0,"texture":"#0","tintindex":0}}},{"from":[6.5142856,-0.58928585,4.917143],"to":[9.485714,1.3421426,6.6257143],"rotation":{"angle":0.0,"axis":"y","origin":[6.5142856,16.199287,9.522858]},"faces":{"east":{"uv":[8.375,7.4375,9.5,8.2625],"rotation":0,"texture":"#0","tintindex":0},"south":{"uv":[8.375,7.4375,9.5,8.2625],"rotation":0,"texture":"#0","tintindex":0},"north":{"uv":[8.375,7.4375,9.5,8.2625],"rotation":0,"texture":"#0","tintindex":0},"west":{"uv":[8.375,7.4375,9.5,8.2625],"rotation":0,"texture":"#0","tintindex":0},"up":{"uv":[8.375,7.4375,9.5,8.2625],"rotation":0,"texture":"#0","tintindex":0},"down":{"uv":[8.375,7.4375,9.5,8.2625],"rotation":0,"texture":"#0","tintindex":0}}},{"from":[6.365714,2.6792855,7.9628572],"to":[9.634286,7.582143,10.934286],"rotation":{"angle":0.0,"axis":"y","origin":[6.5142856,16.199287,9.522858]},"faces":{"east":{"uv":[0.0,6.0625,1.25,7.75],"rotation":0,"texture":"#0","tintindex":0},"south":{"uv":[2.75,11.0,3.1875,11.375],"rotation":0,"texture":"#0","tintindex":0},"north":{"uv":[4.1875,9.25,6.125,12.1875],"rotation":0,"texture":"#0","tintindex":0},"west":{"uv":[8.75,3.5,9.25,4.3125],"rotation":0,"texture":"#0","tintindex":0},"up":{"uv":[7.6875,9.8125,7.125,9.3125],"rotation":0,"texture":"#0","tintindex":0},"down":{"uv":[3.0,9.4375,3.5625,10.25],"rotation":0,"texture":"#0","tintindex":0}}}],"display":{"head":{"translation":[0.0,-6.4,0.0],"scale":[4.0,4.0,4.0]}}}