{"textures":{"0":"modelengine:entity/chaine"},"elements":[{"from":[6.365714,2.530714,7.8142858],"to":[9.634286,7.4335713,10.785714],"rotation":{"angle":0.0,"axis":"y","origin":[6.5142856,16.050714,9.374286]},"faces":{"east":{"uv":[0.0,6.0625,1.25,7.75],"rotation":0,"texture":"#0","tintindex":0},"south":{"uv":[2.6875,11.0,3.125,11.5],"rotation":0,"texture":"#0","tintindex":0},"north":{"uv":[4.1875,9.25,6.125,12.1875],"rotation":0,"texture":"#0","tintindex":0},"west":{"uv":[1.75,6.125,3.0,7.8125],"rotation":0,"texture":"#0","tintindex":0},"up":{"uv":[7.25,9.9375,6.6875,10.4375],"rotation":0,"texture":"#0","tintindex":0},"down":{"uv":[3.5625,9.75,3.25,10.1875],"rotation":0,"texture":"#0","tintindex":0}}},{"from":[6.5142856,-0.7378578,4.768571],"to":[9.485714,1.1935711,6.477143],"rotation":{"angle":0.0,"axis":"y","origin":[6.5142856,16.050714,9.374286]},"faces":{"east":{"uv":[8.375,7.4375,9.5,8.2625],"rotation":0,"texture":"#0","tintindex":0},"south":{"uv":[8.375,7.4375,9.5,8.2625],"rotation":0,"texture":"#0","tintindex":0},"north":{"uv":[8.375,7.4375,9.5,8.2625],"rotation":0,"texture":"#0","tintindex":0},"west":{"uv":[8.375,7.4375,9.5,8.2625],"rotation":0,"texture":"#0","tintindex":0},"up":{"uv":[8.375,7.4375,9.5,8.2625],"rotation":0,"texture":"#0","tintindex":0},"down":{"uv":[8.375,7.4375,9.5,8.2625],"rotation":0,"texture":"#0","tintindex":0}}},{"from":[6.44,-0.7378578,6.477143],"to":[9.56,1.2678571,7.8885713],"rotation":{"angle":0.0,"axis":"y","origin":[6.5142856,16.050714,9.374286]},"faces":{"east":{"uv":[8.375,7.4375,9.525,8.275],"rotation":0,"texture":"#0","tintindex":0},"south":{"uv":[8.375,7.4375,9.525,8.275],"rotation":0,"texture":"#0","tintindex":0},"north":{"uv":[8.375,7.4375,9.525,8.275],"rotation":0,"texture":"#0","tintindex":0},"west":{"uv":[8.375,7.4375,9.525,8.275],"rotation":0,"texture":"#0","tintindex":0},"up":{"uv":[8.375,7.4375,9.525,8.275],"rotation":0,"texture":"#0","tintindex":0},"down":{"uv":[8.375,7.4375,9.525,8.275],"rotation":0,"texture":"#0","tintindex":0}}},{"from":[6.44,-0.7378578,7.8885713],"to":[9.56,7.4335713,10.711429],"rotation":{"angle":0.0,"axis":"y","origin":[6.5142856,16.050714,9.374286]},"faces":{"east":{"uv":[8.125,4.8125,9.9375,9.875],"rotation":0,"texture":"#0","tintindex":0},"south":{"uv":[8.125,4.8125,9.9375,9.875],"rotation":0,"texture":"#0","tintindex":0},"north":{"uv":[8.125,4.8125,9.9375,9.875],"rotation":0,"texture":"#0","tintindex":0},"west":{"uv":[8.125,4.8125,9.9375,9.875],"rotation":0,"texture":"#0","tintindex":0},"up":{"uv":[1.25,10.75,0.75,10.25],"rotation":0,"texture":"#0","tintindex":0},"down":{"uv":[3.0,10.25,2.5,10.75],"rotation":0,"texture":"#0","tintindex":0}}}],"display":{"head":{"translation":[0.0,-6.4,0.0],"scale":[4.0,4.0,4.0]}}}