{"textures":{"0":"modelengine:entity/chaine"},"elements":[{"from":[14.034152,11.652668,8.0],"to":[17.154152,15.441239,8.0],"rotation":{"angle":45.0,"axis":"z","origin":[16.114153,0.7698107,7.1085715]},"faces":{"east":{"uv":[2.375,9.05625,3.0875,10.8125],"rotation":0,"texture":"#0","tintindex":0},"south":{"uv":[2.41875,9.05,3.13125,10.80625],"rotation":0,"texture":"#0","tintindex":0},"north":{"uv":[2.375,9.05625,3.0875,10.8125],"rotation":0,"texture":"#0","tintindex":0},"west":{"uv":[2.375,9.05625,3.0875,10.8125],"rotation":0,"texture":"#0","tintindex":0},"up":{"uv":[2.375,9.05625,3.0875,10.8125],"rotation":0,"texture":"#0","tintindex":0},"down":{"uv":[2.375,9.05625,3.0875,10.8125],"rotation":0,"texture":"#0","tintindex":0}}},{"from":[15.594152,12.84124,6.44],"to":[15.594152,16.62981,9.56],"rotation":{"angle":45.0,"axis":"z","origin":[16.114153,0.7698107,7.1085715]},"faces":{"east":{"uv":[2.41875,9.05,3.13125,10.80625],"rotation":0,"texture":"#0","tintindex":0},"south":{"uv":[2.8125,8.68125,3.775,8.8125],"rotation":0,"texture":"#0","tintindex":0},"north":{"uv":[2.8125,8.68125,3.775,8.8125],"rotation":0,"texture":"#0","tintindex":0},"west":{"uv":[2.8125,8.68125,3.775,8.8125],"rotation":0,"texture":"#0","tintindex":0},"up":{"uv":[2.8125,8.68125,3.775,8.8125],"rotation":0,"texture":"#0","tintindex":0},"down":{"uv":[2.8125,8.68125,3.775,8.8125],"rotation":0,"texture":"#0","tintindex":0}}}],"display":{"head":{"translation":[0.0,-6.4,0.0],"scale":[4.0,4.0,4.0]}}}