{"textures":{"0":"modelengine:entity/chaine"},"elements":[{"from":[17.497684,-16.0,8.0],"to":[20.617683,-12.21143,8.0],"rotation":{"angle":-45.0,"axis":"z","origin":[46.84054,10.928574,8.0]},"faces":{"east":{"uv":[2.375,9.05625,3.0875,10.8125],"rotation":0,"texture":"#0","tintindex":0},"south":{"uv":[2.41875,9.05,3.13125,10.80625],"rotation":0,"texture":"#0","tintindex":0},"north":{"uv":[2.375,9.05625,3.0875,10.8125],"rotation":0,"texture":"#0","tintindex":0},"west":{"uv":[2.375,9.05625,3.0875,10.8125],"rotation":0,"texture":"#0","tintindex":0},"up":{"uv":[2.375,9.05625,3.0875,10.8125],"rotation":0,"texture":"#0","tintindex":0},"down":{"uv":[2.375,9.05625,3.0875,10.8125],"rotation":0,"texture":"#0","tintindex":0}}},{"from":[19.13197,-13.994286,6.44],"to":[19.13197,-10.205713,9.56],"rotation":{"angle":-45.0,"axis":"z","origin":[46.84054,10.928574,8.0]},"faces":{"east":{"uv":[2.41875,9.05,3.13125,10.80625],"rotation":0,"texture":"#0","tintindex":0},"south":{"uv":[3.4375,8.61875,3.65,8.875],"rotation":0,"texture":"#0","tintindex":0},"north":{"uv":[3.4375,8.61875,3.65,8.875],"rotation":0,"texture":"#0","tintindex":0},"west":{"uv":[2.375,9.05625,3.0875,10.8125],"rotation":0,"texture":"#0","tintindex":0},"up":{"uv":[3.4375,8.61875,3.65,8.875],"rotation":0,"texture":"#0","tintindex":0},"down":{"uv":[3.4375,8.61875,3.65,8.875],"rotation":0,"texture":"#0","tintindex":0}}}],"display":{"head":{"translation":[0.0,-20.597021,0.0],"scale":[4.0,4.0,4.0]}}}