{"textures":{"0":"modelengine:entity/chaine"},"elements":[{"from":[6.2947235,1.0823545,7.5097213],"to":[9.711866,7.545212,10.629722],"rotation":{"angle":0.0,"axis":"y","origin":[6.5175805,9.253783,9.069721]},"faces":{"east":{"uv":[8.125,4.8125,9.8875,6.65],"rotation":0,"texture":"#0","tintindex":0},"south":{"uv":[8.125,4.8125,9.8875,6.65],"rotation":0,"texture":"#0","tintindex":0},"north":{"uv":[8.125,4.8125,9.8875,6.65],"rotation":0,"texture":"#0","tintindex":0},"west":{"uv":[8.125,4.8125,9.8875,6.65],"rotation":0,"texture":"#0","tintindex":0},"up":{"uv":[8.125,4.8125,9.8875,6.65],"rotation":0,"texture":"#0","tintindex":0},"down":{"uv":[8.125,4.8125,9.8875,6.65],"rotation":0,"texture":"#0","tintindex":0}}},{"from":[6.8890095,4.945212,7.36115],"to":[10.603295,8.065212,7.36115],"rotation":{"angle":0.0,"axis":"y","origin":[6.5175805,9.253783,8.92115]},"faces":{"east":{"uv":[8.625,4.875,8.625,5.375],"rotation":0,"texture":"#0","tintindex":0},"south":{"uv":[2.625,9.625,3.25,10.125],"rotation":0,"texture":"#0","tintindex":0},"north":{"uv":[11.25,9.5,12.5625,10.3625],"rotation":0,"texture":"#0","tintindex":0},"west":{"uv":[8.0,9.125,8.0,9.625],"rotation":0,"texture":"#0","tintindex":0},"up":{"uv":[3.5,2.625,2.875,2.625],"rotation":0,"texture":"#0","tintindex":0},"down":{"uv":[5.25,2.125,4.625,2.125],"rotation":0,"texture":"#0","tintindex":0}}},{"from":[7.3918614,1.7159786,6.861702],"to":[9.413292,4.56989,8.7073555],"rotation":{"angle":-22.5,"axis":"y","origin":[8.402576,3.1429343,8.22397]},"faces":{"east":{"uv":[0.0,0.25,1.8125,3.5625],"rotation":0,"texture":"#0","tintindex":0},"south":{"uv":[0.0,0.25,1.8125,3.5625],"rotation":0,"texture":"#0","tintindex":0},"north":{"uv":[0.0,0.25,1.8125,3.5625],"rotation":0,"texture":"#0","tintindex":0},"west":{"uv":[0.0,0.25,1.8125,3.5625],"rotation":0,"texture":"#0","tintindex":0},"up":{"uv":[0.0,0.25,1.8125,3.5625],"rotation":0,"texture":"#0","tintindex":0},"down":{"uv":[0.625,0.625,1.3125,2.3125],"rotation":0,"texture":"#0","tintindex":0}}},{"from":[6.3987713,1.7159786,6.8951526],"to":[8.420201,4.56989,8.740807],"rotation":{"angle":22.5,"axis":"y","origin":[7.4094863,3.1429343,7.8179793]},"faces":{"east":{"uv":[10.9375,4.875,12.75,8.1875],"rotation":0,"texture":"#0","tintindex":0},"south":{"uv":[10.9375,4.875,12.75,8.1875],"rotation":0,"texture":"#0","tintindex":0},"north":{"uv":[10.9375,4.875,12.75,8.1875],"rotation":0,"texture":"#0","tintindex":0},"west":{"uv":[10.9375,4.875,12.75,8.1875],"rotation":0,"texture":"#0","tintindex":0},"up":{"uv":[10.9375,4.875,12.75,8.1875],"rotation":0,"texture":"#0","tintindex":0},"down":{"uv":[0.625,0.625,1.3125,2.3125],"rotation":0,"texture":"#0","tintindex":0}}},{"from":[6.146152,0.93378305,7.4354353],"to":[9.860438,8.288069,10.778293],"rotation":{"angle":0.0,"axis":"y","origin":[6.5175805,9.253783,9.069721]},"faces":{"east":{"uv":[0.1875,8.6875,2.0,11.25],"rotation":0,"texture":"#0","tintindex":0},"south":{"uv":[0.1875,8.6875,2.0,11.25],"rotation":0,"texture":"#0","tintindex":0},"north":{"uv":[0.1875,8.6875,2.0,11.25],"rotation":0,"texture":"#0","tintindex":0},"west":{"uv":[0.1875,8.6875,2.0,11.25],"rotation":0,"texture":"#0","tintindex":0},"up":{"uv":[0.1875,8.6875,2.0,11.25],"rotation":0,"texture":"#0","tintindex":0},"down":{"uv":[3.1875,10.9375,3.625,11.5],"rotation":0,"texture":"#0","tintindex":0}}}],"display":{"head":{"translation":[0.0,-6.4,0.0],"scale":[4.0,4.0,4.0]}}}