{"textures":{"0":"modelengine:entity/chaine"},"elements":[{"from":[-12.1052685,8.107338,7.6186666],"to":[-12.1052685,8.842767,8.762667],"rotation":{"angle":22.5,"axis":"z","origin":[-13.647936,7.4350524,8.0]},"faces":{"east":{"uv":[2.54375,9.05625,2.94375,9.95625],"rotation":90,"texture":"#0","tintindex":0},"south":{"uv":[3.04375,9.05625,3.44375,9.95625],"rotation":90,"texture":"#0","tintindex":0},"north":{"uv":[3.04375,9.05625,3.44375,9.95625],"rotation":90,"texture":"#0","tintindex":0},"west":{"uv":[3.04375,9.05625,3.44375,9.95625],"rotation":90,"texture":"#0","tintindex":0},"up":{"uv":[3.04375,9.05625,3.44375,9.95625],"rotation":90,"texture":"#0","tintindex":0},"down":{"uv":[3.04375,9.05625,3.44375,9.95625],"rotation":90,"texture":"#0","tintindex":0}}},{"from":[-12.539238,7.079778,7.6186666],"to":[-12.539238,7.815207,8.762667],"rotation":{"angle":-22.5,"axis":"z","origin":[-13.710478,7.284064,8.0]},"faces":{"east":{"uv":[2.54375,9.05625,2.94375,9.95625],"rotation":90,"texture":"#0","tintindex":0},"south":{"uv":[3.04375,9.05625,3.44375,9.95625],"rotation":90,"texture":"#0","tintindex":0},"north":{"uv":[3.04375,9.05625,3.44375,9.95625],"rotation":90,"texture":"#0","tintindex":0},"west":{"uv":[3.04375,9.05625,3.44375,9.95625],"rotation":90,"texture":"#0","tintindex":0},"up":{"uv":[3.04375,9.05625,3.44375,9.95625],"rotation":90,"texture":"#0","tintindex":0},"down":{"uv":[3.04375,9.05625,3.44375,9.95625],"rotation":90,"texture":"#0","tintindex":0}}},{"from":[-12.645716,7.6926355,7.653333],"to":[-12.645716,8.361207,8.693334],"rotation":{"angle":0.0,"axis":"y","origin":[-36.26857,3.9783497,9.361905]},"faces":{"east":{"uv":[2.54375,9.05625,2.94375,9.95625],"rotation":90,"texture":"#0","tintindex":0},"south":{"uv":[3.04375,9.05625,3.44375,9.95625],"rotation":90,"texture":"#0","tintindex":0},"north":{"uv":[3.04375,9.05625,3.44375,9.95625],"rotation":90,"texture":"#0","tintindex":0},"west":{"uv":[3.04375,9.05625,3.44375,9.95625],"rotation":90,"texture":"#0","tintindex":0},"up":{"uv":[3.04375,9.05625,3.44375,9.95625],"rotation":90,"texture":"#0","tintindex":0},"down":{"uv":[3.04375,9.05625,3.44375,9.95625],"rotation":90,"texture":"#0","tintindex":0}}},{"from":[-14.800001,7.6926355,7.653333],"to":[-12.57143,8.361207,7.653333],"rotation":{"angle":0.0,"axis":"y","origin":[-36.342857,3.9783497,9.361905]},"faces":{"east":{"uv":[3.04375,9.18125,3.38125,10.64375],"rotation":90,"texture":"#0","tintindex":0},"south":{"uv":[3.04375,9.18125,3.38125,10.64375],"rotation":90,"texture":"#0","tintindex":0},"north":{"uv":[2.54375,9.05625,2.94375,10.83125],"rotation":90,"texture":"#0","tintindex":0},"west":{"uv":[3.04375,9.18125,3.38125,10.64375],"rotation":90,"texture":"#0","tintindex":0},"up":{"uv":[3.04375,9.18125,3.38125,10.64375],"rotation":90,"texture":"#0","tintindex":0},"down":{"uv":[3.04375,9.18125,3.38125,10.64375],"rotation":90,"texture":"#0","tintindex":0}}},{"from":[-14.800001,7.6926355,8.767619],"to":[-12.57143,8.361207,8.767619],"rotation":{"angle":0.0,"axis":"y","origin":[-36.342857,3.9783497,9.361905]},"faces":{"east":{"uv":[3.04375,9.18125,3.38125,10.64375],"rotation":90,"texture":"#0","tintindex":0},"south":{"uv":[3.04375,9.18125,3.38125,10.64375],"rotation":90,"texture":"#0","tintindex":0},"north":{"uv":[2.54375,9.05625,2.94375,10.83125],"rotation":90,"texture":"#0","tintindex":0},"west":{"uv":[3.04375,9.18125,3.38125,10.64375],"rotation":90,"texture":"#0","tintindex":0},"up":{"uv":[3.04375,9.18125,3.38125,10.64375],"rotation":90,"texture":"#0","tintindex":0},"down":{"uv":[3.04375,9.18125,3.38125,10.64375],"rotation":90,"texture":"#0","tintindex":0}}},{"from":[-14.908953,7.079778,7.6186666],"to":[-12.457525,7.815207,7.6186666],"rotation":{"angle":-22.5,"axis":"z","origin":[-13.710478,7.284064,8.0]},"faces":{"east":{"uv":[3.04375,9.18125,3.38125,10.64375],"rotation":90,"texture":"#0","tintindex":0},"south":{"uv":[3.04375,9.18125,3.38125,10.64375],"rotation":90,"texture":"#0","tintindex":0},"north":{"uv":[2.54375,9.05625,2.94375,10.83125],"rotation":90,"texture":"#0","tintindex":0},"west":{"uv":[3.04375,9.18125,3.38125,10.64375],"rotation":90,"texture":"#0","tintindex":0},"up":{"uv":[3.04375,9.18125,3.38125,10.64375],"rotation":90,"texture":"#0","tintindex":0},"down":{"uv":[3.04375,9.18125,3.38125,10.64375],"rotation":90,"texture":"#0","tintindex":0}}},{"from":[-14.908953,7.079778,8.732952],"to":[-12.457525,7.815207,8.732952],"rotation":{"angle":-22.5,"axis":"z","origin":[-13.710478,7.284064,8.0]},"faces":{"east":{"uv":[3.04375,9.18125,3.38125,10.64375],"rotation":90,"texture":"#0","tintindex":0},"south":{"uv":[3.04375,9.18125,3.38125,10.64375],"rotation":90,"texture":"#0","tintindex":0},"north":{"uv":[2.54375,9.05625,2.94375,10.83125],"rotation":90,"texture":"#0","tintindex":0},"west":{"uv":[3.04375,9.18125,3.38125,10.64375],"rotation":90,"texture":"#0","tintindex":0},"up":{"uv":[3.04375,9.18125,3.38125,10.64375],"rotation":90,"texture":"#0","tintindex":0},"down":{"uv":[3.04375,9.18125,3.38125,10.64375],"rotation":90,"texture":"#0","tintindex":0}}},{"from":[-14.474983,8.107338,7.6186666],"to":[-12.023556,8.842767,7.6186666],"rotation":{"angle":22.5,"axis":"z","origin":[-13.647936,7.4350524,8.0]},"faces":{"east":{"uv":[3.04375,9.18125,3.38125,10.64375],"rotation":90,"texture":"#0","tintindex":0},"south":{"uv":[3.04375,9.18125,3.38125,10.64375],"rotation":90,"texture":"#0","tintindex":0},"north":{"uv":[2.54375,9.05625,2.94375,10.83125],"rotation":90,"texture":"#0","tintindex":0},"west":{"uv":[3.04375,9.18125,3.38125,10.64375],"rotation":90,"texture":"#0","tintindex":0},"up":{"uv":[3.04375,9.18125,3.38125,10.64375],"rotation":90,"texture":"#0","tintindex":0},"down":{"uv":[3.04375,9.18125,3.38125,10.64375],"rotation":90,"texture":"#0","tintindex":0}}},{"from":[-14.474983,8.107338,8.732952],"to":[-12.023556,8.842767,8.732952],"rotation":{"angle":22.5,"axis":"z","origin":[-13.647936,7.4350524,8.0]},"faces":{"east":{"uv":[3.04375,9.18125,3.38125,10.64375],"rotation":90,"texture":"#0","tintindex":0},"south":{"uv":[3.04375,9.18125,3.38125,10.64375],"rotation":90,"texture":"#0","tintindex":0},"north":{"uv":[2.54375,9.05625,2.94375,10.83125],"rotation":90,"texture":"#0","tintindex":0},"west":{"uv":[3.04375,9.18125,3.38125,10.64375],"rotation":90,"texture":"#0","tintindex":0},"up":{"uv":[3.04375,9.18125,3.38125,10.64375],"rotation":90,"texture":"#0","tintindex":0},"down":{"uv":[3.04375,9.18125,3.38125,10.64375],"rotation":90,"texture":"#0","tintindex":0}}},{"from":[-14.474983,8.107338,7.6186666],"to":[-14.474983,8.842767,8.762667],"rotation":{"angle":22.5,"axis":"z","origin":[-13.647936,7.4350524,8.0]},"faces":{"east":{"uv":[3.04375,9.05625,3.44375,9.95625],"rotation":90,"texture":"#0","tintindex":0},"south":{"uv":[3.04375,9.05625,3.44375,9.95625],"rotation":90,"texture":"#0","tintindex":0},"north":{"uv":[3.04375,9.05625,3.44375,9.95625],"rotation":90,"texture":"#0","tintindex":0},"west":{"uv":[2.54375,9.05625,2.94375,9.95625],"rotation":90,"texture":"#0","tintindex":0},"up":{"uv":[3.04375,9.05625,3.44375,9.95625],"rotation":90,"texture":"#0","tintindex":0},"down":{"uv":[3.04375,9.05625,3.44375,9.95625],"rotation":90,"texture":"#0","tintindex":0}}},{"from":[-14.908953,7.079778,7.6186666],"to":[-14.908953,7.815207,8.762667],"rotation":{"angle":-22.5,"axis":"z","origin":[-13.710478,7.284064,8.0]},"faces":{"east":{"uv":[3.04375,9.05625,3.44375,9.95625],"rotation":90,"texture":"#0","tintindex":0},"south":{"uv":[3.04375,9.05625,3.44375,9.95625],"rotation":90,"texture":"#0","tintindex":0},"north":{"uv":[3.04375,9.05625,3.44375,9.95625],"rotation":90,"texture":"#0","tintindex":0},"west":{"uv":[2.54375,9.05625,2.94375,9.95625],"rotation":90,"texture":"#0","tintindex":0},"up":{"uv":[3.04375,9.05625,3.44375,9.95625],"rotation":90,"texture":"#0","tintindex":0},"down":{"uv":[3.04375,9.05625,3.44375,9.95625],"rotation":90,"texture":"#0","tintindex":0}}},{"from":[-14.800001,7.6926355,7.653333],"to":[-14.800001,8.361207,8.693334],"rotation":{"angle":0.0,"axis":"y",