{"textures":{"0":"modelengine:entity/chaine"},"elements":[{"from":[6.9464145,5.4424715,5.622857],"to":[9.546414,8.265328,8.297143],"rotation":{"angle":0.0,"axis":"y","origin":[9.017385,8.690964,6.96]},"faces":{"east":{"uv":[14.125,0.0,16.0,2.0],"rotation":0,"texture":"#0","tintindex":0},"south":{"uv":[14.125,0.0,16.0,2.0],"rotation":0,"texture":"#0","tintindex":0},"north":{"uv":[14.125,0.0,16.0,2.0],"rotation":0,"texture":"#0","tintindex":0},"west":{"uv":[14.125,0.0,16.0,2.0],"rotation":0,"texture":"#0","tintindex":0},"up":{"uv":[14.125,0.0,16.0,2.0],"rotation":0,"texture":"#0","tintindex":0},"down":{"uv":[14.125,0.0,16.0,2.0],"rotation":0,"texture":"#0","tintindex":0}}},{"from":[7.0207005,2.6938996,5.6971426],"to":[9.472129,4.8481855,8.222857],"rotation":{"angle":0.0,"axis":"y","origin":[9.017385,8.690964,6.96]},"faces":{"east":{"uv":[14.125,3.0625,15.2875,4.175],"rotation":0,"texture":"#0","tintindex":0},"south":{"uv":[14.125,3.0625,15.2875,4.175],"rotation":0,"texture":"#0","tintindex":0},"north":{"uv":[14.125,3.0625,15.2875,4.175],"rotation":0,"texture":"#0","tintindex":0},"west":{"uv":[14.125,3.0625,15.2875,4.175],"rotation":0,"texture":"#0","tintindex":0},"up":{"uv":[14.125,3.0625,15.2875,4.175],"rotation":0,"texture":"#0","tintindex":0},"down":{"uv":[14.125,3.0625,15.2875,4.175],"rotation":0,"texture":"#0","tintindex":0}}},{"from":[6.872129,4.7739,5.5485716],"to":[9.620701,5.4424715,8.3714285],"rotation":{"angle":0.0,"axis":"y","origin":[9.017385,8.690964,6.96]},"faces":{"east":{"uv":[12.75,14.25,13.3125,15.825],"rotation":90,"texture":"#0","tintindex":0},"south":{"uv":[12.75,14.25,13.3125,15.825],"rotation":90,"texture":"#0","tintindex":0},"north":{"uv":[12.75,14.25,13.3125,15.825],"rotation":90,"texture":"#0","tintindex":0},"west":{"uv":[12.75,14.25,13.3125,15.825],"rotation":90,"texture":"#0","tintindex":0},"up":{"uv":[12.75,14.25,13.3125,15.825],"rotation":90,"texture":"#0","tintindex":0},"down":{"uv":[12.75,14.25,13.3125,15.825],"rotation":90,"texture":"#0","tintindex":0}}},{"from":[6.9464145,2.3224711,5.622857],"to":[9.546414,2.991043,8.297143],"rotation":{"angle":0.0,"axis":"y","origin":[9.017385,8.690964,6.96]},"faces":{"east":{"uv":[12.75,14.25,13.3125,15.825],"rotation":90,"texture":"#0","tintindex":0},"south":{"uv":[12.75,14.25,13.3125,15.825],"rotation":90,"texture":"#0","tintindex":0},"north":{"uv":[12.75,14.25,13.3125,15.825],"rotation":90,"texture":"#0","tintindex":0},"west":{"uv":[12.75,14.25,13.3125,15.825],"rotation":90,"texture":"#0","tintindex":0},"up":{"uv":[12.75,14.25,13.3125,15.825],"rotation":90,"texture":"#0","tintindex":0},"down":{"uv":[12.75,14.25,13.3125,15.825],"rotation":90,"texture":"#0","tintindex":0}}},{"from":[6.9464145,1.2824717,5.845714],"to":[9.249271,2.3224711,8.0742855],"rotation":{"angle":0.0,"axis":"y","origin":[8.720242,8.690964,6.96]},"faces":{"east":{"uv":[14.625,12.1875,14.8,12.575],"rotation":90,"texture":"#0","tintindex":0},"south":{"uv":[14.625,12.1875,14.8,12.575],"rotation":90,"texture":"#0","tintindex":0},"north":{"uv":[14.625,12.1875,14.8,12.575],"rotation":90,"texture":"#0","tintindex":0},"west":{"uv":[14.625,12.1875,14.8,12.575],"rotation":90,"texture":"#0","tintindex":0},"up":{"uv":[14.625,12.1875,14.8,12.575],"rotation":90,"texture":"#0","tintindex":0},"down":{"uv":[14.625,12.1875,14.8,12.575],"rotation":90,"texture":"#0","tintindex":0}}},{"from":[8.877843,1.0596142,6.7371426],"to":[9.472129,1.8024716,7.182857],"rotation":{"angle":0.0,"axis":"y","origin":[10.725956,8.690964,7.257143]},"faces":{"east":{"uv":[15.25,12.5375,15.6,12.8875],"rotation":90,"texture":"#0","tintindex":0},"south":{"uv":[15.25,12.5375,15.6,12.8875],"rotation":90,"texture":"#0","tintindex":0},"north":{"uv":[15.25,12.5375,15.6,12.8875],"rotation":90,"texture":"#0","tintindex":0},"west":{"uv":[15.25,12.5375,15.6,12.8875],"rotation":90,"texture":"#0","tintindex":0},"up":{"uv":[15.25,12.5375,15.6,12.8875],"rotation":90,"texture":"#0","tintindex":0},"down":{"uv":[15.25,12.5375,15.6,12.8875],"rotation":90,"texture":"#0","tintindex":0}}},{"from":[9.799878,1.6565843,6.7371426],"to":[10.394164,2.3994417,7.182857],"rotation":{"angle":22.5,"axis":"z","origin":[9.566435,-0.5881643,6.96]},"faces":{"east":{"uv":[15.25,12.5375,15.6,12.8875],"rotation":90,"texture":"#0","tintindex":0},"south":{"uv":[15.25,12.5375,15.6,12.8875],"rotation":90,"texture":"#0","tintindex":0},"north":{"uv":[15.25,12.5375,15.6,12.8875],"rotation":90,"texture":"#0","tintindex":0},"west":{"uv":[15.25,12.5375,15.6,12.8875],"rotation":90,"texture":"#0","tintindex":0},"up":{"uv":[15.25,12.5375,15.6,12.8875],"rotation":90,"texture":"#0","tintindex":0},"down":{"uv":[15.25,12.5375,15.6,12.8875],"rotation":90,"texture":"#0","tintindex":0}}},{"from":[8.877843,0.31675673,6.7371426],"to":[9.472129,1.0596142,7.182857],"rotation":{"angle":0.0,"axis":"y","origin":[9.685956,-1.9318943,6.96]},"faces":{"east":{"uv":[15.25,12.5375,15.6,12.8875],"rotation":90,"texture":"#0","tintindex":0},"south":{"uv":[15.25,12.5375,15.6,12.8875],"rotation":90,"texture":"#0","tintindex":0},"north":{"uv":[15.25,12.5375,15.6,12.8875],"rotation":90,"texture":"#0","tintindex":0},"west":{"uv":[15.25,12.5375,15.6,12.8875],"rotation":90,"texture":"#0","tintindex":0},"up":{"uv":[15.25,12.5375,15.6,12.8875],"rotation":90,"texture":"#0","tintindex":0},"down":{"uv":[15.25,12.5375,15.6,12.8875],"rotation":90,"texture":"#0","tintindex":0}}}],"display":{"head":{"translation":[0.0,-6.4,0.0],"scale":[4.0,4.0,4.0]}}}