{"textures":{"0":"modelengine:entity/chaine"},"elements":[{"from":[8.011464,9.132498,8.0],"to":[11.131465,12.92107,8.0],"rotation":{"angle":45.0,"axis":"z","origin":[10.091465,6.6439266,7.1085715]},"faces":{"east":{"uv":[2.375,9.05625,3.0875,10.8125],"rotation":0,"texture":"#0","tintindex":0},"south":{"uv":[2.41875,9.05,3.13125,10.80625],"rotation":0,"texture":"#0","tintindex":0},"north":{"uv":[2.375,9.05625,3.0875,10.8125],"rotation":0,"texture":"#0","tintindex":0},"west":{"uv":[2.375,9.05625,3.0875,10.8125],"rotation":0,"texture":"#0","tintindex":0},"up":{"uv":[2.375,9.05625,3.0875,10.8125],"rotation":0,"texture":"#0","tintindex":0},"down":{"uv":[2.375,9.05625,3.0875,10.8125],"rotation":0,"texture":"#0","tintindex":0}}},{"from":[9.571465,10.915356,6.44],"to":[9.571465,14.703927,9.56],"rotation":{"angle":45.0,"axis":"z","origin":[10.091465,6.6439266,7.1085715]},"faces":{"east":{"uv":[2.41875,9.05,3.13125,10.80625],"rotation":0,"texture":"#0","tintindex":0},"south":{"uv":[2.8125,8.68125,3.775,8.8125],"rotation":0,"texture":"#0","tintindex":0},"north":{"uv":[2.8125,8.68125,3.775,8.8125],"rotation":0,"texture":"#0","tintindex":0},"west":{"uv":[2.8125,8.68125,3.775,8.8125],"rotation":0,"texture":"#0","tintindex":0},"up":{"uv":[2.8125,8.68125,3.775,8.8125],"rotation":0,"texture":"#0","tintindex":0},"down":{"uv":[2.8125,8.68125,3.775,8.8125],"rotation":0,"texture":"#0","tintindex":0}}}],"display":{"head":{"translation":[0.0,-6.4,0.0],"scale":[4.0,4.0,4.0]}}}