{"textures":{"0":"modelengine:entity/chaine"},"elements":[{"from":[7.242857,7.48,6.885714],"to":[8.757143,8.52,9.114285],"rotation":{"angle":0.0,"axis":"y","origin":[7.6004586,15.63135,8.0]},"faces":{"east":{"uv":[14.375,10.3125,14.675,10.75],"rotation":90,"texture":"#0","tintindex":0},"south":{"uv":[14.375,10.3125,14.675,10.75],"rotation":90,"texture":"#0","tintindex":0},"north":{"uv":[14.375,10.3125,14.675,10.75],"rotation":90,"texture":"#0","tintindex":0},"west":{"uv":[14.375,10.3125,14.675,10.75],"rotation":90,"texture":"#0","tintindex":0},"up":{"uv":[14.375,10.3125,14.675,10.75],"rotation":90,"texture":"#0","tintindex":0},"down":{"uv":[14.375,10.3125,14.675,10.75],"rotation":90,"texture":"#0","tintindex":0}}}],"display":{"head":{"translation":[0.0,-6.4,0.0],"scale":[4.0,4.0,4.0]}}}