{"textures":{"0":"modelengine:entity/em_bandit_a2"},"elements":[{"from":[7.6571426,-0.08937073,6.637561],"to":[9.485714,1.7392015,9.037561],"rotation":{"angle":0.0,"axis":"y","origin":[11.428572,-1.7465124,7.2661324]},"faces":{"east":{"uv":[8.0,6.625,7.5,7.0],"rotation":0,"texture":"#0","tintindex":0},"south":{"uv":[8.25,8.125,8.625,8.5],"rotation":0,"texture":"#0","tintindex":0},"north":{"uv":[8.25,7.125,8.625,7.5],"rotation":0,"texture":"#0","tintindex":0},"west":{"uv":[7.375,3.0,7.875,3.375],"rotation":0,"texture":"#0","tintindex":0},"up":{"uv":[5.125,8.0,4.75,7.5],"rotation":0,"texture":"#0","tintindex":0},"down":{"uv":[7.625,3.5,8.0,4.0],"rotation":0,"texture":"#0","tintindex":0}}},{"from":[8.34058,0.8249154,6.2661324],"to":[8.912009,1.3963442,9.123276],"rotation":{"angle":0.0,"axis":"y","origin":[8.626295,0.8249154,6.2661324]},"faces":{"east":{"uv":[8.75,5.625,9.375,5.75],"rotation":0,"texture":"#0","tintindex":0},"south":{"uv":[7.375,3.5,7.5,3.625],"rotation":0,"texture":"#0","tintindex":0},"north":{"uv":[4.75,7.25,4.875,7.375],"rotation":0,"texture":"#0","tintindex":0},"west":{"uv":[8.875,8.875,9.5,9.0],"rotation":0,"texture":"#0","tintindex":0},"up":{"uv":[5.125,4.75,5.0,4.125],"rotation":0,"texture":"#0","tintindex":0},"down":{"uv":[3.125,8.75,3.0,9.375],"rotation":0,"texture":"#0","tintindex":0}}},{"from":[8.34058,0.53920126,5.694704],"to":[8.912009,1.6820583,6.2661324],"rotation":{"angle":0.0,"axis":"y","origin":[8.626295,0.8249154,6.2661324]},"faces":{"east":{"uv":[5.375,9.75,5.5,10.0],"rotation":0,"texture":"#0","tintindex":0},"south":{"uv":[5.875,9.75,6.0,10.0],"rotation":0,"texture":"#0","tintindex":0},"north":{"uv":[5.125,9.75,5.25,10.0],"rotation":0,"texture":"#0","tintindex":0},"west":{"uv":[9.75,6.125,9.875,6.375],"rotation":0,"texture":"#0","tintindex":0},"up":{"uv":[0.625,10.125,0.5,10.0],"rotation":0,"texture":"#0","tintindex":0},"down":{"uv":[0.875,10.0,0.75,10.125],"rotation":0,"texture":"#0","tintindex":0}}},{"from":[8.34058,1.3963442,9.123276],"to":[8.912009,1.9677725,10.266132],"rotation":{"angle":0.0,"axis":"y","origin":[8.626295,0.8249154,6.2661324]},"faces":{"east":{"uv":[3.25,9.75,3.5,9.875],"rotation":0,"texture":"#0","tintindex":0},"south":{"uv":[9.875,4.875,10.0,5.0],"rotation":0,"texture":"#0","tintindex":0},"north":{"uv":[9.875,4.625,10.0,4.75],"rotation":0,"texture":"#0","tintindex":0},"west":{"uv":[9.75,3.25,10.0,3.375],"rotation":0,"texture":"#0","tintindex":0},"up":{"uv":[9.875,3.75,9.75,3.5],"rotation":0,"texture":"#0","tintindex":0},"down":{"uv":[3.75,9.75,3.625,10.0],"rotation":0,"texture":"#0","tintindex":0}}},{"from":[8.34058,0.25348663,9.123276],"to":[8.912009,0.8249154,10.266132],"rotation":{"angle":0.0,"axis":"y","origin":[8.626295,0.8249154,6.2661324]},"faces":{"east":{"uv":[3.875,9.75,4.125,9.875],"rotation":0,"texture":"#0","tintindex":0},"south":{"uv":[5.625,9.875,5.75,10.0],"rotation":0,"texture":"#0","tintindex":0},"north":{"uv":[9.875,5.125,10.0,5.25],"rotation":0,"texture":"#0","tintindex":0},"west":{"uv":[4.25,9.75,4.5,9.875],"rotation":0,"texture":"#0","tintindex":0},"up":{"uv":[4.75,10.0,4.625,9.75],"rotation":0,"texture":"#0","tintindex":0},"down":{"uv":[5.0,9.75,4.875,10.0],"rotation":0,"texture":"#0","tintindex":0}}},{"from":[8.34058,0.8249154,9.694704],"to":[8.912009,1.3963442,10.266132],"rotation":{"angle":0.0,"axis":"y","origin":[8.626295,0.8249154,6.2661324]},"faces":{"east":{"uv":[6.125,9.875,6.25,10.0],"rotation":0,"texture":"#0","tintindex":0},"south":{"uv":[9.875,6.75,10.0,6.875],"rotation":0,"texture":"#0","tintindex":0},"north":{"uv":[9.875,5.75,10.0,5.875],"rotation":0,"texture":"#0","tintindex":0},"west":{"uv":[7.0,9.875,7.125,10.0],"rotation":0,"texture":"#0","tintindex":0},"up":{"uv":[10.0,7.125,9.875,7.0],"rotation":0,"texture":"#0","tintindex":0},"down":{"uv":[10.0,7.25,9.875,7.375],"rotation":0,"texture":"#0","tintindex":0}}},{"from":[8.481152,0.5369158,1.6924181],"to":[8.771438,1.6843438,5.69699],"rotation":{"angle":0.0,"axis":"y","origin":[8.626295,0.8249154,5.694704]},"faces":{"east":{"uv":[7.0,0.75,7.875,1.0],"rotation":0,"texture":"#0","tintindex":0},"south":{"uv":[9.125,9.625,9.25,9.875],"rotation":0,"texture":"#0","tintindex":0},"north":{"uv":[7.0,8.0,7.125,8.25],"rotation":0,"texture":"#0","tintindex":0},"west":{"uv":[7.125,5.25,8.0,5.5],"rotation":0,"texture":"#0","tintindex":0},"up":{"uv":[3.375,9.375,3.25,8.5],"rotation":0,"texture":"#0","tintindex":0},"down":{"uv":[3.625,8.5,3.5,9.375],"rotation":0,"texture":"#0","tintindex":0}}},{"from":[8.479438,0.5352011,0.5478463],"to":[8.773151,1.1146297,1.6987033],"rotation":{"angle":0.0,"axis":"y","origin":[8.626295,0.8249154,5.1232753]},"faces":{"east":{"uv":[9.625,9.375,9.875,9.5],"rotation":0,"texture":"#0","tintindex":0},"south":{"uv":[1.25,9.875,1.375,10.0],"rotation":0,"texture":"#0","tintindex":0},"north":{"uv":[9.875,0.5,10.0,0.625],"rotation":0,"texture":"#0","tintindex":0},"west":{"uv":[0.5,9.75,0.75,9.875],"rotation":0,"texture":"#0","tintindex":0},"up":{"uv":[9.875,1.25,9.75,1.0],"rotation":0,"texture":"#0","tintindex":0},"down":{"uv":[9.875,1.375,9.75,1.625],"rotation":0,"texture":"#0","tintindex":0}}},{"from":[8.481724,1.0598946,0.4317851],"to":[8.770866,1.6347523,1.0066428],"rotation":{"angle":45.0,"axis":"x","origin":[8.626295,1.3473234,0.14778519]},"faces":{"east":{"uv":[9.875,2.25,10.0,2.375],"rotation":0,"texture":"#0","tintindex":0},"south":{"uv":[2.375,9.875,2.5,10.0],"rotation":0,"texture":"#0","tintindex":0},"north":{"uv":[9.875,2.0,10.0,2.125],"rotation":0,"texture":"#0","tintindex":0},"west":{"uv":[9.875,2.75,10.0,2.875],"rotation":0,"texture":"#0","tintindex":0},"up":{"uv":[10.0,3.125,9.875,3.0],"rotation":0,"texture":"#0","tintindex":0},"down":{"uv":[10.0,3.875,9.875,4.0],"rotation":0,"texture":"#0","tintindex":0}}},{"from":[8.4857235,1.0331373,0.018984318],"to":[8.766866,1.4326272,0.4184742],"rotation":{"angle":-22.5,"axis":"x","origin":[8.626295,1.316566,0.302413]},"faces":{"east":{"uv":[9.875,8.25,10.0,8.375],"rotation":0,"texture":"#0","tintindex":0},"south":{"uv":[9.875,8.5,10.0,8.625],"rotation":0,"texture":"#0","tintindex":0},"north":{"uv":[9.875,8.0,10.0,8.125],"rotation":0,"texture":"#0","tintindex":0},"west":{"uv":[9.875,8.75,10.0,8.875],"rotation":0,"texture":"#0","tintindex":0},"up":{"uv":[10.0,9.125,9.875,9.0],"rotation":0,"texture":"#0","tintindex":0},"down":{"uv":[9.5,9.875,9.375,10.0],"rotation":0,"texture":"#0","tintindex":0}}},{"from":[8.487437,0.81617546,0.23937464],"to":[8.765152,1.3796039,1.2599463],"rotation":{"angle":22.5,"axis":"x","origin":[8.626295,1.0978899,0.5210891]},"faces":{"east":{"uv":[9.75,1.75,10.0,1.875],"rotation":0,"texture":"#0","tintindex":0},"south":{"uv":[9.875,4.375,10.0,4.5],"rotation":0,"texture":"#0","tintindex":0},"north":{"uv":[9.875,4.125,10.0,4.25],"rotation":0,"texture":"#0","tintindex":0},"west":{"uv":[2.0,9.75,2.25,9.875],"rotation":0,"texture":"#0","tintindex":0},"up":{"uv":[2.875,10.0,2.75,9.75],"rotation":0,"texture":"#0","tintindex":0},"down":{"uv":[3.125,9.75,3.0,10.0],"rotation":0,"texture":"#0","tintindex":0}}},{"from":[8.483438,0.99259377,0.81402016],"to":[8.769152,1.5068798,1.9568772],"rotation":{"angle":-22.5,"axis":"x","origin":[8.626295,0.93545103,1.3854489]},"faces":{"east":{"uv":[1.0,4.125,1.25,4.25],"rotation":0,"texture":"#0","tintindex":0},"south":{"uv":[6.625,8.75,6.75,8.875],"rotation":0,"texture":"#0","tintindex":0},"north":{"uv":[3.75,8.5,3.875,8.625],"rotation":0,"texture":"#0","tintindex":0},"west":{"uv":[9.375,9.625,9.625,9.75],"rotation":0,"texture":"#0","tintindex":0},"up":{"uv":[0.125,10.0,0.0,9.75],"rotation":0,"texture":"#0","tintindex":0},"down":{"uv":[0.375,9.75,0.25,10.0],"rotation":0,"texture":"#0","tintindex":0}}},{"from":[7.428571,4.5392013,6.4089894],"to":[9.714286,8.539202,9.266132],"rotation":{"angle":0.0,"axis":"y","origin":[11.714286,5.11063,7.2661324]},"faces":{"east":{"uv":[1.375,3.375,2.0,4.25],"rotation":0,"texture":"#0","tintindex":0},"south":{"uv":[5.5,3.0,6.0,3.875],"rotation":0,