{"textures":{"0":"modelengine:entity/reaperfinished"},"elements":[{"from":[7.4407873,7.0619493,7.4492717],"to":[7.4407873,7.900014,8.550728],"rotation":{"angle":-22.5,"axis":"z","origin":[8.654689,6.2611485,8.0]},"faces":{"east":{"uv":[11.40625,2.925,11.6375,3.46875],"rotation":0,"texture":"#0","tintindex":0},"south":{"uv":[11.40625,2.925,11.6375,3.46875],"rotation":0,"texture":"#0","tintindex":0},"north":{"uv":[11.40625,2.925,11.6375,3.46875],"rotation":0,"texture":"#0","tintindex":0},"west":{"uv":[11.40625,2.925,11.6375,3.46875],"rotation":0,"texture":"#0","tintindex":0},"up":{"uv":[11.40625,2.925,11.6375,3.46875],"rotation":0,"texture":"#0","tintindex":0},"down":{"uv":[11.40625,2.925,11.6375,3.46875],"rotation":0,"texture":"#0","tintindex":0}}}],"display":{"head":{"translation":[0.0,-6.4,0.0],"scale":[4.0,4.0,4.0]}}}