{"textures":{"0":"modelengine:entity/reaperfinished"},"elements":[{"from":[7.2098246,8.091411,7.5809674],"to":[8.790175,9.575982,8.419032],"rotation":{"angle":0.0,"axis":"y","origin":[8.0,8.259023,8.119723]},"faces":{"east":{"uv":[10.8125,5.625,11.03125,6.4],"rotation":0,"texture":"#0","tintindex":0},"south":{"uv":[10.8125,5.625,11.21875,6.40625],"rotation":0,"texture":"#0","tintindex":0},"north":{"uv":[10.8125,5.625,11.21875,6.40625],"rotation":0,"texture":"#0","tintindex":0},"west":{"uv":[10.8125,5.625,11.03125,6.4],"rotation":0,"texture":"#0","tintindex":0},"up":{"uv":[10.8125,5.625,11.225,6.0625],"rotation":0,"texture":"#0","tintindex":0},"down":{"uv":[10.8125,5.625,11.225,6.0625],"rotation":0,"texture":"#0","tintindex":0}}},{"from":[8.0,7.549723,7.744969],"to":[8.0,8.746958,9.037983],"rotation":{"angle":-22.5,"axis":"x","origin":[8.0,9.034295,7.2541027]},"faces":{"east":{"uv":[10.25,8.25,10.4375,8.71875],"rotation":180,"texture":"#0","tintindex":0},"south":{"uv":[8.0,0.0,8.0,0.625],"rotation":0,"texture":"#0","tintindex":0},"north":{"uv":[8.0,0.0,8.0,0.625],"rotation":0,"texture":"#0","tintindex":0},"west":{"uv":[10.25,8.25,10.4375,8.71875],"rotation":0,"texture":"#0","tintindex":0},"up":{"uv":[8.0,0.46875,8.0,0.0],"rotation":0,"texture":"#0","tintindex":0},"down":{"uv":[8.0,0.0,8.0,0.46875],"rotation":0,"texture":"#0","tintindex":0}}}],"display":{"head":{"translation":[0.0,-6.4,0.0],"scale":[4.0,4.0,4.0]}}}