{"textures":{"0":"modelengine:entity/reaperfinished"},"elements":[{"from":[7.6967006,6.07982,7.6767464],"to":[8.3192625,7.867926,8.323254],"rotation":{"angle":0.0,"axis":"y","origin":[8.295318,4.467778,8.107751]},"faces":{"east":{"uv":[9.6875,8.25,9.8125,8.96875],"rotation":180,"texture":"#0","tintindex":0},"south":{"uv":[9.6875,8.25,9.8125,8.96875],"rotation":180,"texture":"#0","tintindex":0},"north":{"uv":[9.6875,8.25,9.8125,8.96875],"rotation":180,"texture":"#0","tintindex":0},"west":{"uv":[9.6875,8.25,9.8125,8.96875],"rotation":180,"texture":"#0","tintindex":0},"up":{"uv":[9.6875,8.25,9.8125,8.96875],"rotation":180,"texture":"#0","tintindex":0},"down":{"uv":[9.6875,8.25,9.8125,8.96875],"rotation":180,"texture":"#0","tintindex":0}}}],"display":{"head":{"translation":[0.0,-6.4,0.0],"scale":[4.0,4.0,4.0]}}}