{"textures":{"0":"modelengine:entity/reaperfinished"},"elements":[{"from":[7.7485805,5.24199,7.628857],"to":[8.251419,6.1279445,7.8922486],"rotation":{"angle":0.0,"axis":"y","origin":[6.910516,8.6421385,7.976055]},"faces":{"east":{"uv":[9.6875,8.25,9.8125,8.96875],"rotation":0,"texture":"#0","tintindex":0},"south":{"uv":[9.6875,8.25,9.8125,8.96875],"rotation":0,"texture":"#0","tintindex":0},"north":{"uv":[9.6875,8.25,9.8125,8.96875],"rotation":0,"texture":"#0","tintindex":0},"west":{"uv":[9.6875,8.25,9.8125,8.96875],"rotation":0,"texture":"#0","tintindex":0},"up":{"uv":[9.6875,8.25,9.8125,8.96875],"rotation":0,"texture":"#0","tintindex":0},"down":{"uv":[9.6875,8.25,9.8125,8.96875],"rotation":0,"texture":"#0","tintindex":0}}},{"from":[7.7485805,6.1039996,7.5809674],"to":[8.251419,7.8998528,8.131696],"rotation":{"angle":0.0,"axis":"y","origin":[6.910516,8.570304,7.976055]},"faces":{"east":{"uv":[11.75,8.0,11.875,8.9375],"rotation":0,"texture":"#0","tintindex":0},"south":{"uv":[11.75,8.0,11.875,8.9375],"rotation":0,"texture":"#0","tintindex":0},"north":{"uv":[11.75,8.0,11.875,8.9375],"rotation":0,"texture":"#0","tintindex":0},"west":{"uv":[11.75,8.0,11.875,8.9375],"rotation":0,"texture":"#0","tintindex":0},"up":{"uv":[11.75,8.0,11.875,8.9375],"rotation":0,"texture":"#0","tintindex":0},"down":{"uv":[11.75,8.0,11.875,8.9375],"rotation":0,"texture":"#0","tintindex":0}}}],"display":{"head":{"translation":[0.0,-6.4,0.0],"scale":[4.0,4.0,4.0]}}}