{"textures":{"0":"modelengine:entity/reaperfinished"},"elements":[{"from":[8.5078,7.8615413,7.7467213],"to":[8.645721,8.033943,8.177726],"rotation":{"angle":-22.5,"axis":"y","origin":[8.193423,7.8261027,6.531325]},"faces":{"east":{"uv":[10.96875,9.0,10.9375,9.21875],"rotation":0,"texture":"#0","tintindex":0},"south":{"uv":[10.96875,9.0,10.9375,9.21875],"rotation":0,"texture":"#0","tintindex":0},"north":{"uv":[10.96875,9.0,10.9375,9.21875],"rotation":0,"texture":"#0","tintindex":0},"west":{"uv":[10.96875,9.0,10.9375,9.21875],"rotation":0,"texture":"#0","tintindex":0},"up":{"uv":[10.96875,9.0,10.9375,9.21875],"rotation":0,"texture":"#0","tintindex":0},"down":{"uv":[10.96875,9.0,10.9375,9.21875],"rotation":0,"texture":"#0","tintindex":0}}}],"display":{"head":{"translation":[0.0,-6.4,0.0],"scale":[4.0,4.0,4.0]}}}