{"textures":{"0":"modelengine:entity/reaperfinished"},"elements":[{"from":[7.9245744,8.064114,7.7998223],"to":[8.053876,8.167555,7.946364],"rotation":{"angle":0.0,"axis":"y","origin":[3.036981,4.2722297,9.09092]},"faces":{"east":{"uv":[12.625,3.375,12.65625,3.4375],"rotation":0,"texture":"#0","tintindex":0},"south":{"uv":[12.625,3.375,12.65625,3.4375],"rotation":0,"texture":"#0","tintindex":0},"north":{"uv":[12.625,3.375,12.65625,3.4375],"rotation":0,"texture":"#0","tintindex":0},"west":{"uv":[12.625,3.375,12.65625,3.4375],"rotation":0,"texture":"#0","tintindex":0},"up":{"uv":[12.625,3.375,12.65625,3.4375],"rotation":0,"texture":"#0","tintindex":0},"down":{"uv":[12.625,3.375,12.65625,3.4375],"rotation":0,"texture":"#0","tintindex":0}}},{"from":[7.9245744,7.897458,7.7998223],"to":[8.053876,8.000899,7.946364],"rotation":{"angle":0.0,"axis":"y","origin":[3.036981,4.2722297,9.09092]},"faces":{"east":{"uv":[12.625,4.875,12.65625,4.9375],"rotation":0,"texture":"#0","tintindex":0},"south":{"uv":[12.625,4.875,12.65625,4.9375],"rotation":0,"texture":"#0","tintindex":0},"north":{"uv":[12.625,4.875,12.65625,4.9375],"rotation":0,"texture":"#0","tintindex":0},"west":{"uv":[12.625,4.875,12.65625,4.9375],"rotation":0,"texture":"#0","tintindex":0},"up":{"uv":[12.625,4.875,12.65625,4.9375],"rotation":0,"texture":"#0","tintindex":0},"down":{"uv":[12.625,4.875,12.65625,4.9375],"rotation":0,"texture":"#0","tintindex":0}}},{"from":[7.9245744,7.713563,7.7998223],"to":[8.053876,7.842864,7.946364],"rotation":{"angle":0.0,"axis":"y","origin":[3.036981,4.2722297,9.09092]},"faces":{"east":{"uv":[12.625,2.625,12.65625,2.6875],"rotation":0,"texture":"#0","tintindex":0},"south":{"uv":[12.625,2.625,12.65625,2.6875],"rotation":0,"texture":"#0","tintindex":0},"north":{"uv":[12.625,2.625,12.65625,2.6875],"rotation":0,"texture":"#0","tintindex":0},"west":{"uv":[12.625,2.625,12.65625,2.6875],"rotation":0,"texture":"#0","tintindex":0},"up":{"uv":[12.625,2.625,12.65625,2.6875],"rotation":0,"texture":"#0","tintindex":0},"down":{"uv":[12.625,2.625,12.65625,2.6875],"rotation":0,"texture":"#0","tintindex":0}}},{"from":[7.9504347,8.064114,7.6877613],"to":[8.0711155,8.167555,7.7998223],"rotation":{"angle":0.0,"axis":"y","origin":[3.036981,4.2722297,9.09092]},"faces":{"east":{"uv":[12.625,3.75,12.65625,3.8125],"rotation":0,"texture":"#0","tintindex":0},"south":{"uv":[12.625,3.75,12.65625,3.8125],"rotation":0,"texture":"#0","tintindex":0},"north":{"uv":[12.625,3.75,12.65625,3.8125],"rotation":0,"texture":"#0","tintindex":0},"west":{"uv":[12.625,3.75,12.65625,3.8125],"rotation":0,"texture":"#0","tintindex":0},"up":{"uv":[12.625,3.75,12.65625,3.8125],"rotation":0,"texture":"#0","tintindex":0},"down":{"uv":[12.625,3.75,12.65625,3.8125],"rotation":0,"texture":"#0","tintindex":0}}},{"from":[7.9504347,7.713563,7.6877613],"to":[8.0711155,7.842864,7.7998223],"rotation":{"angle":0.0,"axis":"y","origin":[3.036981,4.2722297,9.09092]},"faces":{"east":{"uv":[12.625,2.25,12.65625,2.3125],"rotation":0,"texture":"#0","tintindex":0},"south":{"uv":[12.625,2.25,12.65625,2.3125],"rotation":0,"texture":"#0","tintindex":0},"north":{"uv":[12.625,2.25,12.65625,2.3125],"rotation":0,"texture":"#0","tintindex":0},"west":{"uv":[12.625,2.25,12.65625,2.3125],"rotation":0,"texture":"#0","tintindex":0},"up":{"uv":[12.625,2.25,12.65625,2.3125],"rotation":0,"texture":"#0","tintindex":0},"down":{"uv":[12.625,2.25,12.65625,2.3125],"rotation":0,"texture":"#0","tintindex":0}}},{"from":[7.9504347,7.897458,7.6877613],"to":[8.0711155,8.000899,7.7998223],"rotation":{"angle":0.0,"axis":"y","origin":[3.036981,4.2722297,9.09092]},"faces":{"east":{"uv":[12.625,5.25,12.65625,5.3125],"rotation":0,"texture":"#0","tintindex":0},"south":{"uv":[12.625,5.25,12.65625,5.3125],"rotation":0,"texture":"#0","tintindex":0},"north":{"uv":[12.625,5.25,12.65625,5.3125],"rotation":0,"texture":"#0","tintindex":0},"west":{"uv":[12.625,5.25,12.65625,5.3125],"rotation":0,"texture":"#0","tintindex":0},"up":{"uv":[12.625,5.25,12.65625,5.3125],"rotation":0,"texture":"#0","tintindex":0},"down":{"uv":[12.625,5.25,12.65625,5.3125],"rotation":0,"texture":"#0","tintindex":0}}}],"display":{"head":{"translation":[0.0,-6.4,0.0],"scale":[4.0,4.0,4.0]}}}