{"textures":{"0":"modelengine:entity/reaperfinished"},"elements":[{"from":[8.437255,7.874471,7.798879],"to":[8.532076,8.012393,7.9195604],"rotation":{"angle":-22.5,"axis":"y","origin":[8.114257,7.8217926,6.704164]},"faces":{"east":{"uv":[12.65625,3.125,12.625,3.1875],"rotation":0,"texture":"#0","tintindex":0},"south":{"uv":[12.65625,3.125,12.625,3.1875],"rotation":0,"texture":"#0","tintindex":0},"north":{"uv":[12.65625,3.125,12.625,3.1875],"rotation":0,"texture":"#0","tintindex":0},"west":{"uv":[12.65625,3.125,12.625,3.1875],"rotation":0,"texture":"#0","tintindex":0},"up":{"uv":[12.65625,3.125,12.625,3.1875],"rotation":0,"texture":"#0","tintindex":0},"down":{"uv":[12.65625,3.125,12.625,3.1875],"rotation":0,"texture":"#0","tintindex":0}}},{"from":[8.411394,7.8830914,7.686818],"to":[8.506215,8.021013,7.8074994],"rotation":{"angle":-22.5,"axis":"y","origin":[8.114257,7.8217926,6.704164]},"faces":{"east":{"uv":[10.96875,9.25,10.9375,9.3125],"rotation":0,"texture":"#0","tintindex":0},"south":{"uv":[10.96875,9.25,10.9375,9.3125],"rotation":0,"texture":"#0","tintindex":0},"north":{"uv":[10.96875,9.25,10.9375,9.3125],"rotation":0,"texture":"#0","tintindex":0},"west":{"uv":[10.96875,9.25,10.9375,9.3125],"rotation":0,"texture":"#0","tintindex":0},"up":{"uv":[10.96875,9.25,10.9375,9.3125],"rotation":0,"texture":"#0","tintindex":0},"down":{"uv":[10.96875,9.25,10.9375,9.3125],"rotation":0,"texture":"#0","tintindex":0}}}],"display":{"head":{"translation":[0.0,-6.4,0.0],"scale":[4.0,4.0,4.0]}}}