{"textures":{"0":"modelengine:entity/reaperfinished"},"elements":[{"from":[7.926729,8.0497465,7.70548],"to":[8.073271,8.179048,8.007183],"rotation":{"angle":0.0,"axis":"y","origin":[8.8921795,3.6755276,9.022439]},"faces":{"east":{"uv":[12.5625,1.625,12.640625,1.6875],"rotation":0,"texture":"#0","tintindex":0},"south":{"uv":[12.5625,1.625,12.640625,1.6875],"rotation":0,"texture":"#0","tintindex":0},"north":{"uv":[12.5625,1.625,12.640625,1.6875],"rotation":0,"texture":"#0","tintindex":0},"west":{"uv":[12.5625,1.625,12.640625,1.6875],"rotation":0,"texture":"#0","tintindex":0},"up":{"uv":[12.5625,1.625,12.640625,1.6875],"rotation":0,"texture":"#0","tintindex":0},"down":{"uv":[12.5625,1.625,12.640625,1.6875],"rotation":0,"texture":"#0","tintindex":0}}},{"from":[7.926729,7.8830914,7.70548],"to":[8.073271,8.021013,8.007183],"rotation":{"angle":0.0,"axis":"y","origin":[8.8921795,3.6755276,9.022439]},"faces":{"east":{"uv":[11.75,9.125,11.828125,9.1875],"rotation":0,"texture":"#0","tintindex":0},"south":{"uv":[11.75,9.125,11.828125,9.1875],"rotation":0,"texture":"#0","tintindex":0},"north":{"uv":[11.75,9.125,11.828125,9.1875],"rotation":0,"texture":"#0","tintindex":0},"west":{"uv":[11.75,9.125,11.828125,9.1875],"rotation":0,"texture":"#0","tintindex":0},"up":{"uv":[11.75,9.125,11.828125,9.1875],"rotation":0,"texture":"#0","tintindex":0},"down":{"uv":[11.75,9.125,11.828125,9.1875],"rotation":0,"texture":"#0","tintindex":0}}},{"from":[7.926729,7.699196,7.70548],"to":[8.073271,7.8543577,8.007183],"rotation":{"angle":0.0,"axis":"y","origin":[8.8921795,3.6755276,9.022439]},"faces":{"east":{"uv":[12.5,6.0,12.578125,6.09375],"rotation":0,"texture":"#0","tintindex":0},"south":{"uv":[12.5,6.0,12.578125,6.09375],"rotation":0,"texture":"#0","tintindex":0},"north":{"uv":[12.5,6.0,12.578125,6.09375],"rotation":0,"texture":"#0","tintindex":0},"west":{"uv":[12.5,6.0,12.578125,6.09375],"rotation":0,"texture":"#0","tintindex":0},"up":{"uv":[12.5,6.0,12.578125,6.09375],"rotation":0,"texture":"#0","tintindex":0},"down":{"uv":[12.5,6.0,12.578125,6.09375],"rotation":0,"texture":"#0","tintindex":0}}}],"display":{"head":{"translation":[0.0,-6.4,0.0],"scale":[4.0,4.0,4.0]}}}