{"textures":{"0":"modelengine:entity/reaperfinished"},"elements":[{"from":[7.922419,8.046873,7.8491483],"to":[8.07758,8.184794,8.150851],"rotation":{"angle":0.0,"axis":"y","origin":[3.5347915,3.7464037,9.166107]},"faces":{"east":{"uv":[12.5,6.0,12.578125,6.09375],"rotation":0,"texture":"#0","tintindex":0},"south":{"uv":[12.5,6.0,12.578125,6.09375],"rotation":0,"texture":"#0","tintindex":0},"north":{"uv":[12.5,6.0,12.578125,6.09375],"rotation":0,"texture":"#0","tintindex":0},"west":{"uv":[12.5,6.0,12.578125,6.09375],"rotation":0,"texture":"#0","tintindex":0},"up":{"uv":[12.5,6.0,12.578125,6.09375],"rotation":0,"texture":"#0","tintindex":0},"down":{"uv":[12.5,6.0,12.578125,6.09375],"rotation":0,"texture":"#0","tintindex":0}}},{"from":[7.922419,7.880218,7.8491483],"to":[8.07758,8.01814,8.150851],"rotation":{"angle":0.0,"axis":"y","origin":[3.5347915,3.7464037,9.166107]},"faces":{"east":{"uv":[11.75,9.125,11.828125,9.1875],"rotation":0,"texture":"#0","tintindex":0},"south":{"uv":[11.75,9.125,11.828125,9.1875],"rotation":0,"texture":"#0","tintindex":0},"north":{"uv":[11.75,9.125,11.828125,9.1875],"rotation":0,"texture":"#0","tintindex":0},"west":{"uv":[11.75,9.125,11.828125,9.1875],"rotation":0,"texture":"#0","tintindex":0},"up":{"uv":[11.75,9.125,11.828125,9.1875],"rotation":0,"texture":"#0","tintindex":0},"down":{"uv":[11.75,9.125,11.828125,9.1875],"rotation":0,"texture":"#0","tintindex":0}}},{"from":[7.922419,7.6963224,7.8491483],"to":[8.07758,7.8601046,8.150851],"rotation":{"angle":0.0,"axis":"y","origin":[3.5347915,3.7464037,9.166107]},"faces":{"east":{"uv":[12.5625,1.625,12.640625,1.6875],"rotation":0,"texture":"#0","tintindex":0},"south":{"uv":[12.5625,1.625,12.640625,1.6875],"rotation":0,"texture":"#0","tintindex":0},"north":{"uv":[12.5625,1.625,12.640625,1.6875],"rotation":0,"texture":"#0","tintindex":0},"west":{"uv":[12.5625,1.625,12.640625,1.6875],"rotation":0,"texture":"#0","tintindex":0},"up":{"uv":[12.5625,1.625,12.640625,1.6875],"rotation":0,"texture":"#0","tintindex":0},"down":{"uv":[12.5625,1.625,12.640625,1.6875],"rotation":0,"texture":"#0","tintindex":0}}}],"display":{"head":{"translation":[0.0,-6.4,0.0],"scale":[4.0,4.0,4.0]}}}