{"textures":{"0":"modelengine:entity/reaperfinished"},"elements":[{"from":[7.431073,7.9218817,7.7892747],"to":[7.4703426,7.9908423,7.909956],"rotation":{"angle":22.5,"axis":"y","origin":[7.8812833,8.027478,6.5555696]},"faces":{"east":{"uv":[12.65625,3.125,12.625,3.1875],"rotation":0,"texture":"#0","tintindex":0},"south":{"uv":[12.65625,3.125,12.625,3.1875],"rotation":0,"texture":"#0","tintindex":0},"north":{"uv":[12.65625,3.125,12.625,3.1875],"rotation":0,"texture":"#0","tintindex":0},"west":{"uv":[12.65625,3.125,12.625,3.1875],"rotation":0,"texture":"#0","tintindex":0},"up":{"uv":[12.65625,3.125,12.625,3.1875],"rotation":0,"texture":"#0","tintindex":0},"down":{"uv":[12.65625,3.125,12.625,3.1875],"rotation":0,"texture":"#0","tintindex":0}}},{"from":[7.4483137,7.8787813,7.6772137],"to":[7.5345144,7.9994626,7.797895],"rotation":{"angle":22.5,"axis":"y","origin":[7.8812833,8.027478,6.5555696]},"faces":{"east":{"uv":[10.96875,9.25,10.9375,9.3125],"rotation":0,"texture":"#0","tintindex":0},"south":{"uv":[10.96875,9.25,10.9375,9.3125],"rotation":0,"texture":"#0","tintindex":0},"north":{"uv":[10.96875,9.25,10.9375,9.3125],"rotation":0,"texture":"#0","tintindex":0},"west":{"uv":[10.96875,9.25,10.9375,9.3125],"rotation":0,"texture":"#0","tintindex":0},"up":{"uv":[10.96875,9.25,10.9375,9.3125],"rotation":0,"texture":"#0","tintindex":0},"down":{"uv":[10.96875,9.25,10.9375,9.3125],"rotation":0,"texture":"#0","tintindex":0}}}],"display":{"head":{"translation":[0.0,-6.4,0.0],"scale":[4.0,4.0,4.0]}}}