{"textures":{"0":"modelengine:entity/reaperfinished"},"elements":[{"from":[7.2566843,7.870161,7.5137053],"to":[7.385986,8.025323,7.9447103],"rotation":{"angle":22.5,"axis":"y","origin":[7.715514,8.044718,6.159319]},"faces":{"east":{"uv":[10.96875,9.0,10.9375,9.21875],"rotation":0,"texture":"#0","tintindex":0},"south":{"uv":[10.96875,9.0,10.9375,9.21875],"rotation":0,"texture":"#0","tintindex":0},"north":{"uv":[10.96875,9.0,10.9375,9.21875],"rotation":0,"texture":"#0","tintindex":0},"west":{"uv":[10.96875,9.0,10.9375,9.21875],"rotation":0,"texture":"#0","tintindex":0},"up":{"uv":[10.96875,9.0,10.9375,9.21875],"rotation":0,"texture":"#0","tintindex":0},"down":{"uv":[10.96875,9.0,10.9375,9.21875],"rotation":0,"texture":"#0","tintindex":0}}}],"display":{"head":{"translation":[0.0,-6.4,0.0],"scale":[4.0,4.0,4.0]}}}