{"textures":{"0":"modelengine:entity/reaperfinished"},"elements":[{"from":[7.7725253,6.503313,7.9774637],"to":[8.251419,7.856893,8.480303],"rotation":{"angle":0.0,"axis":"y","origin":[8.299309,6.263866,8.336635]},"faces":{"east":{"uv":[11.75,8.0,11.875,8.9125],"rotation":0,"texture":"#0","tintindex":0},"south":{"uv":[11.75,8.0,11.875,8.9125],"rotation":0,"texture":"#0","tintindex":0},"north":{"uv":[11.75,8.0,11.875,8.9125],"rotation":0,"texture":"#0","tintindex":0},"west":{"uv":[11.75,8.0,11.875,8.9125],"rotation":0,"texture":"#0","tintindex":0},"up":{"uv":[11.75,8.0,11.875,8.9125],"rotation":0,"texture":"#0","tintindex":0},"down":{"uv":[11.75,8.0,11.875,8.9125],"rotation":0,"texture":"#0","tintindex":0}}},{"from":[7.700691,4.5159025,7.9295745],"to":[8.275364,6.503313,8.5281925],"rotation":{"angle":0.0,"axis":"y","origin":[8.299309,6.4314785,8.336635]},"faces":{"east":{"uv":[11.75,8.0,11.875,8.9375],"rotation":180,"texture":"#0","tintindex":0},"south":{"uv":[11.75,8.0,11.875,8.9375],"rotation":180,"texture":"#0","tintindex":0},"north":{"uv":[11.75,8.0,11.875,8.9375],"rotation":180,"texture":"#0","tintindex":0},"west":{"uv":[11.75,8.0,11.875,8.9375],"rotation":180,"texture":"#0","tintindex":0},"up":{"uv":[11.75,8.0,11.875,8.9375],"rotation":180,"texture":"#0","tintindex":0},"down":{"uv":[11.75,8.0,11.875,8.9375],"rotation":180,"texture":"#0","tintindex":0}}}],"display":{"head":{"translation":[0.0,-6.4,0.0],"scale":[4.0,4.0,4.0]}}}