{"textures":{"0":"modelengine:entity/reaperfinished"},"elements":[{"from":[7.922419,8.046873,7.657591],"to":[8.07758,8.184794,7.959294],"rotation":{"angle":0.0,"axis":"y","origin":[3.4830709,3.7464037,9.276253]},"faces":{"east":{"uv":[11.75,9.0,11.828125,9.09375],"rotation":0,"texture":"#0","tintindex":0},"south":{"uv":[11.75,9.0,11.828125,9.09375],"rotation":0,"texture":"#0","tintindex":0},"north":{"uv":[11.75,9.0,11.828125,9.09375],"rotation":0,"texture":"#0","tintindex":0},"west":{"uv":[11.75,9.0,11.828125,9.09375],"rotation":0,"texture":"#0","tintindex":0},"up":{"uv":[11.75,9.0,11.828125,9.09375],"rotation":0,"texture":"#0","tintindex":0},"down":{"uv":[11.75,9.0,11.828125,9.09375],"rotation":0,"texture":"#0","tintindex":0}}},{"from":[7.922419,7.880218,7.657591],"to":[8.07758,8.01814,7.959294],"rotation":{"angle":0.0,"axis":"y","origin":[3.4830709,3.7464037,9.276253]},"faces":{"east":{"uv":[12.5625,8.625,12.640625,8.6875],"rotation":0,"texture":"#0","tintindex":0},"south":{"uv":[12.5625,8.625,12.640625,8.6875],"rotation":0,"texture":"#0","tintindex":0},"north":{"uv":[12.5625,8.625,12.640625,8.6875],"rotation":0,"texture":"#0","tintindex":0},"west":{"uv":[12.5625,8.625,12.640625,8.6875],"rotation":0,"texture":"#0","tintindex":0},"up":{"uv":[12.5625,8.625,12.640625,8.6875],"rotation":0,"texture":"#0","tintindex":0},"down":{"uv":[12.5625,8.625,12.640625,8.6875],"rotation":0,"texture":"#0","tintindex":0}}},{"from":[7.922419,7.6963224,7.657591],"to":[8.07758,7.8601046,7.959294],"rotation":{"angle":0.0,"axis":"y","origin":[3.4830709,3.7464037,9.276253]},"faces":{"east":{"uv":[10.4375,9.125,10.515625,9.1875],"rotation":0,"texture":"#0","tintindex":0},"south":{"uv":[10.4375,9.125,10.515625,9.1875],"rotation":0,"texture":"#0","tintindex":0},"north":{"uv":[10.4375,9.125,10.515625,9.1875],"rotation":0,"texture":"#0","tintindex":0},"west":{"uv":[10.4375,9.125,10.515625,9.1875],"rotation":0,"texture":"#0","tintindex":0},"up":{"uv":[10.4375,9.125,10.515625,9.1875],"rotation":0,"texture":"#0","tintindex":0},"down":{"uv":[10.4375,9.125,10.515625,9.1875],"rotation":0,"texture":"#0","tintindex":0}}}],"display":{"head":{"translation":[0.0,-6.4,0.0],"scale":[4.0,4.0,4.0]}}}