{"textures":{"0":"modelengine:entity/reaperfinished"},"elements":[{"from":[7.7485805,6.0561104,7.652802],"to":[8.251419,7.851963,8.20353],"rotation":{"angle":0.0,"axis":"y","origin":[9.065539,8.522415,8.04789]},"faces":{"east":{"uv":[11.75,8.0,11.875,8.9375],"rotation":0,"texture":"#0","tintindex":0},"south":{"uv":[11.75,8.0,11.875,8.9375],"rotation":0,"texture":"#0","tintindex":0},"north":{"uv":[11.75,8.0,11.875,8.9375],"rotation":0,"texture":"#0","tintindex":0},"west":{"uv":[11.75,8.0,11.875,8.9375],"rotation":0,"texture":"#0","tintindex":0},"up":{"uv":[11.75,8.0,11.875,8.9375],"rotation":0,"texture":"#0","tintindex":0},"down":{"uv":[11.75,8.0,11.875,8.9375],"rotation":0,"texture":"#0","tintindex":0}}},{"from":[7.7485805,5.194101,7.700691],"to":[8.251419,6.080055,7.9640827],"rotation":{"angle":0.0,"axis":"y","origin":[9.065539,8.594249,8.04789]},"faces":{"east":{"uv":[9.6875,8.25,9.8125,8.96875],"rotation":0,"texture":"#0","tintindex":0},"south":{"uv":[9.6875,8.25,9.8125,8.96875],"rotation":0,"texture":"#0","tintindex":0},"north":{"uv":[9.6875,8.25,9.8125,8.96875],"rotation":0,"texture":"#0","tintindex":0},"west":{"uv":[9.6875,8.25,9.8125,8.96875],"rotation":0,"texture":"#0","tintindex":0},"up":{"uv":[9.6875,8.25,9.8125,8.96875],"rotation":0,"texture":"#0","tintindex":0},"down":{"uv":[9.6875,8.25,9.8125,8.96875],"rotation":0,"texture":"#0","tintindex":0}}}],"display":{"head":{"translation":[0.0,-6.4,0.0],"scale":[4.0,4.0,4.0]}}}