{"textures":{"0":"modelengine:entity/reaperfinished"},"elements":[{"from":[7.6168847,6.111747,7.5689955],"to":[8.239447,7.8998528,8.215503],"rotation":{"angle":0.0,"axis":"y","origin":[7.4253273,4.4997044,8.0]},"faces":{"east":{"uv":[9.6875,8.25,9.8125,8.96875],"rotation":180,"texture":"#0","tintindex":0},"south":{"uv":[9.6875,8.25,9.8125,8.96875],"rotation":180,"texture":"#0","tintindex":0},"north":{"uv":[9.6875,8.25,9.8125,8.96875],"rotation":180,"texture":"#0","tintindex":0},"west":{"uv":[9.6875,8.25,9.8125,8.96875],"rotation":180,"texture":"#0","tintindex":0},"up":{"uv":[9.6875,8.25,9.8125,8.96875],"rotation":180,"texture":"#0","tintindex":0},"down":{"uv":[9.6875,8.25,9.8125,8.96875],"rotation":180,"texture":"#0","tintindex":0}}}],"display":{"head":{"translation":[0.0,-6.4,0.0],"scale":[4.0,4.0,4.0]}}}