{"textures":{"0":"modelengine:entity/reaperfinished"},"elements":[{"from":[7.7485805,6.4670024,7.9840055],"to":[8.227475,7.8205824,8.486844],"rotation":{"angle":0.0,"axis":"y","origin":[7.485189,6.2275553,8.343176]},"faces":{"east":{"uv":[11.75,8.0,11.875,8.9125],"rotation":0,"texture":"#0","tintindex":0},"south":{"uv":[11.75,8.0,11.875,8.9125],"rotation":0,"texture":"#0","tintindex":0},"north":{"uv":[11.75,8.0,11.875,8.9125],"rotation":0,"texture":"#0","tintindex":0},"west":{"uv":[11.75,8.0,11.875,8.9125],"rotation":0,"texture":"#0","tintindex":0},"up":{"uv":[11.75,8.0,11.875,8.9125],"rotation":0,"texture":"#0","tintindex":0},"down":{"uv":[11.75,8.0,11.875,8.9125],"rotation":0,"texture":"#0","tintindex":0}}},{"from":[7.724636,4.4795923,7.9361157],"to":[8.299309,6.4670024,8.534734],"rotation":{"angle":0.0,"axis":"y","origin":[7.485189,6.3951683,8.343176]},"faces":{"east":{"uv":[11.75,8.0,11.875,8.9375],"rotation":180,"texture":"#0","tintindex":0},"south":{"uv":[11.75,8.0,11.875,8.9375],"rotation":180,"texture":"#0","tintindex":0},"north":{"uv":[11.75,8.0,11.875,8.9375],"rotation":180,"texture":"#0","tintindex":0},"west":{"uv":[11.75,8.0,11.875,8.9375],"rotation":180,"texture":"#0","tintindex":0},"up":{"uv":[11.75,8.0,11.875,8.9375],"rotation":180,"texture":"#0","tintindex":0},"down":{"uv":[11.75,8.0,11.875,8.9375],"rotation":180,"texture":"#0","tintindex":0}}}],"display":{"head":{"translation":[0.0,-6.4,0.0],"scale":[4.0,4.0,4.0]}}}