{"textures":{"0":"modelengine:entity/reaperfinished"},"elements":[{"from":[7.855291,7.994287,10.6342325],"to":[8.070793,8.257679,12.765311],"rotation":{"angle":0.0,"axis":"y","origin":[6.873558,12.28039,5.0191994]},"faces":{"east":{"uv":[9.63125,2.15,9.95,2.2375],"rotation":0,"texture":"#0","tintindex":0},"south":{"uv":[9.63125,2.15,9.95,2.2375],"rotation":0,"texture":"#0","tintindex":0},"north":{"uv":[9.63125,2.15,9.95,2.2375],"rotation":0,"texture":"#0","tintindex":0},"west":{"uv":[9.63125,2.15,9.95,2.2375],"rotation":0,"texture":"#0","tintindex":0},"up":{"uv":[9.63125,2.15,9.95,2.2375],"rotation":0,"texture":"#0","tintindex":0},"down":{"uv":[9.63125,2.15,9.95,2.2375],"rotation":0,"texture":"#0","tintindex":0}}},{"from":[7.8792357,8.018232,4.6480565],"to":[8.046848,8.233734,10.921569],"rotation":{"angle":0.0,"axis":"y","origin":[6.873558,12.28039,5.0191994]},"faces":{"east":{"uv":[9.63125,2.15,9.95,2.2375],"rotation":0,"texture":"#0","tintindex":0},"south":{"uv":[9.63125,2.15,9.95,2.2375],"rotation":0,"texture":"#0","tintindex":0},"north":{"uv":[9.63125,2.15,9.95,2.2375],"rotation":0,"texture":"#0","tintindex":0},"west":{"uv":[9.63125,2.15,9.95,2.2375],"rotation":0,"texture":"#0","tintindex":0},"up":{"uv":[9.63125,2.15,9.95,2.2375],"rotation":0,"texture":"#0","tintindex":0},"down":{"uv":[9.63125,2.15,9.95,2.2375],"rotation":0,"texture":"#0","tintindex":0}}},{"from":[7.855291,7.994287,0.09856272],"to":[8.070793,8.257679,5.8692365],"rotation":{"angle":0.0,"axis":"y","origin":[6.873558,12.28039,5.0191994]},"faces":{"east":{"uv":[9.63125,2.15,9.95,2.2375],"rotation":0,"texture":"#0","tintindex":0},"south":{"uv":[9.63125,2.15,9.95,2.2375],"rotation":0,"texture":"#0","tintindex":0},"north":{"uv":[9.63125,2.15,9.95,2.2375],"rotation":0,"texture":"#0","tintindex":0},"west":{"uv":[9.63125,2.15,9.95,2.2375],"rotation":0,"texture":"#0","tintindex":0},"up":{"uv":[9.63125,2.15,9.95,2.2375],"rotation":0,"texture":"#0","tintindex":0},"down":{"uv":[9.63125,2.15,9.95,2.2375],"rotation":0,"texture":"#0","tintindex":0}}},{"from":[7.95107,7.8745637,-3.349475],"to":[7.95107,8.377402,0.09856272],"rotation":{"angle":-22.5,"axis":"z","origin":[7.95107,8.119997,-1.6254559]},"faces":{"east":{"uv":[10.9375,0.875,11.84375,1.125],"rotation":0,"texture":"#0","tintindex":0},"south":{"uv":[8.0,0.0,8.0,0.25],"rotation":0,"texture":"#0","tintindex":0},"north":{"uv":[8.0,0.0,8.0,0.25],"rotation":0,"texture":"#0","tintindex":0},"west":{"uv":[10.9375,0.875,11.84375,1.125],"rotation":0,"texture":"#0","tintindex":0},"up":{"uv":[8.0,1.8125,8.0,0.0],"rotation":0,"texture":"#0","tintindex":0},"down":{"uv":[8.0,0.0,8.0,1.8125],"rotation":0,"texture":"#0","tintindex":0}}},{"from":[7.7355676,8.114011,-3.349475],"to":[8.166573,8.114011,0.09856272],"rotation":{"angle":-22.5,"axis":"z","origin":[7.95107,8.119997,-1.6254559]},"faces":{"east":{"uv":[8.0,0.0,8.90625,0.0],"rotation":0,"texture":"#0","tintindex":0},"south":{"uv":[8.0,0.0,8.109375,0.0],"rotation":0,"texture":"#0","tintindex":0},"north":{"uv":[8.0,0.0,8.109375,0.0],"rotation":0,"texture":"#0","tintindex":0},"west":{"uv":[8.0,0.0,8.90625,0.0],"rotation":0,"texture":"#0","tintindex":0},"up":{"uv":[10.9375,0.875,11.84375,1.1375],"rotation":90,"texture":"#0","tintindex":0},"down":{"uv":[10.9375,0.875,11.84375,1.1375],"rotation":90,"texture":"#0","tintindex":0}}},{"from":[7.95107,3.396904,0.19434166],"to":[7.95107,9.981698,3.4747658],"rotation":{"angle":0.0,"axis":"y","origin":[6.873558,12.28039,5.0191994]},"faces":{"east":{"uv":[0.0,0.0,8.0,5.5],"rotation":90,"texture":"#0","tintindex":0},"south":{"uv":[1.5625,6.25,1.6875,6.9375],"rotation":0,"texture":"#0","tintindex":0},"north":{"uv":[1.4375,6.25,1.5625,6.9375],"rotation":0,"texture":"#0","tintindex":0},"west":{"uv":[0.0,7.34375,8.0,12.84375],"rotation":270,"texture":"#0","tintindex":0},"up":{"uv":[2.5,4.5,2.375,4.375],"rotation":0,"texture":"#0","tintindex":0},"down":{"uv":[3.0,3.25,2.875,3.375],"rotation":0,"texture":"#0","tintindex":0}}}],"display":{"head":{"translation":[0.0,-6.4,0.0],"scale":[4.0,4.0,4.0]}}}