{"textures":{"0":"modelengine:entity/reaperfinished"},"elements":[{"from":[7.928884,8.066987,7.823767],"to":[8.049565,8.161808,7.970309],"rotation":{"angle":0.0,"axis":"y","origin":[8.45471,4.2013535,9.114865]},"faces":{"east":{"uv":[12.625,2.625,12.65625,2.6875],"rotation":0,"texture":"#0","tintindex":0},"south":{"uv":[12.625,2.625,12.65625,2.6875],"rotation":0,"texture":"#0","tintindex":0},"north":{"uv":[12.625,2.625,12.65625,2.6875],"rotation":0,"texture":"#0","tintindex":0},"west":{"uv":[12.625,2.625,12.65625,2.6875],"rotation":0,"texture":"#0","tintindex":0},"up":{"uv":[12.625,2.625,12.65625,2.6875],"rotation":0,"texture":"#0","tintindex":0},"down":{"uv":[12.625,2.625,12.65625,2.6875],"rotation":0,"texture":"#0","tintindex":0}}},{"from":[7.9547443,8.066987,7.7117057],"to":[8.066806,8.161808,7.823767],"rotation":{"angle":0.0,"axis":"y","origin":[8.45471,4.2013535,9.114865]},"faces":{"east":{"uv":[12.625,2.25,12.65625,2.3125],"rotation":0,"texture":"#0","tintindex":0},"south":{"uv":[12.625,2.25,12.65625,2.3125],"rotation":0,"texture":"#0","tintindex":0},"north":{"uv":[12.625,2.25,12.65625,2.3125],"rotation":0,"texture":"#0","tintindex":0},"west":{"uv":[12.625,2.25,12.65625,2.3125],"rotation":0,"texture":"#0","tintindex":0},"up":{"uv":[12.625,2.25,12.65625,2.3125],"rotation":0,"texture":"#0","tintindex":0},"down":{"uv":[12.625,2.25,12.65625,2.3125],"rotation":0,"texture":"#0","tintindex":0}}},{"from":[7.928884,7.9003315,7.823767],"to":[8.049565,8.003773,7.970309],"rotation":{"angle":0.0,"axis":"y","origin":[8.45471,4.2013535,9.114865]},"faces":{"east":{"uv":[12.625,4.875,12.65625,4.9375],"rotation":0,"texture":"#0","tintindex":0},"south":{"uv":[12.625,4.875,12.65625,4.9375],"rotation":0,"texture":"#0","tintindex":0},"north":{"uv":[12.625,4.875,12.65625,4.9375],"rotation":0,"texture":"#0","tintindex":0},"west":{"uv":[12.625,4.875,12.65625,4.9375],"rotation":0,"texture":"#0","tintindex":0},"up":{"uv":[12.625,4.875,12.65625,4.9375],"rotation":0,"texture":"#0","tintindex":0},"down":{"uv":[12.625,4.875,12.65625,4.9375],"rotation":0,"texture":"#0","tintindex":0}}},{"from":[7.9547443,7.9003315,7.7117057],"to":[8.066806,8.003773,7.823767],"rotation":{"angle":0.0,"axis":"y","origin":[8.45471,4.2013535,9.114865]},"faces":{"east":{"uv":[12.625,5.25,12.65625,5.3125],"rotation":0,"texture":"#0","tintindex":0},"south":{"uv":[12.625,5.25,12.65625,5.3125],"rotation":0,"texture":"#0","tintindex":0},"north":{"uv":[12.625,5.25,12.65625,5.3125],"rotation":0,"texture":"#0","tintindex":0},"west":{"uv":[12.625,5.25,12.65625,5.3125],"rotation":0,"texture":"#0","tintindex":0},"up":{"uv":[12.625,5.25,12.65625,5.3125],"rotation":0,"texture":"#0","tintindex":0},"down":{"uv":[12.625,5.25,12.65625,5.3125],"rotation":0,"texture":"#0","tintindex":0}}},{"from":[7.928884,7.7164364,7.823767],"to":[8.049565,7.8371177,7.970309],"rotation":{"angle":0.0,"axis":"y","origin":[8.45471,4.2013535,9.114865]},"faces":{"east":{"uv":[12.625,3.375,12.65625,3.4375],"rotation":0,"texture":"#0","tintindex":0},"south":{"uv":[12.625,3.375,12.65625,3.4375],"rotation":0,"texture":"#0","tintindex":0},"north":{"uv":[12.625,3.375,12.65625,3.4375],"rotation":0,"texture":"#0","tintindex":0},"west":{"uv":[12.625,3.375,12.65625,3.4375],"rotation":0,"texture":"#0","tintindex":0},"up":{"uv":[12.625,3.375,12.65625,3.4375],"rotation":0,"texture":"#0","tintindex":0},"down":{"uv":[12.625,3.375,12.65625,3.4375],"rotation":0,"texture":"#0","tintindex":0}}},{"from":[7.9547443,7.7164364,7.7117057],"to":[8.066806,7.8371177,7.823767],"rotation":{"angle":0.0,"axis":"y","origin":[8.45471,4.2013535,9.114865]},"faces":{"east":{"uv":[12.625,3.75,12.65625,3.8125],"rotation":0,"texture":"#0","tintindex":0},"south":{"uv":[12.625,3.75,12.65625,3.8125],"rotation":0,"texture":"#0","tintindex":0},"north":{"uv":[12.625,3.75,12.65625,3.8125],"rotation":0,"texture":"#0","tintindex":0},"west":{"uv":[12.625,3.75,12.65625,3.8125],"rotation":0,"texture":"#0","tintindex":0},"up":{"uv":[12.625,3.75,12.65625,3.8125],"rotation":0,"texture":"#0","tintindex":0},"down":{"uv":[12.625,3.75,12.65625,3.8125],"rotation":0,"texture":"#0","tintindex":0}}}],"display":{"head":{"translation":[0.0,-6.4,0.0],"scale":[4.0,4.0,4.0]}}}