{"textures":{"0":"modelengine:entity/reaperfinished"},"elements":[{"from":[7.1138263,7.870161,7.6493773],"to":[7.2431273,8.025323,8.002801],"rotation":{"angle":22.5,"axis":"y","origin":[7.5209355,8.044718,5.872606]},"faces":{"east":{"uv":[12.625,0.5,12.734375,0.53125],"rotation":0,"texture":"#0","tintindex":0},"south":{"uv":[12.625,0.5,12.734375,0.53125],"rotation":0,"texture":"#0","tintindex":0},"north":{"uv":[12.625,0.5,12.734375,0.53125],"rotation":0,"texture":"#0","tintindex":0},"west":{"uv":[12.625,0.5,12.734375,0.53125],"rotation":0,"texture":"#0","tintindex":0},"up":{"uv":[12.625,0.5,12.734375,0.53125],"rotation":0,"texture":"#0","tintindex":0},"down":{"uv":[12.625,0.5,12.734375,0.53125],"rotation":0,"texture":"#0","tintindex":0}}}],"display":{"head":{"translation":[0.0,-6.4,0.0],"scale":[4.0,4.0,4.0]}}}