{"textures":{"0":"modelengine:entity/reaperfinished"},"elements":[{"from":[7.760553,7.9836593,7.7485805],"to":[8.239447,8.630166,8.251419],"rotation":{"angle":0.0,"axis":"y","origin":[7.976055,8.067466,7.4971614]},"faces":{"east":{"uv":[10.5625,8.875,10.6875,9.21875],"rotation":0,"texture":"#0","tintindex":0},"south":{"uv":[10.5625,8.875,10.6875,9.21875],"rotation":0,"texture":"#0","tintindex":0},"north":{"uv":[10.5625,8.875,10.6875,9.21875],"rotation":0,"texture":"#0","tintindex":0},"west":{"uv":[10.5625,8.875,10.6875,9.21875],"rotation":0,"texture":"#0","tintindex":0},"up":{"uv":[10.5625,8.875,10.6875,9.21875],"rotation":0,"texture":"#0","tintindex":0},"down":{"uv":[10.5625,8.875,10.6875,9.21875],"rotation":0,"texture":"#0","tintindex":0}}}],"display":{"head":{"translation":[0.0,-6.4,0.0],"scale":[4.0,4.0,4.0]}}}