{"textures":{"0":"modelengine:entity/reaperfinished"},"elements":[{"from":[7.092611,7.5913687,7.5761786],"to":[8.289846,8.333654,8.462132],"rotation":{"angle":-22.5,"axis":"z","origin":[8.696906,7.5195346,7.9832387]},"faces":{"east":{"uv":[12.125,7.5,12.359375,7.875],"rotation":0,"texture":"#0","tintindex":0},"south":{"uv":[10.9375,8.0,11.175,8.375],"rotation":0,"texture":"#0","tintindex":0},"north":{"uv":[10.9375,8.0,11.175,8.375],"rotation":0,"texture":"#0","tintindex":0},"west":{"uv":[12.125,7.5,12.359375,7.875],"rotation":0,"texture":"#0","tintindex":0},"up":{"uv":[12.0,2.71875,11.6875,2.25],"rotation":0,"texture":"#0","tintindex":0},"down":{"uv":[14.9375,8.25,14.625,8.71875],"rotation":0,"texture":"#0","tintindex":0}}},{"from":[7.8121448,6.7458296,7.8156257],"to":[8.219205,7.799397,8.222686],"rotation":{"angle":0.0,"axis":"y","origin":[6.9261904,7.440226,8.138879]},"faces":{"east":{"uv":[10.0625,8.75,10.171875,9.3125],"rotation":0,"texture":"#0","tintindex":0},"south":{"uv":[10.0625,8.75,10.171875,9.3125],"rotation":0,"texture":"#0","tintindex":0},"north":{"uv":[10.0625,8.75,10.171875,9.3125],"rotation":0,"texture":"#0","tintindex":0},"west":{"uv":[10.0625,8.75,10.171875,9.3125],"rotation":0,"texture":"#0","tintindex":0},"up":{"uv":[10.0625,8.75,10.171875,9.3125],"rotation":0,"texture":"#0","tintindex":0},"down":{"uv":[10.0625,8.75,10.171875,9.3125],"rotation":0,"texture":"#0","tintindex":0}}},{"from":[7.7642555,7.799397,7.6001234],"to":[8.267094,8.158567,8.438189],"rotation":{"angle":0.0,"axis":"y","origin":[6.9261904,7.392337,8.138879]},"faces":{"east":{"uv":[10.0625,8.75,10.16875,8.9375],"rotation":0,"texture":"#0","tintindex":0},"south":{"uv":[10.0625,8.75,10.16875,8.9375],"rotation":0,"texture":"#0","tintindex":0},"north":{"uv":[10.0625,8.75,10.16875,8.9375],"rotation":0,"texture":"#0","tintindex":0},"west":{"uv":[10.0625,8.75,10.16875,8.9375],"rotation":0,"texture":"#0","tintindex":0},"up":{"uv":[10.0625,8.75,10.16875,8.9375],"rotation":0,"texture":"#0","tintindex":0},"down":{"uv":[10.0625,8.75,10.16875,8.9375],"rotation":0,"texture":"#0","tintindex":0}}}],"display":{"head":{"translation":[0.0,-6.4,0.0],"scale":[4.0,4.0,4.0]}}}