{"textures":{"0":"modelengine:entity/reaperfinished"},"elements":[{"from":[7.447282,7.9425054,7.5761786],"to":[8.644517,8.684791,8.462132],"rotation":{"angle":22.5,"axis":"z","origin":[8.045899,8.313648,7.9832387]},"faces":{"east":{"uv":[12.125,7.5,12.359375,7.875],"rotation":0,"texture":"#0","tintindex":0},"south":{"uv":[12.71875,8.0,13.03125,8.375],"rotation":0,"texture":"#0","tintindex":0},"north":{"uv":[12.71875,8.0,13.03125,8.375],"rotation":0,"texture":"#0","tintindex":0},"west":{"uv":[12.125,7.5,12.359375,7.875],"rotation":0,"texture":"#0","tintindex":0},"up":{"uv":[12.0,2.71875,11.6875,2.25],"rotation":0,"texture":"#0","tintindex":0},"down":{"uv":[12.0,3.75,11.6875,4.21875],"rotation":0,"texture":"#0","tintindex":0}}},{"from":[7.737106,7.7993965,7.6001234],"to":[8.239944,8.158567,8.438189],"rotation":{"angle":0.0,"axis":"y","origin":[9.054065,7.392337,8.138879]},"faces":{"east":{"uv":[10.0625,8.75,10.16875,8.9375],"rotation":0,"texture":"#0","tintindex":0},"south":{"uv":[10.0625,8.75,10.16875,8.9375],"rotation":0,"texture":"#0","tintindex":0},"north":{"uv":[10.0625,8.75,10.16875,8.9375],"rotation":0,"texture":"#0","tintindex":0},"west":{"uv":[10.0625,8.75,10.16875,8.9375],"rotation":0,"texture":"#0","tintindex":0},"up":{"uv":[10.0625,8.75,10.16875,8.9375],"rotation":0,"texture":"#0","tintindex":0},"down":{"uv":[10.0625,8.75,10.16875,8.9375],"rotation":0,"texture":"#0","tintindex":0}}},{"from":[7.784995,6.7458296,7.8156257],"to":[8.192055,7.799397,8.222686],"rotation":{"angle":0.0,"axis":"y","origin":[9.054065,7.440226,8.138879]},"faces":{"east":{"uv":[10.0625,8.75,10.171875,9.3125],"rotation":0,"texture":"#0","tintindex":0},"south":{"uv":[10.0625,8.75,10.171875,9.3125],"rotation":0,"texture":"#0","tintindex":0},"north":{"uv":[10.0625,8.75,10.171875,9.3125],"rotation":0,"texture":"#0","tintindex":0},"west":{"uv":[10.0625,8.75,10.171875,9.3125],"rotation":0,"texture":"#0","tintindex":0},"up":{"uv":[10.0625,8.75,10.171875,9.3125],"rotation":0,"texture":"#0","tintindex":0},"down":{"uv":[10.0625,8.75,10.171875,9.3125],"rotation":0,"texture":"#0","tintindex":0}}}],"display":{"head":{"translation":[0.0,-6.4,0.0],"scale":[4.0,4.0,4.0]}}}