{"textures":{"0":"modelengine:entity/reaperfinished"},"elements":[{"from":[7.6682005,8.068618,7.2268753],"to":[8.338652,8.69118,8.06494],"rotation":{"angle":0.0,"axis":"y","origin":[7.9794817,7.9010053,7.310682]},"faces":{"east":{"uv":[11.0,8.375,11.21875,8.75],"rotation":0,"texture":"#0","tintindex":0},"south":{"uv":[10.5625,8.5,10.734375,8.875],"rotation":0,"texture":"#0","tintindex":0},"north":{"uv":[12.25,3.25,12.421875,3.625],"rotation":0,"texture":"#0","tintindex":0},"west":{"uv":[12.25,0.0,12.46875,0.375],"rotation":0,"texture":"#0","tintindex":0},"up":{"uv":[12.421875,2.0625,12.25,1.625],"rotation":0,"texture":"#0","tintindex":0},"down":{"uv":[12.421875,2.125,12.25,2.5625],"rotation":0,"texture":"#0","tintindex":0}}},{"from":[7.380864,7.9488945,8.184664],"to":[8.625989,9.098241,8.184664],"rotation":{"angle":0.0,"axis":"y","origin":[7.859758,8.523567,8.184664]},"faces":{"east":{"uv":[8.0,0.0,8.0,0.59375],"rotation":0,"texture":"#0","tintindex":0},"south":{"uv":[11.375,4.125,11.65625,4.71875],"rotation":0,"texture":"#0","tintindex":0},"north":{"uv":[11.375,4.125,11.65625,4.71875],"rotation":0,"texture":"#0","tintindex":0},"west":{"uv":[8.0,0.0,8.0,0.59375],"rotation":0,"texture":"#0","tintindex":0},"up":{"uv":[8.28125,0.0,8.0,0.0],"rotation":0,"texture":"#0","tintindex":0},"down":{"uv":[8.28125,0.0,8.0,0.0],"rotation":0,"texture":"#0","tintindex":0}}},{"from":[7.9794817,8.092563,8.184664],"to":[7.9794817,8.954573,8.903005],"rotation":{"angle":-45.0,"axis":"z","origin":[7.9794817,8.523567,8.42411]},"faces":{"east":{"uv":[12.375,5.25,12.5,5.6875],"rotation":0,"texture":"#0","tintindex":0},"south":{"uv":[8.0,0.0,8.0,0.4375],"rotation":0,"texture":"#0","tintindex":0},"north":{"uv":[8.0,0.0,8.0,0.4375],"rotation":0,"texture":"#0","tintindex":0},"west":{"uv":[12.375,5.75,12.5,6.1875],"rotation":0,"texture":"#0","tintindex":0},"up":{"uv":[8.0,0.25,8.0,0.0],"rotation":0,"texture":"#0","tintindex":0},"down":{"uv":[8.0,0.0,8.0,0.25],"rotation":0,"texture":"#0","tintindex":0}}},{"from":[7.9794817,8.092563,8.184664],"to":[7.9794817,8.954573,8.903005],"rotation":{"angle":45.0,"axis":"z","origin":[7.9794817,8.523567,8.42411]},"faces":{"east":{"uv":[12.375,5.25,12.5,5.6875],"rotation":0,"texture":"#0","tintindex":0},"south":{"uv":[8.0,0.0,8.0,0.4375],"rotation":0,"texture":"#0","tintindex":0},"north":{"uv":[8.0,0.0,8.0,0.4375],"rotation":0,"texture":"#0","tintindex":0},"west":{"uv":[12.375,5.75,12.5,6.1875],"rotation":0,"texture":"#0","tintindex":0},"up":{"uv":[8.0,0.25,8.0,0.0],"rotation":0,"texture":"#0","tintindex":0},"down":{"uv":[8.0,0.0,8.0,0.25],"rotation":0,"texture":"#0","tintindex":0}}},{"from":[7.380864,7.0868855,8.352277],"to":[8.625989,8.212286,8.352277],"rotation":{"angle":-22.5,"axis":"x","origin":[7.859758,7.793254,8.208609]},"faces":{"east":{"uv":[8.0,0.0,8.0,0.5],"rotation":0,"texture":"#0","tintindex":0},"south":{"uv":[9.3125,7.0,9.640625,7.5],"rotation":0,"texture":"#0","tintindex":0},"north":{"uv":[9.3125,7.0,9.640625,7.5],"rotation":0,"texture":"#0","tintindex":0},"west":{"uv":[8.0,0.0,8.0,0.5],"rotation":0,"texture":"#0","tintindex":0},"up":{"uv":[8.328125,0.0,8.0,0.0],"rotation":0,"texture":"#0","tintindex":0},"down":{"uv":[8.328125,0.0,8.0,0.0],"rotation":0,"texture":"#0","tintindex":0}}},{"from":[8.027371,7.2305536,8.352277],"to":[8.027371,8.116508,9.070618],"rotation":{"angle":-22.5,"axis":"x","origin":[8.003427,7.793254,8.208609]},"faces":{"east":{"uv":[10.25,8.25,10.4375,8.71875],"rotation":180,"texture":"#0","tintindex":0},"south":{"uv":[8.0,0.0,8.0,0.46875],"rotation":0,"texture":"#0","tintindex":0},"north":{"uv":[8.0,0.0,8.0,0.46875],"rotation":0,"texture":"#0","tintindex":0},"west":{"uv":[10.25,8.25,10.4375,8.71875],"rotation":0,"texture":"#0","tintindex":0},"up":{"uv":[8.0,0.375,8.0,0.0],"rotation":0,"texture":"#0","tintindex":0},"down":{"uv":[8.0,0.0,8.0,0.375],"rotation":0,"texture":"#0","tintindex":0}}},{"from":[7.382164,7.0775633,7.089986],"to":[7.382164,8.226909,8.1914425],"rotation":{"angle":-22.5,"axis":"x","origin":[9.058293,8.095213,7.640714]},"faces":{"east":{"uv":[11.375,2.875,11.65625,3.46875],"rotation":0,"texture":"#0","tintindex":0},"south":{"uv":[8.0,0.0,8.0,0.59375],"rotation":0,"texture":"#0","tintindex":0},"north":{"uv":[8.0,0.0,8.0,0.59375],"rotation":0,"texture":"#0","tintindex":0},"west":{"uv":[11.375,2.875,11.65625,3.46875],"rotation":0,"texture":"#0","tintindex":0},"up":{"uv":[8.0,0.5625,8.0,0.0],"rotation":0,"texture":"#0","tintindex":0},"down":{"uv":[8.0,0.0,8.0,0.5625],"rotation":0,"texture":"#0","tintindex":0}}},{"from":[7.592178,8.96519,7.0815096],"to":[8.071073,8.96519,8.182966],"rotation":{"angle":45.0,"axis":"z","origin":[7.831625,8.96519,7.632238]},"faces":{"east":{"uv":[8.0,0.0,8.28125,0.0],"rotation":0,"texture":"#0","tintindex":0},"south":{"uv":[8.0,0.0,8.125,0.0],"rotation":0,"texture":"#0","tintindex":0},"north":{"uv":[8.0,0.0,8.125,0.0],"rotation":0,"texture":"#0","tintindex":0},"west":{"uv":[11.375,2.875,11.65625,3.46875],"rotation":0,"texture":"#0","tintindex":0},"up":{"uv":[11.44375,2.9625,11.63125,3.46875],"rotation":0,"texture":"#0","tintindex":0},"down":{"uv":[10.5625,8.5,10.4375,9.0625],"rotation":0,"texture":"#0","tintindex":0}}},{"from":[7.8954024,8.880532,7.0815096],"to":[8.374296,8.880532,8.182966],"rotation":{"angle":-45.0,"axis":"z","origin":[8.254573,8.880532,7.632238]},"faces":{"east":{"uv":[8.0,0.0,8.28125,0.0],"rotation":0,"texture":"#0","tintindex":0},"south":{"uv":[8.0,0.0,8.125,0.0],"rotation":0,"texture":"#0","tintindex":0},"north":{"uv":[8.0,0.0,8.125,0.0],"rotation":0,"texture":"#0","tintindex":0},"west":{"uv":[8.0,0.0,8.28125,0.0],"rotation":0,"texture":"#0","tintindex":0},"up":{"uv":[11.44375,2.9625,11.63125,3.46875],"rotation":0,"texture":"#0","tintindex":0},"down":{"uv":[12.375,2.625,12.25,3.1875],"rotation":0,"texture":"#0","tintindex":0}}},{"from":[8.618912,7.077483,7.089986],"to":[8.618912,8.226829,8.1914425],"rotation":{"angle":-22.5,"axis":"x","origin":[8.618912,8.095133,7.640714]},"faces":{"east":{"uv":[11.375,2.875,11.65625,3.46875],"rotation":0,"texture":"#0","tintindex":0},"south":{"uv":[8.0,0.0,8.0,0.59375],"rotation":0,"texture":"#0","tintindex":0},"north":{"uv":[8.0,0.0,8.0,0.59375],"rotation":0,"texture":"#0","tintindex":0},"west":{"uv":[11.375,2.875,11.65625,3.46875],"rotation":0,"texture":"#0","tintindex":0},"up":{"uv":[8.0,0.5625,8.0,0.0],"rotation":0,"texture":"#0","tintindex":0},"down":{"uv":[8.0,0.0,8.0,0.5625],"rotation":0,"texture":"#0","tintindex":0}}},{"from":[7.9794817,8.389088,7.0815096],"to":[8.458376,8.867982,7.0815096],"rotation":{"angle":45.0,"axis":"z","origin":[7.9076476,8.448949,7.2012334]},"faces":{"east":{"uv":[11.45,3.0375,11.58125,3.36875],"rotation":0,"texture":"#0","tintindex":0},"south":{"uv":[11.45,3.0375,11.58125,3.36875],"rotation":0,"texture":"#0","tintindex":0},"north":{"uv":[11.45,3.0375,11.58125,3.36875],"rotation":0,"texture":"#0","tintindex":0},"west":{"uv":[11.45,3.0375,11.58125,3.36875],"rotation":0,"texture":"#0","tintindex":0},"up":{"uv":[11.45,3.0375,11.58125,3.36875],"rotation":0,"texture":"#0","tintindex":0},"down":{"uv":[11.45,3.0375,11.58125,3.36875],"rotation":0,"texture":"#0","tintindex":0}}},{"from":[7.6921453,9.420139,7.4167356],"to":[8.314708,9.420139,8.590026],"rotation":{"angle":45.0,"axis":"x","origin":[7.7160897,8.96519,7.632238]},"faces":{"east":{"uv":[8.0,0.0,8.25,0.0],"rotation":0,"texture":"#0","tintindex":0},"south":{"uv":[8.0,0.0,8.125,0.0],"rotation":0,"texture":"#0","tintindex":0},"north":{"uv":[8.0,0.0,8.125,0.0],"rotation":0,"texture":"#0","tintindex":0},"west":{"uv":[8.0,0.0,8.25,0.0],"rotation":0,"texture":"#0","tintindex":0},"up":{"uv":[12.125,9.0,12.0,8.5],"rotation":0,"texture":"#0","tintindex":0},"down":{"uv":[12.125,9.0,12.0,8.5],"rotation":180,"texture":"#0","tintindex":0}}}],"display":{"head":{"translation":[0.0,-6.4,0.0],"scale":[4.0,4.0,4.0]}}}