{"textures":{"0":"modelengine:entity/reaperfinished"},"elements":[{"from":[7.760553,7.648433,7.7485805],"to":[8.239447,8.438608,8.251419],"rotation":{"angle":0.0,"axis":"y","origin":[7.976055,8.043521,7.904221]},"faces":{"east":{"uv":[8.5625,8.875,8.6875,9.28125],"rotation":0,"texture":"#0","tintindex":0},"south":{"uv":[8.5625,8.875,8.6875,9.28125],"rotation":0,"texture":"#0","tintindex":0},"north":{"uv":[8.5625,8.875,8.6875,9.28125],"rotation":0,"texture":"#0","tintindex":0},"west":{"uv":[8.5625,8.875,8.6875,9.28125],"rotation":0,"texture":"#0","tintindex":0},"up":{"uv":[8.5625,8.875,8.6875,9.28125],"rotation":0,"texture":"#0","tintindex":0},"down":{"uv":[8.5625,8.875,8.6875,9.28125],"rotation":0,"texture":"#0","tintindex":0}}}],"display":{"head":{"translation":[0.0,-6.4,0.0],"scale":[4.0,4.0,4.0]}}}