{"textures":{"0":"modelengine:entity/reaperfinished"},"elements":[{"from":[7.3774376,13.411503,7.4492717],"to":[8.862009,14.5129595,8.335226],"rotation":{"angle":0.0,"axis":"y","origin":[8.0,9.915576,8.0]},"faces":{"east":{"uv":[9.6875,6.4875,9.921875,7.0625],"rotation":90,"texture":"#0","tintindex":0},"south":{"uv":[9.6875,6.4875,9.921875,7.0625],"rotation":90,"texture":"#0","tintindex":0},"north":{"uv":[9.6875,6.4875,9.921875,7.0625],"rotation":90,"texture":"#0","tintindex":0},"west":{"uv":[9.6875,6.4875,9.921875,7.0625],"rotation":90,"texture":"#0","tintindex":0},"up":{"uv":[9.6875,6.4875,9.921875,7.0625],"rotation":90,"texture":"#0","tintindex":0},"down":{"uv":[9.6875,6.4875,9.921875,7.0625],"rotation":90,"texture":"#0","tintindex":0}}}],"display":{"head":{"translation":[0.0,-6.4,0.0],"scale":[4.0,4.0,4.0]}}}