{"textures":{"0":"modelengine:entity/minotaur"},"elements":[{"from":[5.3362284,-0.6203146,7.972063],"to":[10.663772,7.9922576,14.075834],"rotation":{"angle":0.0,"axis":"y","origin":[8.0,3.6859717,11.023949]},"faces":{"east":{"uv":[0.6875,5.8125,1.28125,6.75],"rotation":0,"texture":"#0","tintindex":0},"south":{"uv":[0.6875,5.8125,1.28125,6.75],"rotation":0,"texture":"#0","tintindex":0},"north":{"uv":[0.6875,5.8125,1.28125,6.75],"rotation":0,"texture":"#0","tintindex":0},"west":{"uv":[0.6875,5.8125,1.28125,6.75],"rotation":0,"texture":"#0","tintindex":0},"up":{"uv":[0.6875,5.8125,1.28125,6.75],"rotation":0,"texture":"#0","tintindex":0},"down":{"uv":[0.6875,5.8125,1.28125,6.75],"rotation":0,"texture":"#0","tintindex":0}}}],"display":{"head":{"translation":[0.0,-6.4,0.0],"scale":[4.0,4.0,4.0]}}}