{"textures":{"0":"modelengine:entity/minotaur"},"elements":[{"from":[5.194057,6.4693804,8.997433],"to":[11.0610285,9.857266,14.075376],"rotation":{"angle":-45.0,"axis":"x","origin":[8.0,5.979695,10.020306]},"faces":{"east":{"uv":[10.6875,5.125,11.34375,5.5],"rotation":0,"texture":"#0","tintindex":0},"south":{"uv":[10.6875,5.125,11.34375,5.5],"rotation":0,"texture":"#0","tintindex":0},"north":{"uv":[10.6875,5.125,11.34375,5.5],"rotation":0,"texture":"#0","tintindex":0},"west":{"uv":[10.6875,5.125,11.34375,5.5],"rotation":0,"texture":"#0","tintindex":0},"up":{"uv":[10.6875,5.125,11.34375,5.5],"rotation":0,"texture":"#0","tintindex":0},"down":{"uv":[10.6875,5.125,11.34375,5.5],"rotation":0,"texture":"#0","tintindex":0}}},{"from":[4.5138283,-0.88783646,7.698263],"to":[11.231086,7.615021,13.286378],"rotation":{"angle":0.0,"axis":"y","origin":[8.0,5.979695,10.020306]},"faces":{"east":{"uv":[3.4375,0.0,4.1875,0.9375],"rotation":0,"texture":"#0","tintindex":0},"south":{"uv":[3.4375,0.0,4.1875,0.9375],"rotation":0,"texture":"#0","tintindex":0},"north":{"uv":[3.4375,0.0,4.1875,0.9375],"rotation":0,"texture":"#0","tintindex":0},"west":{"uv":[3.4375,0.0,4.1875,0.9375],"rotation":0,"texture":"#0","tintindex":0},"up":{"uv":[3.4375,0.0,4.1875,0.9375],"rotation":0,"texture":"#0","tintindex":0},"down":{"uv":[3.4375,0.0,4.1875,0.9375],"rotation":0,"texture":"#0","tintindex":0}}}],"display":{"head":{"translation":[0.0,-6.4,0.0],"scale":[4.0,4.0,4.0]}}}