{"textures":{"0":"modelengine:entity/minotaur"},"elements":[{"from":[8.334857,4.0525713,8.827429],"to":[13.416,8.112,13.985144],"rotation":{"angle":0.0,"axis":"y","origin":[10.875429,6.082286,11.406286]},"faces":{"east":{"uv":[10.25,0.0,10.8125,0.4375],"rotation":0,"texture":"#0","tintindex":0},"south":{"uv":[10.375,6.6875,10.9375,7.125],"rotation":0,"texture":"#0","tintindex":0},"north":{"uv":[10.0625,1.875,10.625,2.3125],"rotation":0,"texture":"#0","tintindex":0},"west":{"uv":[10.375,9.25,10.9375,9.6875],"rotation":0,"texture":"#0","tintindex":0},"up":{"uv":[6.6875,9.875,6.125,9.3125],"rotation":0,"texture":"#0","tintindex":0},"down":{"uv":[9.9375,0.625,9.375,1.1875],"rotation":0,"texture":"#0","tintindex":0}}},{"from":[8.334857,2.1634283,9.177143],"to":[14.091429,7.265143,15.238857],"rotation":{"angle":0.0,"axis":"y","origin":[10.416143,3.9264283,11.882286]},"faces":{"east":{"uv":[5.625,8.375,6.28125,8.9375],"rotation":0,"texture":"#0","tintindex":0},"south":{"uv":[8.875,4.9375,9.5,5.5],"rotation":0,"texture":"#0","tintindex":0},"north":{"uv":[0.0,8.875,0.625,9.4375],"rotation":0,"texture":"#0","tintindex":0},"west":{"uv":[3.0,8.4375,3.65625,9.0],"rotation":0,"texture":"#0","tintindex":0},"up":{"uv":[7.0,8.53125,6.375,7.875],"rotation":0,"texture":"#0","tintindex":0},"down":{"uv":[2.125,7.9375,1.5,8.59375],"rotation":0,"texture":"#0","tintindex":0}}},{"from":[8.414857,9.654858,8.656],"to":[11.461715,10.882286,13.870857],"rotation":{"angle":0.0,"axis":"y","origin":[10.416143,3.9264283,11.882286]},"faces":{"east":{"uv":[12.0625,10.9375,12.625,11.0625],"rotation":0,"texture":"#0","tintindex":0},"south":{"uv":[9.5,12.4375,9.84375,12.5625],"rotation":0,"texture":"#0","tintindex":0},"north":{"uv":[6.25,12.4375,6.59375,12.5625],"rotation":0,"texture":"#0","tintindex":0},"west":{"uv":[12.125,3.1875,12.6875,3.3125],"rotation":0,"texture":"#0","tintindex":0},"up":{"uv":[11.65625,11.375,11.3125,10.8125],"rotation":0,"texture":"#0","tintindex":0},"down":{"uv":[11.78125,5.125,11.4375,5.6875],"rotation":0,"texture":"#0","tintindex":0}}},{"from":[7.944,-1.7451439,7.9954286],"to":[11.657143,2.6845713,15.704],"rotation":{"angle":0.0,"axis":"y","origin":[10.416143,3.9264283,11.882286]},"faces":{"east":{"uv":[2.5,7.875,3.34375,8.375],"rotation":0,"texture":"#0","tintindex":0},"south":{"uv":[11.3125,4.5625,11.71875,5.0625],"rotation":0,"texture":"#0","tintindex":0},"north":{"uv":[11.3125,4.5625,11.71875,5.0625],"rotation":0,"texture":"#0","tintindex":0},"west":{"uv":[3.4375,7.875,4.28125,8.375],"rotation":0,"texture":"#0","tintindex":0},"up":{"uv":[9.34375,9.78125,8.9375,8.9375],"rotation":0,"texture":"#0","tintindex":0},"down":{"uv":[6.03125,9.0,5.625,9.84375],"rotation":0,"texture":"#0","tintindex":0}}},{"from":[8.334857,-1.6571426,9.177143],"to":[13.090286,2.1634283,15.238857],"rotation":{"angle":0.0,"axis":"y","origin":[10.416143,3.9264283,11.882286]},"faces":{"east":{"uv":[9.9375,11.0,10.46875,11.40625],"rotation":0,"texture":"#0","tintindex":0},"south":{"uv":[9.9375,11.0,10.46875,11.40625],"rotation":0,"texture":"#0","tintindex":0},"north":{"uv":[9.9375,11.0,10.46875,11.40625],"rotation":0,"texture":"#0","tintindex":0},"west":{"uv":[5.5,9.9375,6.15625,10.34375],"rotation":0,"texture":"#0","tintindex":0},"up":{"uv":[8.15625,9.53125,7.625,8.875],"rotation":0,"texture":"#0","tintindex":0},"down":{"uv":[1.21875,8.9375,0.6875,9.59375],"rotation":0,"texture":"#0","tintindex":0}}},{"from":[9.914286,-2.1325521,14.831829],"to":[9.914286,5.0674477,21.4604],"rotation":{"angle":0.0,"axis":"y","origin":[9.914286,1.4674478,18.146114]},"faces":{"east":{"uv":[3.75,13.5,4.46875,14.6875],"rotation":0,"texture":"#0","tintindex":0},"south":{"uv":[5.0625,12.8125,5.0625,13.34375],"rotation":0,"texture":"#0","tintindex":0},"north":{"uv":[4.5,12.8125,4.5,13.34375],"rotation":0,"texture":"#0","tintindex":0},"west":{"uv":[6.0,13.5,6.71875,14.6875],"rotation":0,"texture":"#0","tintindex":0},"up":{"uv":[5.125,13.28125,5.125,12.8125],"rotation":0,"texture":"#0","tintindex":0},"down":{"uv":[5.1875,12.8125,5.1875,13.28125],"rotation":0,"texture":"#0","tintindex":0}}}],"display":{"head":{"translation":[0.0,-6.4,0.0],"scale":[4.0,4.0,4.0]}}}