{"textures":{"0":"modelengine:entity/minotaur"},"elements":[{"from":[7.127387,6.355328,6.7166476],"to":[9.527388,9.3839,9.745219],"rotation":{"angle":0.0,"axis":"y","origin":[5.63803,10.685715,6.6280227]},"faces":{"east":{"uv":[14.1875,6.875,14.45,7.20625],"rotation":0,"texture":"#0","tintindex":0},"south":{"uv":[14.1875,6.875,14.45,7.20625],"rotation":0,"texture":"#0","tintindex":0},"north":{"uv":[14.1875,6.875,14.45,7.20625],"rotation":0,"texture":"#0","tintindex":0},"west":{"uv":[14.1875,6.875,14.45,7.20625],"rotation":0,"texture":"#0","tintindex":0},"up":{"uv":[14.1875,6.875,14.45,7.20625],"rotation":0,"texture":"#0","tintindex":0},"down":{"uv":[14.1875,6.875,14.45,7.20625],"rotation":0,"texture":"#0","tintindex":0}}},{"from":[6.841673,6.526757,7.402362],"to":[9.813102,9.155329,9.630934],"rotation":{"angle":0.0,"axis":"y","origin":[5.63803,10.685715,6.6280227]},"faces":{"east":{"uv":[14.1875,6.875,14.5125,7.1625],"rotation":0,"texture":"#0","tintindex":0},"south":{"uv":[14.1875,6.875,14.5125,7.1625],"rotation":0,"texture":"#0","tintindex":0},"north":{"uv":[14.1875,6.875,14.5125,7.1625],"rotation":0,"texture":"#0","tintindex":0},"west":{"uv":[14.1875,6.875,14.5125,7.1625],"rotation":0,"texture":"#0","tintindex":0},"up":{"uv":[14.1875,6.875,14.5125,7.1625],"rotation":0,"texture":"#0","tintindex":0},"down":{"uv":[14.1875,6.875,14.5125,7.1625],"rotation":0,"texture":"#0","tintindex":0}}},{"from":[5.4702444,6.812471,6.830933],"to":[7.8702445,8.869614,9.630934],"rotation":{"angle":0.0,"axis":"y","origin":[5.63803,10.685715,6.6280227]},"faces":{"east":{"uv":[14.1875,6.875,14.45,7.1],"rotation":0,"texture":"#0","tintindex":0},"south":{"uv":[14.1875,6.875,14.45,7.1],"rotation":0,"texture":"#0","tintindex":0},"north":{"uv":[14.1875,6.875,14.45,7.1],"rotation":0,"texture":"#0","tintindex":0},"west":{"uv":[14.1875,6.875,14.45,7.1],"rotation":0,"texture":"#0","tintindex":0},"up":{"uv":[14.1875,6.875,14.45,7.1],"rotation":0,"texture":"#0","tintindex":0},"down":{"uv":[14.1875,6.875,14.45,7.1],"rotation":0,"texture":"#0","tintindex":0}}},{"from":[5.858184,7.828275,6.945219],"to":[8.258184,9.771132,9.402362],"rotation":{"angle":-45.0,"axis":"z","origin":[5.63803,10.685715,6.6280227]},"faces":{"east":{"uv":[14.1875,6.875,14.45,7.0875],"rotation":0,"texture":"#0","tintindex":0},"south":{"uv":[14.1875,6.875,14.45,7.0875],"rotation":0,"texture":"#0","tintindex":0},"north":{"uv":[14.1875,6.875,14.45,7.0875],"rotation":0,"texture":"#0","tintindex":0},"west":{"uv":[14.1875,6.875,14.45,7.0875],"rotation":0,"texture":"#0","tintindex":0},"up":{"uv":[14.1875,6.875,14.45,7.0875],"rotation":0,"texture":"#0","tintindex":0},"down":{"uv":[14.1875,6.875,14.45,7.0875],"rotation":0,"texture":"#0","tintindex":0}}},{"from":[3.7958717,8.509527,7.1166477],"to":[5.453015,11.252384,9.230933],"rotation":{"angle":0.0,"axis":"y","origin":[5.63803,10.685715,6.6280227]},"faces":{"east":{"uv":[14.1875,6.875,14.36875,7.175],"rotation":0,"texture":"#0","tintindex":0},"south":{"uv":[14.1875,6.875,14.36875,7.175],"rotation":0,"texture":"#0","tintindex":0},"north":{"uv":[14.1875,6.875,14.36875,7.175],"rotation":0,"texture":"#0","tintindex":0},"west":{"uv":[14.1875,6.875,14.36875,7.175],"rotation":0,"texture":"#0","tintindex":0},"up":{"uv":[14.1875,6.875,14.36875,7.175],"rotation":0,"texture":"#0","tintindex":0},"down":{"uv":[14.1875,6.875,14.36875,7.175],"rotation":0,"texture":"#0","tintindex":0}}},{"from":[3.8530145,10.160962,7.3406367],"to":[5.395872,12.389534,9.112065],"rotation":{"angle":-22.5,"axis":"x","origin":[5.63803,10.685715,6.6280227]},"faces":{"east":{"uv":[14.1875,6.875,14.35625,7.11875],"rotation":0,"texture":"#0","tintindex":0},"south":{"uv":[14.1875,6.875,14.35625,7.11875],"rotation":0,"texture":"#0","tintindex":0},"north":{"uv":[14.1875,6.875,14.35625,7.11875],"rotation":0,"texture":"#0","tintindex":0},"west":{"uv":[14.1875,6.875,14.35625,7.11875],"rotation":0,"texture":"#0","tintindex":0},"up":{"uv":[14.1875,6.875,14.35625,7.11875],"rotation":0,"texture":"#0","tintindex":0},"down":{"uv":[14.1875,6.875,14.35625,7.11875],"rotation":0,"texture":"#0","tintindex":0}}},{"from":[3.9673004,11.266882,7.742962],"to":[5.281586,13.609739,9.4001045],"rotation":{"angle":-45.0,"axis":"x","origin":[5.63803,10.685715,6.6280227]},"faces":{"east":{"uv":[14.1875,6.875,14.33125,7.13125],"rotation":0,"texture":"#0","tintindex":0},"south":{"uv":[14.1875,6.875,14.33125,7.13125],"rotation":0,"texture":"#0","tintindex":0},"north":{"uv":[14.1875,6.875,14.33125,7.13125],"rotation":0,"texture":"#0","tintindex":0},"west":{"uv":[14.1875,6.875,14.33125,7.13125],"rotation":0,"texture":"#0","tintindex":0},"up":{"uv":[14.1875,6.875,14.33125,7.13125],"rotation":0,"texture":"#0","tintindex":0},"down":{"uv":[14.1875,6.875,14.33125,7.13125],"rotation":0,"texture":"#0","tintindex":0}}},{"from":[4.0244436,13.456327,3.9491544],"to":[5.2244434,14.656327,6.520583],"rotation":{"angle":0.0,"axis":"y","origin":[5.63803,10.685715,6.6280227]},"faces":{"east":{"uv":[14.1875,6.875,14.31875,7.00625],"rotation":0,"texture":"#0","tintindex":0},"south":{"uv":[14.1875,6.875,14.31875,7.00625],"rotation":0,"texture":"#0","tintindex":0},"north":{"uv":[14.1875,6.875,14.31875,7.00625],"rotation":0,"texture":"#0","tintindex":0},"west":{"uv":[14.1875,6.875,14.31875,7.00625],"rotation":0,"texture":"#0","tintindex":0},"up":{"uv":[14.1875,6.875,14.31875,7.00625],"rotation":0,"texture":"#0","tintindex":0},"down":{"uv":[14.1875,6.875,14.31875,7.00625],"rotation":0,"texture":"#0","tintindex":0}}},{"from":[4.081586,14.301893,4.969995],"to":[5.1673,15.273321,7.541424],"rotation":{"angle":-45.0,"axis":"x","origin":[5.63803,10.685715,6.6280227]},"faces":{"east":{"uv":[14.1875,6.875,14.30625,6.98125],"rotation":0,"texture":"#0","tintindex":0},"south":{"uv":[14.1875,6.875,14.30625,6.98125],"rotation":0,"texture":"#0","tintindex":0},"north":{"uv":[14.1875,6.875,14.30625,6.98125],"rotation":0,"texture":"#0","tintindex":0},"west":{"uv":[14.1875,6.875,14.30625,6.98125],"rotation":0,"texture":"#0","tintindex":0},"up":{"uv":[14.1875,6.875,14.30625,6.98125],"rotation":0,"texture":"#0","tintindex":0},"down":{"uv":[14.1875,6.875,14.30625,6.98125],"rotation":0,"texture":"#0","tintindex":0}}},{"from":[4.138729,12.070337,0.32716656],"to":[5.110158,13.041765,2.8985953],"rotation":{"angle":0.0,"axis":"y","origin":[5.63803,10.685715,6.6280227]},"faces":{"east":{"uv":[14.1875,6.875,14.29375,6.98125],"rotation":0,"texture":"#0","tintindex":0},"south":{"uv":[14.1875,6.875,14.29375,6.98125],"rotation":0,"texture":"#0","tintindex":0},"north":{"uv":[14.1875,6.875,14.29375,6.98125],"rotation":0,"texture":"#0","tintindex":0},"west":{"uv":[14.1875,6.875,14.29375,6.98125],"rotation":0,"texture":"#0","tintindex":0},"up":{"uv":[14.1875,6.875,14.29375,6.98125],"rotation":0,"texture":"#0","tintindex":0},"down":{"uv":[14.1875,6.875,14.29375,6.98125],"rotation":0,"texture":"#0","tintindex":0}}}],"display":{"head":{"translation":[0.0,-6.4,0.0],"scale":[4.0,4.0,4.0]}}}