{"textures":{"0":"modelengine:entity/minotaur"},"elements":[{"from":[5.3375998,0.11870432,6.4609523],"to":[7.4733715,4.067505,11.647696],"rotation":{"angle":0.0,"axis":"y","origin":[8.0,3.4285712,9.485714]},"faces":{"east":{"uv":[11.8125,4.1875,12.03125,4.625],"rotation":0,"texture":"#0","tintindex":0},"south":{"uv":[11.8125,4.1875,12.03125,4.625],"rotation":0,"texture":"#0","tintindex":0},"north":{"uv":[11.8125,4.1875,12.03125,4.625],"rotation":0,"texture":"#0","tintindex":0},"west":{"uv":[11.8125,4.1875,12.03125,4.625],"rotation":0,"texture":"#0","tintindex":0},"up":{"uv":[11.8125,4.1875,12.03125,4.625],"rotation":0,"texture":"#0","tintindex":0},"down":{"uv":[11.8125,4.1875,12.03125,4.625],"rotation":0,"texture":"#0","tintindex":0}}},{"from":[8.480457,0.11870432,6.4609523],"to":[10.616229,4.067505,11.647696],"rotation":{"angle":0.0,"axis":"y","origin":[8.0,3.4285712,9.485714]},"faces":{"east":{"uv":[11.8125,4.1875,12.03125,4.625],"rotation":0,"texture":"#0","tintindex":0},"south":{"uv":[11.8125,4.1875,12.03125,4.625],"rotation":0,"texture":"#0","tintindex":0},"north":{"uv":[11.8125,4.1875,12.03125,4.625],"rotation":0,"texture":"#0","tintindex":0},"west":{"uv":[11.8125,4.1875,12.03125,4.625],"rotation":0,"texture":"#0","tintindex":0},"up":{"uv":[11.8125,4.1875,12.03125,4.625],"rotation":0,"texture":"#0","tintindex":0},"down":{"uv":[11.8125,4.1875,12.03125,4.625],"rotation":0,"texture":"#0","tintindex":0}}},{"from":[6.144914,2.2329898,7.9105525],"to":[9.947429,9.966019,12.786438],"rotation":{"angle":0.0,"axis":"y","origin":[8.0,3.4285712,9.485714]},"faces":{"east":{"uv":[2.125,9.0625,2.53125,9.90625],"rotation":0,"texture":"#0","tintindex":0},"south":{"uv":[2.125,9.0625,2.53125,9.90625],"rotation":0,"texture":"#0","tintindex":0},"north":{"uv":[2.125,9.0625,2.53125,9.90625],"rotation":0,"texture":"#0","tintindex":0},"west":{"uv":[2.125,9.0625,2.53125,9.90625],"rotation":0,"texture":"#0","tintindex":0},"up":{"uv":[2.125,9.0625,2.53125,9.90625],"rotation":0,"texture":"#0","tintindex":0},"down":{"uv":[2.125,9.0625,2.53125,9.90625],"rotation":0,"texture":"#0","tintindex":0}}}],"display":{"head":{"translation":[0.0,-6.4,0.0],"scale":[4.0,4.0,4.0]}}}