{"textures":{"0":"modelengine:entity/minotaur"},"elements":[{"from":[6.2594285,2.660571,2.3771424],"to":[9.646857,8.586286,8.438857],"rotation":{"angle":0.0,"axis":"y","origin":[7.839143,3.327714,5.408]},"faces":{"east":{"uv":[7.4375,5.375,8.09375,6.03125],"rotation":0,"texture":"#0","tintindex":0},"south":{"uv":[3.9375,10.4375,4.3125,11.09375],"rotation":0,"texture":"#0","tintindex":0},"north":{"uv":[3.5,10.4375,3.875,11.09375],"rotation":0,"texture":"#0","tintindex":0},"west":{"uv":[7.4375,6.125,8.09375,6.78125],"rotation":0,"texture":"#0","tintindex":0},"up":{"uv":[5.5625,11.09375,5.1875,10.4375],"rotation":0,"texture":"#0","tintindex":0},"down":{"uv":[6.0,10.4375,5.625,11.09375],"rotation":0,"texture":"#0","tintindex":0}}},{"from":[5.6731424,-1.1177149,2.924571],"to":[9.777143,3.181714,7.8914285],"rotation":{"angle":0.0,"axis":"y","origin":[7.839143,3.327714,5.408]},"faces":{"east":{"uv":[11.1875,9.6875,11.625,10.15625],"rotation":0,"texture":"#0","tintindex":0},"south":{"uv":[13.75,9.71875,14.1875,10.1875],"rotation":0,"texture":"#0","tintindex":0},"north":{"uv":[13.15625,9.71875,13.59375,10.1875],"rotation":0,"texture":"#0","tintindex":0},"west":{"uv":[10.0625,9.8125,10.59375,10.28125],"rotation":0,"texture":"#0","tintindex":0},"up":{"uv":[11.125,9.09375,10.6875,8.5625],"rotation":0,"texture":"#0","tintindex":0},"down":{"uv":[10.0625,9.8125,10.59375,10.28125],"rotation":0,"texture":"#0","tintindex":0}}},{"from":[5.477714,3.7291427,1.9862852],"to":[10.443429,7.5074286,8.764571],"rotation":{"angle":0.0,"axis":"y","origin":[7.9605713,5.618285,5.375428]},"faces":{"east":{"uv":[2.125,10.9375,2.491375,11.480625],"rotation":90,"texture":"#0","tintindex":0},"south":{"uv":[2.125,10.9375,2.491375,11.480625],"rotation":90,"texture":"#0","tintindex":0},"north":{"uv":[2.125,10.9375,2.491375,11.480625],"rotation":90,"texture":"#0","tintindex":0},"west":{"uv":[2.125,10.9375,2.491375,11.480625],"rotation":90,"texture":"#0","tintindex":0},"up":{"uv":[2.125,10.9375,2.491375,11.480625],"rotation":90,"texture":"#0","tintindex":0},"down":{"uv":[2.125,10.9375,2.491375,11.480625],"rotation":90,"texture":"#0","tintindex":0}}}],"display":{"head":{"translation":[0.0,-6.4,0.0],"scale":[4.0,4.0,4.0]}}}