{"textures":{"0":"modelengine:entity/minotaur"},"elements":[{"from":[3.440353,5.740646,4.235429],"to":[6.2357817,12.200075,11.850286],"rotation":{"angle":-22.5,"axis":"z","origin":[8.0,8.0,8.0]},"faces":{"east":{"uv":[2.125,10.9375,2.5,11.65625],"rotation":0,"texture":"#0","tintindex":0},"south":{"uv":[2.125,10.9375,2.5,11.65625],"rotation":0,"texture":"#0","tintindex":0},"north":{"uv":[2.125,10.9375,2.5,11.65625],"rotation":0,"texture":"#0","tintindex":0},"west":{"uv":[2.125,10.9375,2.5,11.65625],"rotation":0,"texture":"#0","tintindex":0},"up":{"uv":[2.125,10.9375,2.5,11.65625],"rotation":0,"texture":"#0","tintindex":0},"down":{"uv":[6.5625,9.9375,6.25,10.78125],"rotation":0,"texture":"#0","tintindex":0}}},{"from":[7.998002,6.0210633,4.5782857],"to":[10.736288,11.109063,11.507429],"rotation":{"angle":45.0,"axis":"z","origin":[8.0,8.0,8.0]},"faces":{"east":{"uv":[7.8125,0.625,8.5625,1.1875],"rotation":0,"texture":"#0","tintindex":0},"south":{"uv":[2.5,7.1875,2.8125,7.75],"rotation":180,"texture":"#0","tintindex":0},"north":{"uv":[2.5,7.1875,2.8125,7.75],"rotation":180,"texture":"#0","tintindex":0},"west":{"uv":[5.5625,7.75,6.3125,8.3125],"rotation":0,"texture":"#0","tintindex":0},"up":{"uv":[5.0625,11.5,4.75,10.75],"rotation":0,"texture":"#0","tintindex":0},"down":{"uv":[7.8125,0.625,8.5625,1.1875],"rotation":0,"texture":"#0","tintindex":0}}},{"from":[7.942734,3.6440182,4.4639997],"to":[10.738162,7.4177327,11.278857],"rotation":{"angle":22.5,"axis":"z","origin":[8.0,8.0,8.0]},"faces":{"east":{"uv":[9.4375,6.3125,10.1875,6.71875],"rotation":0,"texture":"#0","tintindex":0},"south":{"uv":[1.0625,11.6875,1.375,12.09375],"rotation":180,"texture":"#0","tintindex":0},"north":{"uv":[1.0625,11.6875,1.375,12.09375],"rotation":180,"texture":"#0","tintindex":0},"west":{"uv":[9.4375,4.3125,10.1875,4.71875],"rotation":0,"texture":"#0","tintindex":0},"up":{"uv":[11.125,4.375,10.8125,3.625],"rotation":0,"texture":"#0","tintindex":0},"down":{"uv":[9.4375,6.3125,10.182875,6.61825],"rotation":90,"texture":"#0","tintindex":0}}},{"from":[5.2551446,2.7639203,4.406857],"to":[8.050573,11.109063,11.678858],"rotation":{"angle":45.0,"axis":"z","origin":[8.0,8.0,8.0]},"faces":{"east":{"uv":[7.875,9.625,8.1875,10.53125],"rotation":0,"texture":"#0","tintindex":0},"south":{"uv":[7.875,9.625,8.1875,10.53125],"rotation":0,"texture":"#0","tintindex":0},"north":{"uv":[7.875,9.625,8.1875,10.53125],"rotation":0,"texture":"#0","tintindex":0},"west":{"uv":[2.25,3.1875,3.03125,4.09375],"rotation":0,"texture":"#0","tintindex":0},"up":{"uv":[9.875,11.21875,9.5625,10.4375],"rotation":0,"texture":"#0","tintindex":0},"down":{"uv":[7.875,9.71875,8.18075,10.514125],"rotation":0,"texture":"#0","tintindex":0}}}],"display":{"head":{"translation":[0.0,-6.4,0.0],"scale":[4.0,4.0,4.0]}}}