{"textures":{"0":"modelengine:entity/minotaur"},"elements":[{"from":[6.0765715,2.4891424,3.0057144],"to":[9.464,8.414857,9.067429],"rotation":{"angle":0.0,"axis":"y","origin":[7.9306664,3.9198093,6.0257144]},"faces":{"east":{"uv":[3.5,10.4375,3.875,11.09375],"rotation":0,"texture":"#0","tintindex":0},"south":{"uv":[3.5,10.4375,3.875,11.09375],"rotation":0,"texture":"#0","tintindex":0},"north":{"uv":[3.5,10.4375,3.875,11.09375],"rotation":0,"texture":"#0","tintindex":0},"west":{"uv":[3.5,10.4375,3.875,11.09375],"rotation":0,"texture":"#0","tintindex":0},"up":{"uv":[3.5,10.4375,3.875,11.09375],"rotation":0,"texture":"#0","tintindex":0},"down":{"uv":[3.5,10.4375,3.875,11.09375],"rotation":0,"texture":"#0","tintindex":0}}},{"from":[5.9462852,-1.2891436,3.4228568],"to":[10.050285,3.0102854,8.650286],"rotation":{"angle":0.0,"axis":"y","origin":[7.9306664,3.9198093,6.0257144]},"faces":{"east":{"uv":[10.0625,9.8125,10.59375,10.28125],"rotation":0,"texture":"#0","tintindex":0},"south":{"uv":[13.15625,9.71875,13.59375,10.1875],"rotation":0,"texture":"#0","tintindex":0},"north":{"uv":[13.75,9.71875,14.1875,10.1875],"rotation":0,"texture":"#0","tintindex":0},"west":{"uv":[11.1875,9.6875,11.625,10.15625],"rotation":0,"texture":"#0","tintindex":0},"up":{"uv":[10.5,10.9375,10.0625,10.375],"rotation":0,"texture":"#0","tintindex":0},"down":{"uv":[10.0625,9.8125,10.59375,10.28125],"rotation":0,"texture":"#0","tintindex":0}}},{"from":[5.540571,3.557714,2.6148572],"to":[10.506286,7.336,9.393143],"rotation":{"angle":0.0,"axis":"y","origin":[7.9306664,3.9198093,6.0257144]},"faces":{"east":{"uv":[2.125,10.9375,2.491375,11.480625],"rotation":90,"texture":"#0","tintindex":0},"south":{"uv":[2.125,10.9375,2.491375,11.480625],"rotation":90,"texture":"#0","tintindex":0},"north":{"uv":[2.125,10.9375,2.491375,11.480625],"rotation":90,"texture":"#0","tintindex":0},"west":{"uv":[2.125,10.9375,2.491375,11.480625],"rotation":90,"texture":"#0","tintindex":0},"up":{"uv":[2.125,10.9375,2.491375,11.480625],"rotation":90,"texture":"#0","tintindex":0},"down":{"uv":[2.125,10.9375,2.491375,11.480625],"rotation":90,"texture":"#0","tintindex":0}}}],"display":{"head":{"translation":[0.0,-6.4,0.0],"scale":[4.0,4.0,4.0]}}}