{"textures":{"0":"modelengine:entity/minotaur"},"elements":[{"from":[8.607777,20.32,10.10766],"to":[8.607777,32.0,17.209358],"rotation":{"angle":0.0,"axis":"y","origin":[8.637718,17.606266,7.877977]},"faces":{"east":{"uv":[12.75,13.21875,13.75625,13.6875],"rotation":90,"texture":"#0","tintindex":0},"south":{"uv":[0.171875,0.46875,0.1875,0.5],"rotation":0,"texture":"#0","tintindex":0},"north":{"uv":[0.1875,0.375,0.171875,0.40625],"rotation":0,"texture":"#0","tintindex":0},"west":{"uv":[13.75,13.21875,14.74375,13.6875],"rotation":270,"texture":"#0","tintindex":0},"up":{"uv":[12.75,13.21875,13.75,13.6875],"rotation":0,"texture":"#0","tintindex":0},"down":{"uv":[13.75,13.21875,14.75,13.6875],"rotation":180,"texture":"#0","tintindex":0}}},{"from":[8.647777,20.32,-1.514739],"to":[8.647777,32.0,5.586959],"rotation":{"angle":0.0,"axis":"y","origin":[8.637718,17.606266,7.877977]},"faces":{"east":{"uv":[12.75,13.21875,13.75625,13.6875],"rotation":270,"texture":"#0","tintindex":0},"south":{"uv":[0.171875,0.46875,0.1875,0.5],"rotation":0,"texture":"#0","tintindex":0},"north":{"uv":[0.1875,0.375,0.171875,0.40625],"rotation":0,"texture":"#0","tintindex":0},"west":{"uv":[13.75,13.21875,14.74375,13.6875],"rotation":90,"texture":"#0","tintindex":0},"up":{"uv":[13.75,13.21875,14.75,13.6875],"rotation":180,"texture":"#0","tintindex":0},"down":{"uv":[12.75,13.21875,13.75,13.6875],"rotation":0,"texture":"#0","tintindex":0}}},{"from":[7.8477764,24.112001,6.1547623],"to":[9.447201,28.208,9.518861],"rotation":{"angle":0.0,"axis":"y","origin":[8.637718,17.606266,7.877977]},"faces":{"east":{"uv":[14.0625,11.875,14.71866,12.41314],"rotation":180,"texture":"#0","tintindex":0},"south":{"uv":[14.15625,13.34375,14.46875,13.59375],"rotation":180,"texture":"#0","tintindex":0},"north":{"uv":[14.15625,13.34375,14.46875,13.59375],"rotation":180,"texture":"#0","tintindex":0},"west":{"uv":[14.15625,13.34375,14.46875,13.59375],"rotation":180,"texture":"#0","tintindex":0},"up":{"uv":[14.0625,11.875,14.71866,12.41314],"rotation":180,"texture":"#0","tintindex":0},"down":{"uv":[14.15625,13.34375,14.46875,13.59375],"rotation":180,"texture":"#0","tintindex":0}}},{"from":[7.6941767,-9.625713,6.7667356],"to":[9.613601,-5.7697134,9.170834],"rotation":{"angle":0.0,"axis":"y","origin":[8.637718,17.606266,7.877977]},"faces":{"east":{"uv":[14.09375,11.9375,14.69366,12.31314],"rotation":180,"texture":"#0","tintindex":0},"south":{"uv":[14.09375,11.9375,14.69366,12.31314],"rotation":180,"texture":"#0","tintindex":0},"north":{"uv":[14.09375,11.9375,14.69366,12.31314],"rotation":180,"texture":"#0","tintindex":0},"west":{"uv":[14.09375,11.9375,14.69366,12.31314],"rotation":180,"texture":"#0","tintindex":0},"up":{"uv":[14.09375,11.9375,14.69366,12.31314],"rotation":180,"texture":"#0","tintindex":0},"down":{"uv":[14.09375,11.9375,14.69366,12.31314],"rotation":180,"texture":"#0","tintindex":0}}},{"from":[7.9885764,-6.744689,7.290834],"to":[9.255201,24.135311,8.570834],"rotation":{"angle":0.0,"axis":"y","origin":[8.637718,17.606266,7.877977]},"faces":{"east":{"uv":[7.375,13.3125,10.69791,13.5125],"rotation":0,"texture":"#0","tintindex":0},"south":{"uv":[10.9375,14.65625,14.26041,14.85625],"rotation":0,"texture":"#0","tintindex":0},"north":{"uv":[10.9375,14.65625,14.26041,14.85625],"rotation":0,"texture":"#0","tintindex":0},"west":{"uv":[7.375,13.3125,10.69791,13.5125],"rotation":0,"texture":"#0","tintindex":0},"up":{"uv":[10.9375,14.65625,14.26041,14.85625],"rotation":0,"texture":"#0","tintindex":0},"down":{"uv":[7.375,13.3125,10.69791,13.5125],"rotation":0,"texture":"#0","tintindex":0}}},{"from":[8.201377,24.8992,5.5659623],"to":[9.093601,27.420801,10.10766],"rotation":{"angle":0.0,"axis":"y","origin":[8.637718,17.606266,7.877977]},"faces":{"east":{"uv":[14.15625,13.34375,14.514703,13.483813],"rotation":180,"texture":"#0","tintindex":0},"south":{"uv":[14.15625,13.34375,14.514703,13.483813],"rotation":180,"texture":"#0","tintindex":0},"north":{"uv":[14.15625,13.34375,14.514703,13.483813],"rotation":180,"texture":"#0","tintindex":0},"west":{"uv":[14.15625,13.34375,14.514703,13.483813],"rotation":180,"texture":"#0","tintindex":0},"up":{"uv":[14.15625,13.34375,14.514703,13.483813],"rotation":180,"texture":"#0","tintindex":0},"down":{"uv":[14.15625,13.34375,14.514703,13.483813],"rotation":180,"texture":"#0","tintindex":0}}}],"display":{"head":{"translation":[0.0,-1.6809907,0.0],"scale":[4.0,4.0,4.0]}}}