{"textures":{"0":"modelengine:entity/minotaur"},"elements":[{"from":[4.5571427,9.542857,7.357143],"to":[11.528572,16.171429,14.157143],"rotation":{"angle":0.0,"axis":"y","origin":[8.04018,12.052607,12.062182]},"faces":{"east":{"uv":[0.0,8.875,0.59375,9.4375],"rotation":0,"texture":"#0","tintindex":0},"south":{"uv":[0.0,8.875,0.59375,9.4375],"rotation":0,"texture":"#0","tintindex":0},"north":{"uv":[5.6875,3.0,6.4375,3.71875],"rotation":0,"texture":"#0","tintindex":0},"west":{"uv":[4.125,6.3125,4.875,7.03125],"rotation":0,"texture":"#0","tintindex":0},"up":{"uv":[0.0,8.875,0.59375,9.4375],"rotation":0,"texture":"#0","tintindex":0},"down":{"uv":[4.875,5.5,4.125,6.25],"rotation":0,"texture":"#0","tintindex":0}}},{"from":[3.5856771,12.77615,7.242857],"to":[6.3856773,13.861864,7.8714285],"rotation":{"angle":-22.5,"axis":"z","origin":[8.04018,12.052607,12.062182]},"faces":{"east":{"uv":[0.75,4.4375,0.8125,4.5625],"rotation":0,"texture":"#0","tintindex":0},"south":{"uv":[9.5,2.75,9.8125,2.875],"rotation":0,"texture":"#0","tintindex":0},"north":{"uv":[7.0625,7.875,7.375,8.0],"rotation":0,"texture":"#0","tintindex":0},"west":{"uv":[0.75,4.625,0.8125,4.75],"rotation":0,"texture":"#0","tintindex":0},"up":{"uv":[6.8125,3.75,6.5,3.6875],"rotation":0,"texture":"#0","tintindex":0},"down":{"uv":[4.6875,7.8125,4.375,7.875],"rotation":0,"texture":"#0","tintindex":0}}},{"from":[9.667216,12.833471,7.242857],"to":[12.4672165,13.919187,7.8714285],"rotation":{"angle":22.5,"axis":"z","origin":[8.04018,12.052607,12.062182]},"faces":{"east":{"uv":[0.75,4.8125,0.8125,4.9375],"rotation":0,"texture":"#0","tintindex":0},"south":{"uv":[10.8125,4.4375,11.125,4.5625],"rotation":0,"texture":"#0","tintindex":0},"north":{"uv":[0.9375,9.6875,1.25,9.8125],"rotation":0,"texture":"#0","tintindex":0},"west":{"uv":[7.3125,5.375,7.375,5.5],"rotation":0,"texture":"#0","tintindex":0},"up":{"uv":[9.75,0.5625,9.4375,0.5],"rotation":0,"texture":"#0","tintindex":0},"down":{"uv":[10.1875,7.75,9.875,7.8125],"rotation":0,"texture":"#0","tintindex":0}}},{"from":[4.785714,10.349775,13.333551],"to":[11.3,15.092633,15.390695],"rotation":{"angle":-22.5,"axis":"x","origin":[8.04018,12.052607,12.062182]},"faces":{"east":{"uv":[0.0,8.875,0.55625,9.39375],"rotation":0,"texture":"#0","tintindex":0},"south":{"uv":[0.0,8.875,0.55625,9.39375],"rotation":0,"texture":"#0","tintindex":0},"north":{"uv":[0.0,8.875,0.55625,9.39375],"rotation":0,"texture":"#0","tintindex":0},"west":{"uv":[0.0,8.875,0.55625,9.39375],"rotation":0,"texture":"#0","tintindex":0},"up":{"uv":[0.0,8.875,0.55625,9.39375],"rotation":0,"texture":"#0","tintindex":0},"down":{"uv":[0.0,8.875,0.55625,9.39375],"rotation":0,"texture":"#0","tintindex":0}}},{"from":[4.957143,7.010305,14.017543],"to":[11.1285715,11.753162,15.788972],"rotation":{"angle":0.0,"axis":"y","origin":[8.04018,12.052607,12.062182]},"faces":{"east":{"uv":[11.3125,4.5625,11.71875,5.0625],"rotation":0,"texture":"#0","tintindex":0},"south":{"uv":[11.3125,4.5625,11.71875,5.0625],"rotation":0,"texture":"#0","tintindex":0},"north":{"uv":[11.3125,4.5625,11.71875,5.0625],"rotation":0,"texture":"#0","tintindex":0},"west":{"uv":[11.3125,4.5625,11.71875,5.0625],"rotation":0,"texture":"#0","tintindex":0},"up":{"uv":[11.3125,4.5625,11.71875,5.0625],"rotation":0,"texture":"#0","tintindex":0},"down":{"uv":[11.3125,4.5625,11.71875,5.0625],"rotation":0,"texture":"#0","tintindex":0}}},{"from":[8.042857,7.010305,15.731829],"to":[8.042857,12.324591,19.78897],"rotation":{"angle":0.0,"axis":"y","origin":[8.04018,12.052607,12.062182]},"faces":{"east":{"uv":[3.75,13.5,4.46875,14.6875],"rotation":0,"texture":"#0","tintindex":0},"south":{"uv":[10.375,12.6875,10.375,13.28125],"rotation":0,"texture":"#0","tintindex":0},"north":{"uv":[1.875,12.6875,1.875,13.28125],"rotation":0,"texture":"#0","tintindex":0},"west":{"uv":[6.0,13.5,6.71875,14.6875],"rotation":0,"texture":"#0","tintindex":0},"up":{"uv":[9.1875,1.6875,9.1875,1.25],"rotation":0,"texture":"#0","tintindex":0},"down":{"uv":[3.4375,10.5,3.4375,10.9375],"rotation":0,"texture":"#0","tintindex":0}}},{"from":[8.042857,10.320718,15.011556],"to":[8.042857,15.635004,19.068699],"rotation":{"angle":-22.5,"axis":"x","origin":[8.04018,12.052607,12.062182]},"faces":{"east":{"uv":[3.75,13.5,4.46875,14.6875],"rotation":0,"texture":"#0","tintindex":0},"south":{"uv":[10.375,12.6875,10.375,13.28125],"rotation":0,"texture":"#0","tintindex":0},"north":{"uv":[1.875,12.6875,1.875,13.28125],"rotation":0,"texture":"#0","tintindex":0},"west":{"uv":[6.0,13.5,6.71875,14.6875],"rotation":0,"texture":"#0","tintindex":0},"up":{"uv":[9.1875,1.6875,9.1875,1.25],"rotation":0,"texture":"#0","tintindex":0},"down":{"uv":[3.4375,10.5,3.4375,10.9375],"rotation":0,"texture":"#0","tintindex":0}}},{"from":[5.0714283,7.2,9.014286],"to":[10.842857,9.428572,14.728571],"rotation":{"angle":0.0,"axis":"y","origin":[8.04018,12.052607,12.062182]},"faces":{"east":{"uv":[3.6875,11.625,4.3125,11.875],"rotation":0,"texture":"#0","tintindex":0},"south":{"uv":[4.375,11.625,5.0,11.875],"rotation":0,"texture":"#0","tintindex":0},"north":{"uv":[0.0,11.625,0.625,11.875],"rotation":0,"texture":"#0","tintindex":0},"west":{"uv":[11.625,5.75,12.25,6.0],"rotation":0,"texture":"#0","tintindex":0},"up":{"uv":[8.6875,3.125,8.0625,2.5],"rotation":0,"texture":"#0","tintindex":0},"down":{"uv":[0.625,8.1875,0.0,8.8125],"rotation":0,"texture":"#0","tintindex":0}}},{"from":[5.8999996,11.21256,5.166666],"to":[10.414286,14.241132,10.5380945],"rotation":{"angle":-22.5,"axis":"x","origin":[8.04018,12.052607,12.062182]},"faces":{"east":{"uv":[2.5625,6.40625,2.0625,6.125],"rotation":0,"texture":"#0","tintindex":0},"south":{"uv":[2.5625,6.40625,2.0625,5.8125],"rotation":0,"texture":"#0","tintindex":0},"north":{"uv":[2.5625,6.40625,2.0625,6.125],"rotation":0,"texture":"#0","tintindex":0},"west":{"uv":[2.5625,6.40625,2.0625,6.125],"rotation":0,"texture":"#0","tintindex":0},"up":{"uv":[2.5625,6.40625,2.0625,5.8125],"rotation":0,"texture":"#0","tintindex":0},"down":{"uv":[2.5625,6.40625,2.0625,5.8125],"rotation":0,"texture":"#0","tintindex":0}}},{"from":[6.357143,8.853142,4.5106115],"to":[9.728572,11.367428,5.367754],"rotation":{"angle":-22.5,"axis":"x","origin":[8.042857,10.110285,4.9391828]},"faces":{"east":{"uv":[8.875,12.625,8.96875,12.90625],"rotation":0,"texture":"#0","tintindex":0},"south":{"uv":[7.3125,11.75,7.6875,12.03125],"rotation":0,"texture":"#0","tintindex":0},"north":{"uv":[6.875,11.75,7.25,12.03125],"rotation":0,"texture":"#0","tintindex":0},"west":{"uv":[10.6875,12.625,10.78125,12.90625],"rotation":0,"texture":"#0","tintindex":0},"up":{"uv":[8.3125,12.59375,7.9375,12.5],"rotation":0,"texture":"#0","tintindex":0},"down":{"uv":[12.875,8.25,12.5,8.34375],"rotation":0,"texture":"#0","tintindex":0}}},{"from":[5.5571427,4.235318,5.3097887],"to":[10.528572,9.035318,5.3097887],"rotation":{"angle":-22.5,"axis":"x","origin":[8.042857,10.028888,7.521925]},"faces":{"east":{"uv":[8.25,8.875,8.25,9.40625],"rotation":0,"texture":"#0","tintindex":0},"south":{"uv":[14.1875,3.5625,14.71875,4.09375],"rotation":0,"texture":"#0","tintindex":0},"north":{"uv":[9.4375,9.8125,9.96875,10.34375],"rotation":0,"texture":"#0","tintindex":0},"west":{"uv":[5.0,12.625,5.0,13.15625],"rotation":0,"texture":"#0","tintindex":0},"up":{"uv":[6.46875,2.4375,5.9375,2.4375],"rotation":0,"texture":"#0","tintindex":0},"down":{"uv":[6.71875,0.6875,6.1875,0.6875],"rotation":0,"texture":"#0","tintindex":0}}},{"from":[3.6999998,10.4,7.5285716],"to":[12.385715,12.971429,11.7],"rotation":{"angle":0.0,"axis":"y","origin":[8.042857,10.028888,7.521925]},"faces":{"east":{"uv":[11.625,6.0625,12.09375,6.34375],"rotation":0,"texture":"#0","tintindex":0},"south":{"uv":[10.0,0.5,10.9375,0.78125],"rotation":0,"texture":"#0","tintindex":0},"north":{"uv":[9.875,3.25,10.8125,3.53125],"rotation":0,"texture":"#0","tintindex":0},"west":{"uv":[11.625,6.4375,12.09375,6.71875],"rotation":0,"texture":"#0","tintindex":0},"up":{"uv":[7.5625,2.40625,6.625,1.9375],"rotation":0,